tar -xf yt-dlp-2026.02.21.tar.gz
* Getting dependencies for wheel...
* Building wheel...
Successfully built yt_dlp-2026.2.21-py3-none-any.whl
gzip: /home/sektor/projects/slackbuilds/ap/yt-dlp/pkg/usr/man/man1/yt-dlp.1.gz already has .gz suffix -- unchanged
/home/sektor/projects/slackbuilds/ap/yt-dlp/pkg:
total 0
drwxr-xr-x 1 root root 20 Feb 21 17:46 install
drwxr-xr-x 1 root root 30 Feb 21 17:46 usr

/home/sektor/projects/slackbuilds/ap/yt-dlp/pkg/install:
total 4
-rw-r--r-- 1 root root 323 Feb 21 17:46 slack-desc

/home/sektor/projects/slackbuilds/ap/yt-dlp/pkg/usr:
total 0
drwxr-xr-x 1 root root 12 Feb 21 17:46 bin
drwxr-xr-x 1 root root 34 Feb 21 17:46 doc
drwxr-xr-x 1 root root 20 Feb 21 17:46 lib
drwxr-xr-x 1 root root  8 Feb 21 17:46 man
drwxr-xr-x 1 root root 34 Feb 21 17:46 src

/home/sektor/projects/slackbuilds/ap/yt-dlp/pkg/usr/bin:
total 4
-rwxr-xr-x 1 root root 208 Feb 21 17:46 yt-dlp

/home/sektor/projects/slackbuilds/ap/yt-dlp/pkg/usr/doc:
total 0
drwxr-xr-x 1 root root 148 Feb 21 17:46 yt-dlp-2026.02.21

/home/sektor/projects/slackbuilds/ap/yt-dlp/pkg/usr/doc/yt-dlp-2026.02.21:
total 1000
-rw-r--r-- 1 root root  39185 Feb 21 15:22 CONTRIBUTING.md
-rw-r--r-- 1 root root 726014 Feb 21 15:22 Changelog.md
-rw-r--r-- 1 root root   1211 Feb 21 15:22 LICENSE
-rw-r--r-- 1 root root   4494 Feb 21 15:22 Maintainers.md
-rw-r--r-- 1 root root 178300 Feb 21 15:22 README.md
-rw-r--r-- 1 root root  58290 Feb 21 15:22 supportedsites.md

/home/sektor/projects/slackbuilds/ap/yt-dlp/pkg/usr/lib:
total 0
drwxr-xr-x 1 root root 26 Feb 21 17:46 python3.11

/home/sektor/projects/slackbuilds/ap/yt-dlp/pkg/usr/lib/python3.11:
total 0
drwxr-xr-x 1 root root 64 Feb 21 17:46 site-packages

/home/sektor/projects/slackbuilds/ap/yt-dlp/pkg/usr/lib/python3.11/site-packages:
total 0
drwxr-xr-x 1 root root 474 Feb 21 17:46 yt_dlp
drwxr-xr-x 1 root root  86 Feb 21 17:46 yt_dlp-2026.2.21.dist-info

/home/sektor/projects/slackbuilds/ap/yt-dlp/pkg/usr/lib/python3.11/site-packages/yt_dlp:
total 572
-rw-r--r-- 1 root root 216827 Feb 21 17:46 YoutubeDL.py
-rw-r--r-- 1 root root  47897 Feb 21 17:46 __init__.py
-rw-r--r-- 1 root root    367 Feb 21 17:46 __main__.py
drwxr-xr-x 1 root root   1552 Feb 21 17:46 __pycache__
drwxr-xr-x 1 root root     72 Feb 21 17:46 __pyinstaller
-rw-r--r-- 1 root root  22033 Feb 21 17:46 aes.py
-rw-r--r-- 1 root root   3370 Feb 21 17:46 cache.py
drwxr-xr-x 1 root root    170 Feb 21 17:46 compat
-rw-r--r-- 1 root root  59010 Feb 21 17:46 cookies.py
drwxr-xr-x 1 root root     70 Feb 21 17:46 dependencies
drwxr-xr-x 1 root root    348 Feb 21 17:46 downloader
drwxr-xr-x 1 root root  21482 Feb 21 17:46 extractor
-rw-r--r-- 1 root root   1259 Feb 21 17:46 globals.py
-rw-r--r-- 1 root root  39200 Feb 21 17:46 jsinterp.py
-rw-r--r-- 1 root root   5328 Feb 21 17:46 minicurses.py
drwxr-xr-x 1 root root    256 Feb 21 17:46 networking
-rw-r--r-- 1 root root 100639 Feb 21 17:46 options.py
-rw-r--r-- 1 root root   8215 Feb 21 17:46 plugins.py
drwxr-xr-x 1 root root    298 Feb 21 17:46 postprocessor
-rw-r--r-- 1 root root   8936 Feb 21 17:46 socks.py
-rw-r--r-- 1 root root  25280 Feb 21 17:46 update.py
drwxr-xr-x 1 root root    218 Feb 21 17:46 utils
-rw-r--r-- 1 root root    250 Feb 21 17:46 version.py
-rw-r--r-- 1 root root  11451 Feb 21 17:46 webvtt.py

/home/sektor/projects/slackbuilds/ap/yt-dlp/pkg/usr/lib/python3.11/site-packages/yt_dlp/__pycache__:
total 1504
-rw-r--r-- 1 root root 295767 Feb 21 17:46 YoutubeDL.cpython-311.opt-1.pyc
-rw-r--r-- 1 root root 297413 Feb 21 17:46 YoutubeDL.cpython-311.pyc
-rw-r--r-- 1 root root  64015 Feb 21 17:46 __init__.cpython-311.opt-1.pyc
-rw-r--r-- 1 root root  64015 Feb 21 17:46 __init__.cpython-311.pyc
-rw-r--r-- 1 root root    813 Feb 21 17:46 __main__.cpython-311.opt-1.pyc
-rw-r--r-- 1 root root    813 Feb 21 17:46 __main__.cpython-311.pyc
-rw-r--r-- 1 root root  27269 Feb 21 17:46 aes.cpython-311.opt-1.pyc
-rw-r--r-- 1 root root  27269 Feb 21 17:46 aes.cpython-311.pyc
-rw-r--r-- 1 root root   7047 Feb 21 17:46 cache.cpython-311.opt-1.pyc
-rw-r--r-- 1 root root   7263 Feb 21 17:46 cache.cpython-311.pyc
-rw-r--r-- 1 root root  80144 Feb 21 17:46 cookies.cpython-311.opt-1.pyc
-rw-r--r-- 1 root root  80199 Feb 21 17:46 cookies.cpython-311.pyc
-rw-r--r-- 1 root root   1727 Feb 21 17:46 globals.cpython-311.opt-1.pyc
-rw-r--r-- 1 root root   1727 Feb 21 17:46 globals.cpython-311.pyc
-rw-r--r-- 1 root root  57161 Feb 21 17:46 jsinterp.cpython-311.opt-1.pyc
-rw-r--r-- 1 root root  57314 Feb 21 17:46 jsinterp.cpython-311.pyc
-rw-r--r-- 1 root root   9839 Feb 21 17:46 minicurses.cpython-311.opt-1.pyc
-rw-r--r-- 1 root root   9839 Feb 21 17:46 minicurses.cpython-311.pyc
-rw-r--r-- 1 root root 112131 Feb 21 17:46 options.cpython-311.opt-1.pyc
-rw-r--r-- 1 root root 112511 Feb 21 17:46 options.cpython-311.pyc
-rw-r--r-- 1 root root  15549 Feb 21 17:46 plugins.cpython-311.opt-1.pyc
-rw-r--r-- 1 root root  15549 Feb 21 17:46 plugins.cpython-311.pyc
-rw-r--r-- 1 root root  14886 Feb 21 17:46 socks.cpython-311.opt-1.pyc
-rw-r--r-- 1 root root  15015 Feb 21 17:46 socks.cpython-311.pyc
-rw-r--r-- 1 root root  36058 Feb 21 17:46 update.cpython-311.opt-1.pyc
-rw-r--r-- 1 root root  36138 Feb 21 17:46 update.cpython-311.pyc
-rw-r--r-- 1 root root    378 Feb 21 17:46 version.cpython-311.opt-1.pyc
-rw-r--r-- 1 root root    378 Feb 21 17:46 version.cpython-311.pyc
-rw-r--r-- 1 root root  19154 Feb 21 17:46 webvtt.cpython-311.opt-1.pyc
-rw-r--r-- 1 root root  19154 Feb 21 17:46 webvtt.cpython-311.pyc

/home/sektor/projects/slackbuilds/ap/yt-dlp/pkg/usr/lib/python3.11/site-packages/yt_dlp/__pyinstaller:
total 8
-rw-r--r-- 1 root root   72 Feb 21 17:46 __init__.py
drwxr-xr-x 1 root root  228 Feb 21 17:46 __pycache__
-rw-r--r-- 1 root root 1339 Feb 21 17:46 hook-yt_dlp.py

/home/sektor/projects/slackbuilds/ap/yt-dlp/pkg/usr/lib/python3.11/site-packages/yt_dlp/__pyinstaller/__pycache__:
total 16
-rw-r--r-- 1 root root  435 Feb 21 17:46 __init__.cpython-311.opt-1.pyc
-rw-r--r-- 1 root root  435 Feb 21 17:46 __init__.cpython-311.pyc
-rw-r--r-- 1 root root 2014 Feb 21 17:46 hook-yt_dlp.cpython-311.opt-1.pyc
-rw-r--r-- 1 root root 2014 Feb 21 17:46 hook-yt_dlp.cpython-311.pyc

/home/sektor/projects/slackbuilds/ap/yt-dlp/pkg/usr/lib/python3.11/site-packages/yt_dlp/compat:
total 28
-rw-r--r-- 1 root root 2323 Feb 21 17:46 __init__.py
drwxr-xr-x 1 root root  656 Feb 21 17:46 __pycache__
-rw-r--r-- 1 root root  570 Feb 21 17:46 _deprecated.py
-rw-r--r-- 1 root root 4211 Feb 21 17:46 _legacy.py
-rw-r--r-- 1 root root 2579 Feb 21 17:46 compat_utils.py
-rw-r--r-- 1 root root  582 Feb 21 17:46 imghdr.py
-rw-r--r-- 1 root root  859 Feb 21 17:46 shutil.py
drwxr-xr-x 1 root root   64 Feb 21 17:46 urllib

/home/sektor/projects/slackbuilds/ap/yt-dlp/pkg/usr/lib/python3.11/site-packages/yt_dlp/compat/__pycache__:
total 64
-rw-r--r-- 1 root root 3852 Feb 21 17:46 __init__.cpython-311.opt-1.pyc
-rw-r--r-- 1 root root 3852 Feb 21 17:46 __init__.cpython-311.pyc
-rw-r--r-- 1 root root 1143 Feb 21 17:46 _deprecated.cpython-311.opt-1.pyc
-rw-r--r-- 1 root root 1143 Feb 21 17:46 _deprecated.cpython-311.pyc
-rw-r--r-- 1 root root 6248 Feb 21 17:46 _legacy.cpython-311.opt-1.pyc
-rw-r--r-- 1 root root 6248 Feb 21 17:46 _legacy.cpython-311.pyc
-rw-r--r-- 1 root root 5990 Feb 21 17:46 compat_utils.cpython-311.opt-1.pyc
-rw-r--r-- 1 root root 5990 Feb 21 17:46 compat_utils.cpython-311.pyc
-rw-r--r-- 1 root root 1205 Feb 21 17:46 imghdr.cpython-311.opt-1.pyc
-rw-r--r-- 1 root root 1205 Feb 21 17:46 imghdr.cpython-311.pyc
-rw-r--r-- 1 root root 1650 Feb 21 17:46 shutil.cpython-311.opt-1.pyc
-rw-r--r-- 1 root root 1650 Feb 21 17:46 shutil.cpython-311.pyc

/home/sektor/projects/slackbuilds/ap/yt-dlp/pkg/usr/lib/python3.11/site-packages/yt_dlp/compat/urllib:
total 8
-rw-r--r-- 1 root root  229 Feb 21 17:46 __init__.py
drwxr-xr-x 1 root root  212 Feb 21 17:46 __pycache__
-rw-r--r-- 1 root root 1481 Feb 21 17:46 request.py

/home/sektor/projects/slackbuilds/ap/yt-dlp/pkg/usr/lib/python3.11/site-packages/yt_dlp/compat/urllib/__pycache__:
total 16
-rw-r--r-- 1 root root  403 Feb 21 17:46 __init__.cpython-311.opt-1.pyc
-rw-r--r-- 1 root root  403 Feb 21 17:46 __init__.cpython-311.pyc
-rw-r--r-- 1 root root 1312 Feb 21 17:46 request.cpython-311.opt-1.pyc
-rw-r--r-- 1 root root 1312 Feb 21 17:46 request.cpython-311.pyc

/home/sektor/projects/slackbuilds/ap/yt-dlp/pkg/usr/lib/python3.11/site-packages/yt_dlp/dependencies:
total 8
-rw-r--r-- 1 root root 1423 Feb 21 17:46 Cryptodome.py
-rw-r--r-- 1 root root 2277 Feb 21 17:46 __init__.py
drwxr-xr-x 1 root root  224 Feb 21 17:46 __pycache__

/home/sektor/projects/slackbuilds/ap/yt-dlp/pkg/usr/lib/python3.11/site-packages/yt_dlp/dependencies/__pycache__:
total 16
-rw-r--r-- 1 root root 1902 Feb 21 17:46 Cryptodome.cpython-311.opt-1.pyc
-rw-r--r-- 1 root root 1902 Feb 21 17:46 Cryptodome.cpython-311.pyc
-rw-r--r-- 1 root root 3336 Feb 21 17:46 __init__.cpython-311.opt-1.pyc
-rw-r--r-- 1 root root 3336 Feb 21 17:46 __init__.cpython-311.pyc

/home/sektor/projects/slackbuilds/ap/yt-dlp/pkg/usr/lib/python3.11/site-packages/yt_dlp/downloader:
total 216
-rw-r--r-- 1 root root  4572 Feb 21 17:46 __init__.py
drwxr-xr-x 1 root root  1804 Feb 21 17:46 __pycache__
-rw-r--r-- 1 root root  1762 Feb 21 17:46 bunnycdn.py
-rw-r--r-- 1 root root 20700 Feb 21 17:46 common.py
-rw-r--r-- 1 root root  3936 Feb 21 17:46 dash.py
-rw-r--r-- 1 root root 28916 Feb 21 17:46 external.py
-rw-r--r-- 1 root root 15326 Feb 21 17:46 f4m.py
-rw-r--r-- 1 root root  1324 Feb 21 17:46 fc2.py
-rw-r--r-- 1 root root 21694 Feb 21 17:46 fragment.py
-rw-r--r-- 1 root root 19559 Feb 21 17:46 hls.py
-rw-r--r-- 1 root root 16515 Feb 21 17:46 http.py
-rw-r--r-- 1 root root 11630 Feb 21 17:46 ism.py
-rw-r--r-- 1 root root  5789 Feb 21 17:46 mhtml.py
-rw-r--r-- 1 root root  3612 Feb 21 17:46 niconico.py
-rw-r--r-- 1 root root  8851 Feb 21 17:46 rtmp.py
-rw-r--r-- 1 root root  1477 Feb 21 17:46 rtsp.py
-rw-r--r-- 1 root root  2432 Feb 21 17:46 soop.py
-rw-r--r-- 1 root root  1772 Feb 21 17:46 websocket.py
-rw-r--r-- 1 root root 10875 Feb 21 17:46 youtube_live_chat.py

/home/sektor/projects/slackbuilds/ap/yt-dlp/pkg/usr/lib/python3.11/site-packages/yt_dlp/downloader/__pycache__:
total 568
-rw-r--r-- 1 root root  5903 Feb 21 17:46 __init__.cpython-311.opt-1.pyc
-rw-r--r-- 1 root root  5903 Feb 21 17:46 __init__.cpython-311.pyc
-rw-r--r-- 1 root root  3309 Feb 21 17:46 bunnycdn.cpython-311.opt-1.pyc
-rw-r--r-- 1 root root  3309 Feb 21 17:46 bunnycdn.cpython-311.pyc
-rw-r--r-- 1 root root 32823 Feb 21 17:46 common.cpython-311.opt-1.pyc
-rw-r--r-- 1 root root 32823 Feb 21 17:46 common.cpython-311.pyc
-rw-r--r-- 1 root root  5649 Feb 21 17:46 dash.cpython-311.opt-1.pyc
-rw-r--r-- 1 root root  5669 Feb 21 17:46 dash.cpython-311.pyc
-rw-r--r-- 1 root root 40086 Feb 21 17:46 external.cpython-311.opt-1.pyc
-rw-r--r-- 1 root root 40238 Feb 21 17:46 external.cpython-311.pyc
-rw-r--r-- 1 root root 21259 Feb 21 17:46 f4m.cpython-311.opt-1.pyc
-rw-r--r-- 1 root root 21383 Feb 21 17:46 f4m.cpython-311.pyc
-rw-r--r-- 1 root root  2634 Feb 21 17:46 fc2.cpython-311.opt-1.pyc
-rw-r--r-- 1 root root  2634 Feb 21 17:46 fc2.cpython-311.pyc
-rw-r--r-- 1 root root 30290 Feb 21 17:46 fragment.cpython-311.opt-1.pyc
-rw-r--r-- 1 root root 30368 Feb 21 17:46 fragment.cpython-311.pyc
-rw-r--r-- 1 root root 18654 Feb 21 17:46 hls.cpython-311.opt-1.pyc
-rw-r--r-- 1 root root 18796 Feb 21 17:46 hls.cpython-311.pyc
-rw-r--r-- 1 root root 16725 Feb 21 17:46 http.cpython-311.opt-1.pyc
-rw-r--r-- 1 root root 16755 Feb 21 17:46 http.cpython-311.pyc
-rw-r--r-- 1 root root 16592 Feb 21 17:46 ism.cpython-311.opt-1.pyc
-rw-r--r-- 1 root root 16625 Feb 21 17:46 ism.cpython-311.pyc
-rw-r--r-- 1 root root  8713 Feb 21 17:46 mhtml.cpython-311.opt-1.pyc
-rw-r--r-- 1 root root  8733 Feb 21 17:46 mhtml.cpython-311.pyc
-rw-r--r-- 1 root root  5354 Feb 21 17:46 niconico.cpython-311.opt-1.pyc
-rw-r--r-- 1 root root  5354 Feb 21 17:46 niconico.cpython-311.pyc
-rw-r--r-- 1 root root  9570 Feb 21 17:46 rtmp.cpython-311.opt-1.pyc
-rw-r--r-- 1 root root  9570 Feb 21 17:46 rtmp.cpython-311.pyc
-rw-r--r-- 1 root root  2352 Feb 21 17:46 rtsp.cpython-311.opt-1.pyc
-rw-r--r-- 1 root root  2352 Feb 21 17:46 rtsp.cpython-311.pyc
-rw-r--r-- 1 root root  4166 Feb 21 17:46 soop.cpython-311.opt-1.pyc
-rw-r--r-- 1 root root  4166 Feb 21 17:46 soop.cpython-311.pyc
-rw-r--r-- 1 root root  5118 Feb 21 17:46 websocket.cpython-311.opt-1.pyc
-rw-r--r-- 1 root root  5118 Feb 21 17:46 websocket.cpython-311.pyc
-rw-r--r-- 1 root root 14660 Feb 21 17:46 youtube_live_chat.cpython-311.opt-1.pyc
-rw-r--r-- 1 root root 14660 Feb 21 17:46 youtube_live_chat.cpython-311.pyc

/home/sektor/projects/slackbuilds/ap/yt-dlp/pkg/usr/lib/python3.11/site-packages/yt_dlp/extractor:
total 9656
-rw-r--r-- 1 root root   1764 Feb 21 17:46 __init__.py
drwxr-xr-x 1 root root 108236 Feb 21 17:46 __pycache__
-rw-r--r-- 1 root root  54808 Feb 21 17:46 _extractors.py
-rw-r--r-- 1 root root  18876 Feb 21 17:46 abc.py
-rw-r--r-- 1 root root   6326 Feb 21 17:46 abcnews.py
-rw-r--r-- 1 root root   4555 Feb 21 17:46 abcotvs.py
-rw-r--r-- 1 root root  19922 Feb 21 17:46 abematv.py
-rw-r--r-- 1 root root   1357 Feb 21 17:46 academicearth.py
-rw-r--r-- 1 root root   5816 Feb 21 17:46 acast.py
-rw-r--r-- 1 root root   7948 Feb 21 17:46 acfun.py
-rw-r--r-- 1 root root  13983 Feb 21 17:46 adn.py
-rw-r--r-- 1 root root   1175 Feb 21 17:46 adobeconnect.py
-rw-r--r-- 1 root root  58147 Feb 21 17:46 adobepass.py
-rw-r--r-- 1 root root   3992 Feb 21 17:46 adobetv.py
-rw-r--r-- 1 root root   8394 Feb 21 17:46 adultswim.py
-rw-r--r-- 1 root root  18794 Feb 21 17:46 aenetworks.py
-rw-r--r-- 1 root root   3303 Feb 21 17:46 aeonco.py
-rw-r--r-- 1 root root  19711 Feb 21 17:46 afreecatv.py
-rw-r--r-- 1 root root   3714 Feb 21 17:46 agalega.py
-rw-r--r-- 1 root root   9579 Feb 21 17:46 agora.py
-rw-r--r-- 1 root root   4088 Feb 21 17:46 airtv.py
-rw-r--r-- 1 root root   2957 Feb 21 17:46 aitube.py
-rw-r--r-- 1 root root   1971 Feb 21 17:46 alibaba.py
-rw-r--r-- 1 root root   1487 Feb 21 17:46 aliexpress.py
-rw-r--r-- 1 root root   3399 Feb 21 17:46 aljazeera.py
-rw-r--r-- 1 root root   4762 Feb 21 17:46 allocine.py
-rw-r--r-- 1 root root   9265 Feb 21 17:46 allstar.py
-rw-r--r-- 1 root root   2684 Feb 21 17:46 alphaporno.py
-rw-r--r-- 1 root root   3064 Feb 21 17:46 alsace20tv.py
-rw-r--r-- 1 root root   3977 Feb 21 17:46 altcensored.py
-rw-r--r-- 1 root root   6481 Feb 21 17:46 alura.py
-rw-r--r-- 1 root root   3293 Feb 21 17:46 amadeustv.py
-rw-r--r-- 1 root root   3528 Feb 21 17:46 amara.py
-rw-r--r-- 1 root root   6625 Feb 21 17:46 amazon.py
-rw-r--r-- 1 root root  10730 Feb 21 17:46 amazonminitv.py
-rw-r--r-- 1 root root   2823 Feb 21 17:46 amcnetworks.py
-rw-r--r-- 1 root root   8714 Feb 21 17:46 americastestkitchen.py
-rw-r--r-- 1 root root   4227 Feb 21 17:46 amp.py
-rw-r--r-- 1 root root   4804 Feb 21 17:46 anchorfm.py
-rw-r--r-- 1 root root   2555 Feb 21 17:46 angel.py
-rw-r--r-- 1 root root   5965 Feb 21 17:46 antenna.py
-rw-r--r-- 1 root root  24648 Feb 21 17:46 anvato.py
-rw-r--r-- 1 root root   5471 Feb 21 17:46 aol.py
-rw-r--r-- 1 root root   3389 Feb 21 17:46 apa.py
-rw-r--r-- 1 root root   3374 Feb 21 17:46 aparat.py
-rw-r--r-- 1 root root   4286 Feb 21 17:46 appleconnect.py
-rw-r--r-- 1 root root   3251 Feb 21 17:46 applepodcasts.py
-rw-r--r-- 1 root root  10147 Feb 21 17:46 appletrailers.py
-rw-r--r-- 1 root root  58264 Feb 21 17:46 archiveorg.py
-rw-r--r-- 1 root root   8170 Feb 21 17:46 arcpublishing.py
-rw-r--r-- 1 root root  34242 Feb 21 17:46 ard.py
-rw-r--r-- 1 root root   3497 Feb 21 17:46 arnes.py
-rw-r--r-- 1 root root  12860 Feb 21 17:46 art19.py
-rw-r--r-- 1 root root  15271 Feb 21 17:46 arte.py
-rw-r--r-- 1 root root   6806 Feb 21 17:46 asobichannel.py
-rw-r--r-- 1 root root   7002 Feb 21 17:46 asobistage.py
-rw-r--r-- 1 root root   7541 Feb 21 17:46 atresplayer.py
-rw-r--r-- 1 root root   1241 Feb 21 17:46 atscaleconf.py
-rw-r--r-- 1 root root   4132 Feb 21 17:46 atvat.py
-rw-r--r-- 1 root root   3928 Feb 21 17:46 audimedia.py
-rw-r--r-- 1 root root   2868 Feb 21 17:46 audioboom.py
-rw-r--r-- 1 root root   3249 Feb 21 17:46 audiodraft.py
-rw-r--r-- 1 root root   6123 Feb 21 17:46 audiomack.py
-rw-r--r-- 1 root root  10656 Feb 21 17:46 audius.py
-rw-r--r-- 1 root root   7043 Feb 21 17:46 awaan.py
-rw-r--r-- 1 root root   3062 Feb 21 17:46 aws.py
-rw-r--r-- 1 root root   3328 Feb 21 17:46 axs.py
-rw-r--r-- 1 root root   2304 Feb 21 17:46 azmedien.py
-rw-r--r-- 1 root root   1913 Feb 21 17:46 baidu.py
-rw-r--r-- 1 root root   8969 Feb 21 17:46 banbye.py
-rw-r--r-- 1 root root  21933 Feb 21 17:46 bandcamp.py
-rw-r--r-- 1 root root  19200 Feb 21 17:46 bandlab.py
-rw-r--r-- 1 root root   5315 Feb 21 17:46 bannedvideo.py
-rw-r--r-- 1 root root  82419 Feb 21 17:46 bbc.py
-rw-r--r-- 1 root root   2710 Feb 21 17:46 beacon.py
-rw-r--r-- 1 root root   4614 Feb 21 17:46 beatbump.py
-rw-r--r-- 1 root root   3206 Feb 21 17:46 beatport.py
-rw-r--r-- 1 root root   3177 Feb 21 17:46 beeg.py
-rw-r--r-- 1 root root   1597 Feb 21 17:46 behindkink.py
-rw-r--r-- 1 root root   3103 Feb 21 17:46 berufetv.py
-rw-r--r-- 1 root root   1798 Feb 21 17:46 bet.py
-rw-r--r-- 1 root root   1305 Feb 21 17:46 bfi.py
-rw-r--r-- 1 root root   6400 Feb 21 17:46 bfmtv.py
-rw-r--r-- 1 root root   6795 Feb 21 17:46 bibeltv.py
-rw-r--r-- 1 root root   2187 Feb 21 17:46 bigflix.py
-rw-r--r-- 1 root root   2009 Feb 21 17:46 bigo.py
-rw-r--r-- 1 root root   2445 Feb 21 17:46 bild.py
-rw-r--r-- 1 root root 111201 Feb 21 17:46 bilibili.py
-rw-r--r-- 1 root root   3454 Feb 21 17:46 biobiochiletv.py
-rw-r--r-- 1 root root  13674 Feb 21 17:46 bitchute.py
-rw-r--r-- 1 root root   2940 Feb 21 17:46 bitmovin.py
-rw-r--r-- 1 root root   8584 Feb 21 17:46 blackboardcollaborate.py
-rw-r--r-- 1 root root   4301 Feb 21 17:46 bleacherreport.py
-rw-r--r-- 1 root root   4685 Feb 21 17:46 blerp.py
-rw-r--r-- 1 root root   2304 Feb 21 17:46 blogger.py
-rw-r--r-- 1 root root   3178 Feb 21 17:46 bloomberg.py
-rw-r--r-- 1 root root  17248 Feb 21 17:46 bluesky.py
-rw-r--r-- 1 root root   1922 Feb 21 17:46 bokecc.py
-rw-r--r-- 1 root root   2215 Feb 21 17:46 bongacams.py
-rw-r--r-- 1 root root  10930 Feb 21 17:46 boosty.py
-rw-r--r-- 1 root root   3104 Feb 21 17:46 bostonglobe.py
-rw-r--r-- 1 root root   4800 Feb 21 17:46 box.py
-rw-r--r-- 1 root root   4745 Feb 21 17:46 boxcast.py
-rw-r--r-- 1 root root   7275 Feb 21 17:46 bpb.py
-rw-r--r-- 1 root root   7474 Feb 21 17:46 br.py
-rw-r--r-- 1 root root  12895 Feb 21 17:46 brainpop.py
-rw-r--r-- 1 root root   1347 Feb 21 17:46 breitbart.py
-rw-r--r-- 1 root root  43050 Feb 21 17:46 brightcove.py
-rw-r--r-- 1 root root   5824 Feb 21 17:46 brilliantpala.py
-rw-r--r-- 1 root root   2829 Feb 21 17:46 btvplus.py
-rw-r--r-- 1 root root   1348 Feb 21 17:46 bundesliga.py
-rw-r--r-- 1 root root   5013 Feb 21 17:46 bundestag.py
-rw-r--r-- 1 root root   8492 Feb 21 17:46 bunnycdn.py
-rw-r--r-- 1 root root   1939 Feb 21 17:46 businessinsider.py
-rw-r--r-- 1 root root   3612 Feb 21 17:46 buzzfeed.py
-rw-r--r-- 1 root root   3930 Feb 21 17:46 byutv.py
-rw-r--r-- 1 root root   1956 Feb 21 17:46 c56.py
-rw-r--r-- 1 root root   2847 Feb 21 17:46 caffeinetv.py
-rw-r--r-- 1 root root   8148 Feb 21 17:46 callin.py
-rw-r--r-- 1 root root   1563 Feb 21 17:46 caltrans.py
-rw-r--r-- 1 root root   1108 Feb 21 17:46 cam4.py
-rw-r--r-- 1 root root   5636 Feb 21 17:46 camdemy.py
-rw-r--r-- 1 root root   3460 Feb 21 17:46 camfm.py
-rw-r--r-- 1 root root   2824 Feb 21 17:46 cammodels.py
-rw-r--r-- 1 root root   2183 Feb 21 17:46 camsoda.py
-rw-r--r-- 1 root root   2478 Feb 21 17:46 camtasia.py
-rw-r--r-- 1 root root   1957 Feb 21 17:46 canal1.py
-rw-r--r-- 1 root root   4842 Feb 21 17:46 canalalpha.py
-rw-r--r-- 1 root root   2213 Feb 21 17:46 canalc2.py
-rw-r--r-- 1 root root   4329 Feb 21 17:46 canalplus.py
-rw-r--r-- 1 root root   3336 Feb 21 17:46 canalsurmas.py
-rw-r--r-- 1 root root   5735 Feb 21 17:46 caracoltv.py
-rw-r--r-- 1 root root  48030 Feb 21 17:46 cbc.py
-rw-r--r-- 1 root root  11852 Feb 21 17:46 cbs.py
-rw-r--r-- 1 root root  19081 Feb 21 17:46 cbsnews.py
-rw-r--r-- 1 root root   4883 Feb 21 17:46 cbssports.py
-rw-r--r-- 1 root root   5000 Feb 21 17:46 ccc.py
-rw-r--r-- 1 root root   7050 Feb 21 17:46 ccma.py
-rw-r--r-- 1 root root   7346 Feb 21 17:46 cctv.py
-rw-r--r-- 1 root root  16947 Feb 21 17:46 cda.py
-rw-r--r-- 1 root root   1746 Feb 21 17:46 cellebrite.py
-rw-r--r-- 1 root root  11714 Feb 21 17:46 ceskatelevize.py
-rw-r--r-- 1 root root   2920 Feb 21 17:46 cgtn.py
-rw-r--r-- 1 root root   1929 Feb 21 17:46 charlierose.py
-rw-r--r-- 1 root root   5793 Feb 21 17:46 chaturbate.py
-rw-r--r-- 1 root root   4822 Feb 21 17:46 chilloutzone.py
-rw-r--r-- 1 root root   8397 Feb 21 17:46 chzzk.py
-rw-r--r-- 1 root root    896 Feb 21 17:46 cinemax.py
-rw-r--r-- 1 root root   2446 Feb 21 17:46 cinetecamilano.py
-rw-r--r-- 1 root root   5809 Feb 21 17:46 cineverse.py
-rw-r--r-- 1 root root   5834 Feb 21 17:46 ciscolive.py
-rw-r--r-- 1 root root   4418 Feb 21 17:46 ciscowebex.py
-rw-r--r-- 1 root root   2334 Feb 21 17:46 cjsw.py
-rw-r--r-- 1 root root   2418 Feb 21 17:46 clipchamp.py
-rw-r--r-- 1 root root   2492 Feb 21 17:46 clippit.py
-rw-r--r-- 1 root root    995 Feb 21 17:46 cliprs.py
-rw-r--r-- 1 root root   3007 Feb 21 17:46 closertotruth.py
-rw-r--r-- 1 root root   4673 Feb 21 17:46 cloudflarestream.py
-rw-r--r-- 1 root root   4201 Feb 21 17:46 cloudycdn.py
-rw-r--r-- 1 root root   1903 Feb 21 17:46 clubic.py
-rw-r--r-- 1 root root   3073 Feb 21 17:46 clyp.py
-rw-r--r-- 1 root root   4615 Feb 21 17:46 cnbc.py
-rw-r--r-- 1 root root  13381 Feb 21 17:46 cnn.py
-rw-r--r-- 1 root root   1048 Feb 21 17:46 comedycentral.py
-rw-r--r-- 1 root root 203765 Feb 21 17:46 common.py
-rw-r--r-- 1 root root   1738 Feb 21 17:46 commonmistakes.py
-rw-r--r-- 1 root root   1937 Feb 21 17:46 commonprotocols.py
-rw-r--r-- 1 root root  10391 Feb 21 17:46 condenast.py
-rw-r--r-- 1 root root   4103 Feb 21 17:46 contv.py
-rw-r--r-- 1 root root   6319 Feb 21 17:46 corus.py
-rw-r--r-- 1 root root   4551 Feb 21 17:46 coub.py
-rw-r--r-- 1 root root   1397 Feb 21 17:46 cozytv.py
-rw-r--r-- 1 root root   5583 Feb 21 17:46 cpac.py
-rw-r--r-- 1 root root   3099 Feb 21 17:46 cracked.py
-rw-r--r-- 1 root root   3184 Feb 21 17:46 craftsy.py
-rw-r--r-- 1 root root   3240 Feb 21 17:46 croatianfilm.py
-rw-r--r-- 1 root root   2655 Feb 21 17:46 crooksandliars.py
-rw-r--r-- 1 root root   4348 Feb 21 17:46 crowdbunker.py
-rw-r--r-- 1 root root   2315 Feb 21 17:46 crtvg.py
-rw-r--r-- 1 root root  12090 Feb 21 17:46 cspan.py
-rw-r--r-- 1 root root   3593 Feb 21 17:46 ctsnews.py
-rw-r--r-- 1 root root   7438 Feb 21 17:46 ctvnews.py
-rw-r--r-- 1 root root   2832 Feb 21 17:46 cultureunplugged.py
-rw-r--r-- 1 root root   8341 Feb 21 17:46 curiositystream.py
-rw-r--r-- 1 root root   6288 Feb 21 17:46 cybrary.py
-rw-r--r-- 1 root root   7498 Feb 21 17:46 dacast.py
-rw-r--r-- 1 root root   3577 Feb 21 17:46 dailymail.py
-rw-r--r-- 1 root root  26164 Feb 21 17:46 dailymotion.py
-rw-r--r-- 1 root root   4857 Feb 21 17:46 dailywire.py
-rw-r--r-- 1 root root   5464 Feb 21 17:46 damtomo.py
-rw-r--r-- 1 root root   9345 Feb 21 17:46 dangalplay.py
-rw-r--r-- 1 root root   9349 Feb 21 17:46 daum.py
-rw-r--r-- 1 root root   1988 Feb 21 17:46 daystar.py
-rw-r--r-- 1 root root   2346 Feb 21 17:46 dbtv.py
-rw-r--r-- 1 root root   3485 Feb 21 17:46 dctp.py
-rw-r--r-- 1 root root   2981 Feb 21 17:46 democracynow.py
-rw-r--r-- 1 root root   8098 Feb 21 17:46 detik.py
-rw-r--r-- 1 root root   3203 Feb 21 17:46 deuxm.py
-rw-r--r-- 1 root root   2159 Feb 21 17:46 dfb.py
-rw-r--r-- 1 root root   2071 Feb 21 17:46 dhm.py
-rw-r--r-- 1 root root  12743 Feb 21 17:46 digitalconcerthall.py
-rw-r--r-- 1 root root   2836 Feb 21 17:46 digiteka.py
-rw-r--r-- 1 root root   5432 Feb 21 17:46 digiview.py
-rw-r--r-- 1 root root   1281 Feb 21 17:46 discogs.py
-rw-r--r-- 1 root root   6770 Feb 21 17:46 disney.py
-rw-r--r-- 1 root root   4936 Feb 21 17:46 dispeak.py
-rw-r--r-- 1 root root   8710 Feb 21 17:46 dlf.py
-rw-r--r-- 1 root root   3005 Feb 21 17:46 dlive.py
-rw-r--r-- 1 root root  11975 Feb 21 17:46 douyutv.py
-rw-r--r-- 1 root root  53648 Feb 21 17:46 dplay.py
-rw-r--r-- 1 root root   1879 Feb 21 17:46 drbonanza.py
-rw-r--r-- 1 root root   6131 Feb 21 17:46 dreisat.py
-rw-r--r-- 1 root root   4190 Feb 21 17:46 drooble.py
-rw-r--r-- 1 root root   4450 Feb 21 17:46 dropbox.py
-rw-r--r-- 1 root root  10162 Feb 21 17:46 dropout.py
-rw-r--r-- 1 root root   2251 Feb 21 17:46 drtalks.py
-rw-r--r-- 1 root root   3792 Feb 21 17:46 drtuber.py
-rw-r--r-- 1 root root  15887 Feb 21 17:46 drtv.py
-rw-r--r-- 1 root root   2712 Feb 21 17:46 dtube.py
-rw-r--r-- 1 root root   8471 Feb 21 17:46 duboku.py
-rw-r--r-- 1 root root   4001 Feb 21 17:46 dumpert.py
-rw-r--r-- 1 root root   5437 Feb 21 17:46 duoplay.py
-rw-r--r-- 1 root root   7442 Feb 21 17:46 dvtv.py
-rw-r--r-- 1 root root   4136 Feb 21 17:46 dw.py
-rw-r--r-- 1 root root   1043 Feb 21 17:46 ebaumsworld.py
-rw-r--r-- 1 root root   1274 Feb 21 17:46 ebay.py
-rw-r--r-- 1 root root   4876 Feb 21 17:46 egghead.py
-rw-r--r-- 1 root root   5979 Feb 21 17:46 eggs.py
-rw-r--r-- 1 root root   5772 Feb 21 17:46 eighttracks.py
-rw-r--r-- 1 root root   3134 Feb 21 17:46 eitb.py
-rw-r--r-- 1 root root   3327 Feb 21 17:46 elementorembed.py
-rw-r--r-- 1 root root   2585 Feb 21 17:46 elonet.py
-rw-r--r-- 1 root root   4309 Feb 21 17:46 elpais.py
-rw-r--r-- 1 root root   2652 Feb 21 17:46 eltrecetv.py
-rw-r--r-- 1 root root   5286 Feb 21 17:46 embedly.py
-rw-r--r-- 1 root root   4268 Feb 21 17:46 epicon.py
-rw-r--r-- 1 root root   4874 Feb 21 17:46 epidemicsound.py
-rw-r--r-- 1 root root   8859 Feb 21 17:46 eplus.py
-rw-r--r-- 1 root root   2518 Feb 21 17:46 epoch.py
-rw-r--r-- 1 root root   4987 Feb 21 17:46 eporner.py
-rw-r--r-- 1 root root   2687 Feb 21 17:46 erocast.py
-rw-r--r-- 1 root root   4430 Feb 21 17:46 eroprofile.py
-rw-r--r-- 1 root root  11652 Feb 21 17:46 err.py
-rw-r--r-- 1 root root  12626 Feb 21 17:46 ertgr.py
-rw-r--r-- 1 root root  18099 Feb 21 17:46 espn.py
-rw-r--r-- 1 root root   2180 Feb 21 17:46 ettutv.py
-rw-r--r-- 1 root root   7434 Feb 21 17:46 europa.py
-rw-r--r-- 1 root root   1279 Feb 21 17:46 europeantour.py
-rw-r--r-- 1 root root   9286 Feb 21 17:46 eurosport.py
-rw-r--r-- 1 root root   3372 Feb 21 17:46 euscreen.py
-rw-r--r-- 1 root root   4086 Feb 21 17:46 expressen.py
-rw-r--r-- 1 root root   1275 Feb 21 17:46 extractors.py
-rw-r--r-- 1 root root   2617 Feb 21 17:46 eyedotv.py
-rw-r--r-- 1 root root  55535 Feb 21 17:46 facebook.py
-rw-r--r-- 1 root root   7235 Feb 21 17:46 fancode.py
-rw-r--r-- 1 root root   1836 Feb 21 17:46 fathom.py
-rw-r--r-- 1 root root   8606 Feb 21 17:46 faulio.py
-rw-r--r-- 1 root root   3493 Feb 21 17:46 faz.py
-rw-r--r-- 1 root root  11493 Feb 21 17:46 fc2.py
-rw-r--r-- 1 root root   1666 Feb 21 17:46 fczenit.py
-rw-r--r-- 1 root root   3795 Feb 21 17:46 fifa.py
-rw-r--r-- 1 root root   2257 Feb 21 17:46 filmarchiv.py
-rw-r--r-- 1 root root   5840 Feb 21 17:46 filmon.py
-rw-r--r-- 1 root root   1424 Feb 21 17:46 filmweb.py
-rw-r--r-- 1 root root   7267 Feb 21 17:46 firsttv.py
-rw-r--r-- 1 root root   3045 Feb 21 17:46 fivetv.py
-rw-r--r-- 1 root root   2961 Feb 21 17:46 flextv.py
-rw-r--r-- 1 root root   4631 Feb 21 17:46 flickr.py
-rw-r--r-- 1 root root  17222 Feb 21 17:46 floatplane.py
-rw-r--r-- 1 root root   2540 Feb 21 17:46 folketinget.py
-rw-r--r-- 1 root root   1819 Feb 21 17:46 footyroom.py
-rw-r--r-- 1 root root    938 Feb 21 17:46 formula1.py
-rw-r--r-- 1 root root  11340 Feb 21 17:46 fourtube.py
-rw-r--r-- 1 root root   6773 Feb 21 17:46 fox.py
-rw-r--r-- 1 root root   1409 Feb 21 17:46 fox9.py
-rw-r--r-- 1 root root   7661 Feb 21 17:46 foxnews.py
-rw-r--r-- 1 root root   2231 Feb 21 17:46 foxsports.py
-rw-r--r-- 1 root root   4848 Feb 21 17:46 fptplay.py
-rw-r--r-- 1 root root   3511 Feb 21 17:46 francaisfacile.py
-rw-r--r-- 1 root root   2158 Feb 21 17:46 franceinter.py
-rw-r--r-- 1 root root  20338 Feb 21 17:46 francetv.py
-rw-r--r-- 1 root root   2505 Feb 21 17:46 freesound.py
-rw-r--r-- 1 root root   1016 Feb 21 17:46 freespeech.py
-rw-r--r-- 1 root root   5534 Feb 21 17:46 freetv.py
-rw-r--r-- 1 root root   8519 Feb 21 17:46 frontendmasters.py
-rw-r--r-- 1 root root   6405 Feb 21 17:46 frontro.py
-rw-r--r-- 1 root root   3186 Feb 21 17:46 fujitv.py
-rw-r--r-- 1 root root   1798 Feb 21 17:46 funk.py
-rw-r--r-- 1 root root   3275 Feb 21 17:46 funker530.py
-rw-r--r-- 1 root root   1012 Feb 21 17:46 fuyintv.py
-rw-r--r-- 1 root root   5684 Feb 21 17:46 gab.py
-rw-r--r-- 1 root root   4431 Feb 21 17:46 gaia.py
-rw-r--r-- 1 root root   6266 Feb 21 17:46 gamedevtv.py
-rw-r--r-- 1 root root  25053 Feb 21 17:46 gamejolt.py
-rw-r--r-- 1 root root   3059 Feb 21 17:46 gamespot.py
-rw-r--r-- 1 root root   2552 Feb 21 17:46 gamestar.py
-rw-r--r-- 1 root root   3710 Feb 21 17:46 gaskrank.py
-rw-r--r-- 1 root root   1908 Feb 21 17:46 gazeta.py
-rw-r--r-- 1 root root   4514 Feb 21 17:46 gbnews.py
-rw-r--r-- 1 root root   8542 Feb 21 17:46 gdcvault.py
-rw-r--r-- 1 root root   8521 Feb 21 17:46 gedidigital.py
-rw-r--r-- 1 root root  58980 Feb 21 17:46 generic.py
-rw-r--r-- 1 root root   4613 Feb 21 17:46 genericembeds.py
-rw-r--r-- 1 root root   6103 Feb 21 17:46 genius.py
-rw-r--r-- 1 root root   4051 Feb 21 17:46 germanupa.py
-rw-r--r-- 1 root root   8031 Feb 21 17:46 getcourseru.py
-rw-r--r-- 1 root root   7839 Feb 21 17:46 gettr.py
-rw-r--r-- 1 root root   2965 Feb 21 17:46 giantbomb.py
-rw-r--r-- 1 root root   1380 Feb 21 17:46 glide.py
-rw-r--r-- 1 root root   9448 Feb 21 17:46 globalplayer.py
-rw-r--r-- 1 root root   8963 Feb 21 17:46 globo.py
-rw-r--r-- 1 root root   9535 Feb 21 17:46 glomex.py
-rw-r--r-- 1 root root   3928 Feb 21 17:46 gmanetwork.py
-rw-r--r-- 1 root root  15529 Feb 21 17:46 go.py
-rw-r--r-- 1 root root   2766 Feb 21 17:46 godresource.py
-rw-r--r-- 1 root root   1747 Feb 21 17:46 godtube.py
-rw-r--r-- 1 root root   3614 Feb 21 17:46 gofile.py
-rw-r--r-- 1 root root   2053 Feb 21 17:46 golem.py
-rw-r--r-- 1 root root   2668 Feb 21 17:46 goodgame.py
-rw-r--r-- 1 root root  13549 Feb 21 17:46 googledrive.py
-rw-r--r-- 1 root root   3342 Feb 21 17:46 googlepodcasts.py
-rw-r--r-- 1 root root   1163 Feb 21 17:46 googlesearch.py
-rw-r--r-- 1 root root  17450 Feb 21 17:46 goplay.py
-rw-r--r-- 1 root root   3777 Feb 21 17:46 gopro.py
-rw-r--r-- 1 root root   1467 Feb 21 17:46 goshgay.py
-rw-r--r-- 1 root root   2662 Feb 21 17:46 gotostage.py
-rw-r--r-- 1 root root   1139 Feb 21 17:46 gputechconf.py
-rw-r--r-- 1 root root   1209 Feb 21 17:46 graspop.py
-rw-r--r-- 1 root root   4443 Feb 21 17:46 gronkh.py
-rw-r--r-- 1 root root   2489 Feb 21 17:46 groupon.py
-rw-r--r-- 1 root root   2832 Feb 21 17:46 harpodeon.py
-rw-r--r-- 1 root root   6047 Feb 21 17:46 hbo.py
-rw-r--r-- 1 root root   4971 Feb 21 17:46 hearthisat.py
-rw-r--r-- 1 root root   8425 Feb 21 17:46 heise.py
-rw-r--r-- 1 root root   2583 Feb 21 17:46 hellporno.py
-rw-r--r-- 1 root root   1378 Feb 21 17:46 hgtv.py
-rw-r--r-- 1 root root   4941 Feb 21 17:46 hidive.py
-rw-r--r-- 1 root root   1534 Feb 21 17:46 historicfilms.py
-rw-r--r-- 1 root root   2174 Feb 21 17:46 hitrecord.py
-rw-r--r-- 1 root root   6740 Feb 21 17:46 hketv.py
-rw-r--r-- 1 root root   2872 Feb 21 17:46 hollywoodreporter.py
-rw-r--r-- 1 root root   4268 Feb 21 17:46 holodex.py
-rw-r--r-- 1 root root   2218 Feb 21 17:46 hotnewhiphop.py
-rw-r--r-- 1 root root  19268 Feb 21 17:46 hotstar.py
-rw-r--r-- 1 root root    554 Feb 21 17:46 hrefli.py
-rw-r--r-- 1 root root   3827 Feb 21 17:46 hrfensehen.py
-rw-r--r-- 1 root root   7003 Feb 21 17:46 hrti.py
-rw-r--r-- 1 root root   3569 Feb 21 17:46 hse.py
-rw-r--r-- 1 root root   1794 Feb 21 17:46 huajiao.py
-rw-r--r-- 1 root root   3295 Feb 21 17:46 huffpost.py
-rw-r--r-- 1 root root   7692 Feb 21 17:46 hungama.py
-rw-r--r-- 1 root root   9027 Feb 21 17:46 huya.py
-rw-r--r-- 1 root root   1516 Feb 21 17:46 hypem.py
-rw-r--r-- 1 root root   2517 Feb 21 17:46 hypergryph.py
-rw-r--r-- 1 root root   2280 Feb 21 17:46 hytale.py
-rw-r--r-- 1 root root   7397 Feb 21 17:46 icareus.py
-rw-r--r-- 1 root root   7891 Feb 21 17:46 ichinanalive.py
-rw-r--r-- 1 root root  11711 Feb 21 17:46 idagio.py
-rw-r--r-- 1 root root   4868 Feb 21 17:46 idolplus.py
-rw-r--r-- 1 root root  16225 Feb 21 17:46 ign.py
-rw-r--r-- 1 root root   3410 Feb 21 17:46 iheart.py
-rw-r--r-- 1 root root   2528 Feb 21 17:46 ilpost.py
-rw-r--r-- 1 root root   2341 Feb 21 17:46 iltalehti.py
-rw-r--r-- 1 root root   5634 Feb 21 17:46 imdb.py
-rw-r--r-- 1 root root   4822 Feb 21 17:46 imggaming.py
-rw-r--r-- 1 root root  16003 Feb 21 17:46 imgur.py
-rw-r--r-- 1 root root   3618 Feb 21 17:46 ina.py
-rw-r--r-- 1 root root   2252 Feb 21 17:46 inc.py
-rw-r--r-- 1 root root   4677 Feb 21 17:46 indavideo.py
-rw-r--r-- 1 root root   5036 Feb 21 17:46 infoq.py
-rw-r--r-- 1 root root  31343 Feb 21 17:46 instagram.py
-rw-r--r-- 1 root root   3106 Feb 21 17:46 internazionale.py
-rw-r--r-- 1 root root   2261 Feb 21 17:46 internetvideoarchive.py
-rw-r--r-- 1 root root  10579 Feb 21 17:46 iprima.py
-rw-r--r-- 1 root root  24701 Feb 21 17:46 iqiyi.py
-rw-r--r-- 1 root root   3178 Feb 21 17:46 islamchannel.py
-rw-r--r-- 1 root root   2162 Feb 21 17:46 israelnationalnews.py
-rw-r--r-- 1 root root   5350 Feb 21 17:46 itprotv.py
-rw-r--r-- 1 root root  10754 Feb 21 17:46 itv.py
-rw-r--r-- 1 root root  10022 Feb 21 17:46 ivi.py
-rw-r--r-- 1 root root   3059 Feb 21 17:46 ivideon.py
-rw-r--r-- 1 root root   3641 Feb 21 17:46 ivoox.py
-rw-r--r-- 1 root root  11611 Feb 21 17:46 iwara.py
-rw-r--r-- 1 root root   3427 Feb 21 17:46 ixigua.py
-rw-r--r-- 1 root root   3990 Feb 21 17:46 izlesene.py
-rw-r--r-- 1 root root   8212 Feb 21 17:46 jamendo.py
-rw-r--r-- 1 root root  10390 Feb 21 17:46 japandiet.py
-rw-r--r-- 1 root root   2043 Feb 21 17:46 jeuxvideo.py
-rw-r--r-- 1 root root  16465 Feb 21 17:46 jiosaavn.py
-rw-r--r-- 1 root root   2198 Feb 21 17:46 jixie.py
-rw-r--r-- 1 root root   4190 Feb 21 17:46 joj.py
-rw-r--r-- 1 root root   3009 Feb 21 17:46 jove.py
-rw-r--r-- 1 root root   3341 Feb 21 17:46 jstream.py
-rw-r--r-- 1 root root   6331 Feb 21 17:46 jtbc.py
-rw-r--r-- 1 root root   4268 Feb 21 17:46 jwplatform.py
-rw-r--r-- 1 root root   5914 Feb 21 17:46 kakao.py
-rw-r--r-- 1 root root  25253 Feb 21 17:46 kaltura.py
-rw-r--r-- 1 root root   1812 Feb 21 17:46 kankanews.py
-rw-r--r-- 1 root root   2282 Feb 21 17:46 karaoketv.py
-rw-r--r-- 1 root root   3489 Feb 21 17:46 kelbyone.py
-rw-r--r-- 1 root root   7063 Feb 21 17:46 kenh14.py
-rw-r--r-- 1 root root   5909 Feb 21 17:46 khanacademy.py
-rw-r--r-- 1 root root  10531 Feb 21 17:46 kick.py
-rw-r--r-- 1 root root   2307 Feb 21 17:46 kicker.py
-rw-r--r-- 1 root root   2651 Feb 21 17:46 kickstarter.py
-rw-r--r-- 1 root root   6989 Feb 21 17:46 kika.py
-rw-r--r-- 1 root root   8109 Feb 21 17:46 kinja.py
-rw-r--r-- 1 root root   2068 Feb 21 17:46 kinopoisk.py
-rw-r--r-- 1 root root   1095 Feb 21 17:46 kommunetv.py
-rw-r--r-- 1 root root   1087 Feb 21 17:46 kompas.py
-rw-r--r-- 1 root root   4764 Feb 21 17:46 koo.py
-rw-r--r-- 1 root root   1921 Feb 21 17:46 krasview.py
-rw-r--r-- 1 root root    978 Feb 21 17:46 kth.py
-rw-r--r-- 1 root root    957 Feb 21 17:46 ku6.py
-rw-r--r-- 1 root root   5694 Feb 21 17:46 kukululive.py
-rw-r--r-- 1 root root  12476 Feb 21 17:46 kuwo.py
-rw-r--r-- 1 root root   9435 Feb 21 17:46 la7.py
-rw-r--r-- 1 root root   4587 Feb 21 17:46 laracasts.py
-rw-r--r-- 1 root root   4748 Feb 21 17:46 lastfm.py
-rw-r--r-- 1 root root   2773 Feb 21 17:46 laxarxames.py
-rw-r--r-- 1 root root  18112 Feb 21 17:46 lbry.py
-rw-r--r-- 1 root root   2131 Feb 21 17:46 lci.py
-rw-r--r-- 1 root root   2279 Feb 21 17:46 lcp.py
-rw-r--r-- 1 root root   2774 Feb 21 17:46 learningonscreen.py
-rw-r--r-- 1 root root   2330 Feb 21 17:46 lecture2go.py
-rw-r--r-- 1 root root   8373 Feb 21 17:46 lecturio.py
-rw-r--r-- 1 root root  12901 Feb 21 17:46 leeco.py
-rw-r--r-- 1 root root   5417 Feb 21 17:46 lefigaro.py
-rw-r--r-- 1 root root   5875 Feb 21 17:46 lego.py
-rw-r--r-- 1 root root   2288 Feb 21 17:46 lemonde.py
-rw-r--r-- 1 root root   1644 Feb 21 17:46 lenta.py
-rw-r--r-- 1 root root   4932 Feb 21 17:46 libraryofcongress.py
-rw-r--r-- 1 root root   4384 Feb 21 17:46 libsyn.py
-rw-r--r-- 1 root root   9448 Feb 21 17:46 lifenews.py
-rw-r--r-- 1 root root   7014 Feb 21 17:46 likee.py
-rw-r--r-- 1 root root  15901 Feb 21 17:46 linkedin.py
-rw-r--r-- 1 root root   3134 Feb 21 17:46 liputan6.py
-rw-r--r-- 1 root root   4253 Feb 21 17:46 listennotes.py
-rw-r--r-- 1 root root   5516 Feb 21 17:46 litv.py
-rw-r--r-- 1 root root   1456 Feb 21 17:46 livejournal.py
-rw-r--r-- 1 root root  14428 Feb 21 17:46 livestream.py
-rw-r--r-- 1 root root   1568 Feb 21 17:46 livestreamfails.py
-rw-r--r-- 1 root root   3377 Feb 21 17:46 lnk.py
-rw-r--r-- 1 root root   8647 Feb 21 17:46 locipo.py
-rw-r--r-- 1 root root   6973 Feb 21 17:46 loco.py
-rw-r--r-- 1 root root  19354 Feb 21 17:46 loom.py
-rw-r--r-- 1 root root   1130 Feb 21 17:46 lovehomeporn.py
-rw-r--r-- 1 root root   7088 Feb 21 17:46 lrt.py
-rw-r--r-- 1 root root  12816 Feb 21 17:46 lsm.py
-rw-r--r-- 1 root root   1054 Feb 21 17:46 lumni.py
-rw-r--r-- 1 root root  12287 Feb 21 17:46 lynda.py
-rw-r--r-- 1 root root   2120 Feb 21 17:46 maariv.py
-rw-r--r-- 1 root root   3111 Feb 21 17:46 magellantv.py
-rw-r--r-- 1 root root   2763 Feb 21 17:46 magentamusik.py
-rw-r--r-- 1 root root  11946 Feb 21 17:46 mailru.py
-rw-r--r-- 1 root root   9346 Feb 21 17:46 mainstreaming.py
-rw-r--r-- 1 root root   2421 Feb 21 17:46 mangomolo.py
-rw-r--r-- 1 root root   4439 Feb 21 17:46 manyvids.py
-rw-r--r-- 1 root root   1178 Feb 21 17:46 maoritv.py
-rw-r--r-- 1 root root   4441 Feb 21 17:46 markiza.py
-rw-r--r-- 1 root root   2642 Feb 21 17:46 massengeschmacktv.py
-rw-r--r-- 1 root root   1449 Feb 21 17:46 masters.py
-rw-r--r-- 1 root root   1585 Feb 21 17:46 matchitv.py
-rw-r--r-- 1 root root   1248 Feb 21 17:46 matchtv.py
-rw-r--r-- 1 root root   7768 Feb 21 17:46 mave.py
-rw-r--r-- 1 root root   3897 Feb 21 17:46 mbn.py
-rw-r--r-- 1 root root   5103 Feb 21 17:46 mdr.py
-rw-r--r-- 1 root root   4905 Feb 21 17:46 medaltv.py
-rw-r--r-- 1 root root   4937 Feb 21 17:46 mediaite.py
-rw-r--r-- 1 root root   4970 Feb 21 17:46 mediaklikk.py
-rw-r--r-- 1 root root   9206 Feb 21 17:46 medialaan.py
-rw-r--r-- 1 root root  13317 Feb 21 17:46 mediaset.py
-rw-r--r-- 1 root root  16853 Feb 21 17:46 mediasite.py
-rw-r--r-- 1 root root  10320 Feb 21 17:46 mediastream.py
-rw-r--r-- 1 root root   4083 Feb 21 17:46 mediaworksnz.py
-rw-r--r-- 1 root root   6712 Feb 21 17:46 medici.py
-rw-r--r-- 1 root root   1628 Feb 21 17:46 megaphone.py
-rw-r--r-- 1 root root   7254 Feb 21 17:46 megatvcom.py
-rw-r--r-- 1 root root   3539 Feb 21 17:46 meipai.py
-rw-r--r-- 1 root root   2160 Feb 21 17:46 melonvod.py
-rw-r--r-- 1 root root   2597 Feb 21 17:46 metacritic.py
-rw-r--r-- 1 root root   6469 Feb 21 17:46 mgtv.py
-rw-r--r-- 1 root root  15501 Feb 21 17:46 microsoftembed.py
-rw-r--r-- 1 root root   5384 Feb 21 17:46 microsoftstream.py
-rw-r--r-- 1 root root   6778 Feb 21 17:46 minds.py
-rw-r--r-- 1 root root   1833 Feb 21 17:46 minoto.py
-rw-r--r-- 1 root root   1686 Feb 21 17:46 mir24tv.py
-rw-r--r-- 1 root root   4875 Feb 21 17:46 mirrativ.py
-rw-r--r-- 1 root root   4403 Feb 21 17:46 mirrorcouk.py
-rw-r--r-- 1 root root   5165 Feb 21 17:46 mit.py
-rw-r--r-- 1 root root   6268 Feb 21 17:46 mixch.py
-rw-r--r-- 1 root root  12716 Feb 21 17:46 mixcloud.py
-rw-r--r-- 1 root root   5826 Feb 21 17:46 mixlr.py
-rw-r--r-- 1 root root  20028 Feb 21 17:46 mlb.py
-rw-r--r-- 1 root root   6763 Feb 21 17:46 mlssoccer.py
-rw-r--r-- 1 root root   2961 Feb 21 17:46 mocha.py
-rw-r--r-- 1 root root   4966 Feb 21 17:46 mojevideo.py
-rw-r--r-- 1 root root   1967 Feb 21 17:46 mojvideo.py
-rw-r--r-- 1 root root   3266 Feb 21 17:46 monstercat.py
-rw-r--r-- 1 root root  10433 Feb 21 17:46 motherless.py
-rw-r--r-- 1 root root   1981 Feb 21 17:46 motorsport.py
-rw-r--r-- 1 root root   3544 Feb 21 17:46 moviepilot.py
-rw-r--r-- 1 root root   1642 Feb 21 17:46 moview.py
-rw-r--r-- 1 root root   1289 Feb 21 17:46 moviezine.py
-rw-r--r-- 1 root root   1731 Feb 21 17:46 movingimage.py
-rw-r--r-- 1 root root   9700 Feb 21 17:46 msn.py
-rw-r--r-- 1 root root  12242 Feb 21 17:46 mtv.py
-rw-r--r-- 1 root root   2075 Feb 21 17:46 muenchentv.py
-rw-r--r-- 1 root root   5868 Feb 21 17:46 murrtube.py
-rw-r--r-- 1 root root   4093 Feb 21 17:46 museai.py
-rw-r--r-- 1 root root   2868 Feb 21 17:46 musescore.py
-rw-r--r-- 1 root root   7386 Feb 21 17:46 musicdex.py
-rw-r--r-- 1 root root   3341 Feb 21 17:46 mux.py
-rw-r--r-- 1 root root   6384 Feb 21 17:46 mx3.py
-rw-r--r-- 1 root root   9971 Feb 21 17:46 mxplayer.py
-rw-r--r-- 1 root root   7751 Feb 21 17:46 myspace.py
-rw-r--r-- 1 root root   3675 Feb 21 17:46 myspass.py
-rw-r--r-- 1 root root   3341 Feb 21 17:46 myvideoge.py
-rw-r--r-- 1 root root    876 Feb 21 17:46 myvidster.py
-rw-r--r-- 1 root root   3749 Feb 21 17:46 mzaalo.py
-rw-r--r-- 1 root root   8907 Feb 21 17:46 n1.py
-rw-r--r-- 1 root root   2543 Feb 21 17:46 nascar.py
-rw-r--r-- 1 root root   4326 Feb 21 17:46 nate.py
-rw-r--r-- 1 root root   3055 Feb 21 17:46 nationalgeographic.py
-rw-r--r-- 1 root root  17382 Feb 21 17:46 naver.py
-rw-r--r-- 1 root root  16293 Feb 21 17:46 nba.py
-rw-r--r-- 1 root root  48091 Feb 21 17:46 nbc.py
-rw-r--r-- 1 root root  18173 Feb 21 17:46 ndr.py
-rw-r--r-- 1 root root   4513 Feb 21 17:46 ndtv.py
-rw-r--r-- 1 root root  23728 Feb 21 17:46 nebula.py
-rw-r--r-- 1 root root   9549 Feb 21 17:46 nekohacker.py
-rw-r--r-- 1 root root   1486 Feb 21 17:46 nerdcubed.py
-rw-r--r-- 1 root root   4647 Feb 21 17:46 nest.py
-rw-r--r-- 1 root root   3346 Feb 21 17:46 netapp.py
-rw-r--r-- 1 root root  26233 Feb 21 17:46 neteasemusic.py
-rw-r--r-- 1 root root  10995 Feb 21 17:46 netverse.py
-rw-r--r-- 1 root root   2481 Feb 21 17:46 netzkino.py
-rw-r--r-- 1 root root  11830 Feb 21 17:46 newgrounds.py
-rw-r--r-- 1 root root   3169 Feb 21 17:46 newspicks.py
-rw-r--r-- 1 root root   1832 Feb 21 17:46 newsy.py
-rw-r--r-- 1 root root  20909 Feb 21 17:46 nexx.py
-rw-r--r-- 1 root root  12645 Feb 21 17:46 nfb.py
-rw-r--r-- 1 root root   5868 Feb 21 17:46 nfhsnetwork.py
-rw-r--r-- 1 root root  16180 Feb 21 17:46 nfl.py
-rw-r--r-- 1 root root  40002 Feb 21 17:46 nhk.py
-rw-r--r-- 1 root root   4905 Feb 21 17:46 nhl.py
-rw-r--r-- 1 root root   1953 Feb 21 17:46 nick.py
-rw-r--r-- 1 root root  43065 Feb 21 17:46 niconico.py
-rw-r--r-- 1 root root  18080 Feb 21 17:46 niconicochannelplus.py
-rw-r--r-- 1 root root  10394 Feb 21 17:46 ninaprotocol.py
-rw-r--r-- 1 root root   5128 Feb 21 17:46 ninecninemedia.py
-rw-r--r-- 1 root root   5180 Feb 21 17:46 ninegag.py
-rw-r--r-- 1 root root   3636 Feb 21 17:46 ninenews.py
-rw-r--r-- 1 root root   5825 Feb 21 17:46 ninenow.py
-rw-r--r-- 1 root root   5474 Feb 21 17:46 nintendo.py
-rw-r--r-- 1 root root  13645 Feb 21 17:46 nitter.py
-rw-r--r-- 1 root root   2078 Feb 21 17:46 nobelprize.py
-rw-r--r-- 1 root root   5059 Feb 21 17:46 noice.py
-rw-r--r-- 1 root root   1111 Feb 21 17:46 nonktube.py
-rw-r--r-- 1 root root   3021 Feb 21 17:46 noodlemagazine.py
-rw-r--r-- 1 root root   5820 Feb 21 17:46 nosnl.py
-rw-r--r-- 1 root root  12074 Feb 21 17:46 nova.py
-rw-r--r-- 1 root root   3032 Feb 21 17:46 novaplay.py
-rw-r--r-- 1 root root   1522 Feb 21 17:46 nowcanal.py
-rw-r--r-- 1 root root   5902 Feb 21 17:46 nowness.py
-rw-r--r-- 1 root root   3522 Feb 21 17:46 noz.py
-rw-r--r-- 1 root root  22285 Feb 21 17:46 npo.py
-rw-r--r-- 1 root root   5742 Feb 21 17:46 npr.py
-rw-r--r-- 1 root root  33670 Feb 21 17:46 nrk.py
-rw-r--r-- 1 root root    953 Feb 21 17:46 nrl.py
-rw-r--r-- 1 root root   3290 Feb 21 17:46 nts.py
-rw-r--r-- 1 root root   3474 Feb 21 17:46 ntvcojp.py
-rw-r--r-- 1 root root   3711 Feb 21 17:46 ntvde.py
-rw-r--r-- 1 root root   7784 Feb 21 17:46 ntvru.py
-rw-r--r-- 1 root root   4529 Feb 21 17:46 nubilesporn.py
-rw-r--r-- 1 root root   1140 Feb 21 17:46 nuevo.py
-rw-r--r-- 1 root root   7415 Feb 21 17:46 nuum.py
-rw-r--r-- 1 root root   3529 Feb 21 17:46 nuvid.py
-rw-r--r-- 1 root root  18185 Feb 21 17:46 nytimes.py
-rw-r--r-- 1 root root   5851 Feb 21 17:46 nzherald.py
-rw-r--r-- 1 root root   3955 Feb 21 17:46 nzonscreen.py
-rw-r--r-- 1 root root   1158 Feb 21 17:46 nzz.py
-rw-r--r-- 1 root root   4287 Feb 21 17:46 odkmedia.py
-rw-r--r-- 1 root root  17114 Feb 21 17:46 odnoklassniki.py
-rw-r--r-- 1 root root   1921 Feb 21 17:46 oftv.py
-rw-r--r-- 1 root root   1430 Feb 21 17:46 oktoberfesttv.py
-rw-r--r-- 1 root root   6671 Feb 21 17:46 olympics.py
-rw-r--r-- 1 root root   5094 Feb 21 17:46 on24.py
-rw-r--r-- 1 root root   6738 Feb 21 17:46 ondemandkorea.py
-rw-r--r-- 1 root root   2239 Feb 21 17:46 onefootball.py
-rw-r--r-- 1 root root   5128 Feb 21 17:46 onenewsnz.py
-rw-r--r-- 1 root root   1844 Feb 21 17:46 oneplace.py
-rw-r--r-- 1 root root   9845 Feb 21 17:46 onet.py
-rw-r--r-- 1 root root   1693 Feb 21 17:46 onionstudios.py
-rw-r--r-- 1 root root   6137 Feb 21 17:46 onsen.py
-rw-r--r-- 1 root root   8207 Feb 21 17:46 opencast.py
-rw-r--r-- 1 root root   8611 Feb 21 17:46 openload.py
-rw-r--r-- 1 root root   6284 Feb 21 17:46 openrec.py
-rw-r--r-- 1 root root   3105 Feb 21 17:46 ora.py
-rw-r--r-- 1 root root  22252 Feb 21 17:46 orf.py
-rw-r--r-- 1 root root    939 Feb 21 17:46 outsidetv.py
-rw-r--r-- 1 root root   2709 Feb 21 17:46 owncloud.py
-rw-r--r-- 1 root root   6105 Feb 21 17:46 packtpub.py
-rw-r--r-- 1 root root   4382 Feb 21 17:46 palcomp3.py
-rw-r--r-- 1 root root   3517 Feb 21 17:46 pandatv.py
-rw-r--r-- 1 root root  25723 Feb 21 17:46 panopto.py
-rw-r--r-- 1 root root   3766 Feb 21 17:46 parler.py
-rw-r--r-- 1 root root   2611 Feb 21 17:46 parlview.py
-rw-r--r-- 1 root root   3721 Feb 21 17:46 parti.py
-rw-r--r-- 1 root root  31571 Feb 21 17:46 patreon.py
-rw-r--r-- 1 root root  41791 Feb 21 17:46 pbs.py
-rw-r--r-- 1 root root   2494 Feb 21 17:46 pearvideo.py
-rw-r--r-- 1 root root   7214 Feb 21 17:46 peekvids.py
-rw-r--r-- 1 root root  82764 Feb 21 17:46 peertube.py
-rw-r--r-- 1 root root   2175 Feb 21 17:46 peertv.py
-rw-r--r-- 1 root root   8873 Feb 21 17:46 peloton.py
-rw-r--r-- 1 root root   3179 Feb 21 17:46 performgroup.py
-rw-r--r-- 1 root root   7314 Feb 21 17:46 periscope.py
-rw-r--r-- 1 root root   1959 Feb 21 17:46 pgatour.py
-rw-r--r-- 1 root root   4021 Feb 21 17:46 philharmoniedeparis.py
-rw-r--r-- 1 root root   3661 Feb 21 17:46 phoenix.py
-rw-r--r-- 1 root root   1698 Feb 21 17:46 photobucket.py
-rw-r--r-- 1 root root   5522 Feb 21 17:46 pialive.py
-rw-r--r-- 1 root root   4302 Feb 21 17:46 piapro.py
-rw-r--r-- 1 root root   5295 Feb 21 17:46 picarto.py
-rw-r--r-- 1 root root   7206 Feb 21 17:46 piksel.py
-rw-r--r-- 1 root root   3351 Feb 21 17:46 pinkbike.py
-rw-r--r-- 1 root root  10545 Feb 21 17:46 pinterest.py
-rw-r--r-- 1 root root   3933 Feb 21 17:46 piramidetv.py
-rw-r--r-- 1 root root   2991 Feb 21 17:46 planetmarathi.py
-rw-r--r-- 1 root root   7315 Feb 21 17:46 platzi.py
-rw-r--r-- 1 root root   3162 Feb 21 17:46 playerfm.py
-rw-r--r-- 1 root root   3655 Feb 21 17:46 playplustv.py
-rw-r--r-- 1 root root  11394 Feb 21 17:46 playsuisse.py
-rw-r--r-- 1 root root   7047 Feb 21 17:46 playtvak.py
-rw-r--r-- 1 root root   2731 Feb 21 17:46 playwire.py
-rw-r--r-- 1 root root  18159 Feb 21 17:46 pluralsight.py
-rw-r--r-- 1 root root   8037 Feb 21 17:46 plutotv.py
-rw-r--r-- 1 root root   5600 Feb 21 17:46 plvideo.py
-rw-r--r-- 1 root root   4418 Feb 21 17:46 plyr.py
-rw-r--r-- 1 root root   3065 Feb 21 17:46 podbayfm.py
-rw-r--r-- 1 root root   4596 Feb 21 17:46 podchaser.py
-rw-r--r-- 1 root root   2581 Feb 21 17:46 podomatic.py
-rw-r--r-- 1 root root   4275 Feb 21 17:46 pokergo.py
-rw-r--r-- 1 root root   3145 Feb 21 17:46 polsatgo.py
-rw-r--r-- 1 root root  24440 Feb 21 17:46 polskieradio.py
-rw-r--r-- 1 root root   3235 Feb 21 17:46 popcorntimes.py
-rw-r--r-- 1 root root   2631 Feb 21 17:46 popcorntv.py
-rw-r--r-- 1 root root   4447 Feb 21 17:46 pornbox.py
-rw-r--r-- 1 root root   3474 Feb 21 17:46 pornflip.py
-rw-r--r-- 1 root root  31464 Feb 21 17:46 pornhub.py
-rw-r--r-- 1 root root   3098 Feb 21 17:46 pornotube.py
-rw-r--r-- 1 root root   3916 Feb 21 17:46 pornovoisines.py
-rw-r--r-- 1 root root   1905 Feb 21 17:46 pornoxo.py
-rw-r--r-- 1 root root   8104 Feb 21 17:46 pr0gramm.py
-rw-r--r-- 1 root root   6881 Feb 21 17:46 prankcast.py
-rw-r--r-- 1 root root   1836 Feb 21 17:46 premiershiprugby.py
-rw-r--r-- 1 root root   2320 Feb 21 17:46 presstv.py
-rw-r--r-- 1 root root   2473 Feb 21 17:46 projectveritas.py
-rw-r--r-- 1 root root  21453 Feb 21 17:46 prosiebensat1.py
-rw-r--r-- 1 root root  16123 Feb 21 17:46 prx.py
-rw-r--r-- 1 root root   8271 Feb 21 17:46 puhutv.py
-rw-r--r-- 1 root root   2202 Feb 21 17:46 puls4.py
-rw-r--r-- 1 root root   2674 Feb 21 17:46 pyvideo.py
-rw-r--r-- 1 root root   7422 Feb 21 17:46 qdance.py
-rw-r--r-- 1 root root   1911 Feb 21 17:46 qingting.py
-rw-r--r-- 1 root root  19323 Feb 21 17:46 qqmusic.py
-rw-r--r-- 1 root root   4637 Feb 21 17:46 r7.py
-rw-r--r-- 1 root root   9906 Feb 21 17:46 radiko.py
-rw-r--r-- 1 root root   6247 Feb 21 17:46 radiocanada.py
-rw-r--r-- 1 root root   6261 Feb 21 17:46 radiocomercial.py
-rw-r--r-- 1 root root   1748 Feb 21 17:46 radiode.py
-rw-r--r-- 1 root root  18182 Feb 21 17:46 radiofrance.py
-rw-r--r-- 1 root root   2706 Feb 21 17:46 radiojavan.py
-rw-r--r-- 1 root root   3347 Feb 21 17:46 radiokapital.py
-rw-r--r-- 1 root root   4031 Feb 21 17:46 radioradicale.py
-rw-r--r-- 1 root root   2180 Feb 21 17:46 radiozet.py
-rw-r--r-- 1 root root   6884 Feb 21 17:46 radlive.py
-rw-r--r-- 1 root root  36383 Feb 21 17:46 rai.py
-rw-r--r-- 1 root root   6034 Feb 21 17:46 raywenderlich.py
-rw-r--r-- 1 root root   5342 Feb 21 17:46 rbgtum.py
-rw-r--r-- 1 root root  16264 Feb 21 17:46 rcs.py
-rw-r--r-- 1 root root  16436 Feb 21 17:46 rcti.py
-rw-r--r-- 1 root root   2805 Feb 21 17:46 rds.py
-rw-r--r-- 1 root root  14613 Feb 21 17:46 redbee.py
-rw-r--r-- 1 root root   9240 Feb 21 17:46 redbulltv.py
-rw-r--r-- 1 root root  18815 Feb 21 17:46 reddit.py
-rw-r--r-- 1 root root   5199 Feb 21 17:46 redge.py
-rw-r--r-- 1 root root  10371 Feb 21 17:46 redgifs.py
-rw-r--r-- 1 root root   6209 Feb 21 17:46 redtube.py
-rw-r--r-- 1 root root   4068 Feb 21 17:46 rentv.py
-rw-r--r-- 1 root root   1278 Feb 21 17:46 restudy.py
-rw-r--r-- 1 root root   2357 Feb 21 17:46 reuters.py
-rw-r--r-- 1 root root   1583 Feb 21 17:46 reverbnation.py
-rw-r--r-- 1 root root   4653 Feb 21 17:46 rheinmaintv.py
-rw-r--r-- 1 root root   4419 Feb 21 17:46 ridehome.py
-rw-r--r-- 1 root root   3181 Feb 21 17:46 rinsefm.py
-rw-r--r-- 1 root root   2736 Feb 21 17:46 rmcdecouverte.py
-rw-r--r-- 1 root root   2160 Feb 21 17:46 rockstargames.py
-rw-r--r-- 1 root root  21052 Feb 21 17:46 rokfin.py
-rw-r--r-- 1 root root  15756 Feb 21 17:46 roosterteeth.py
-rw-r--r-- 1 root root   3047 Feb 21 17:46 rottentomatoes.py
-rw-r--r-- 1 root root   1473 Feb 21 17:46 roya.py
-rw-r--r-- 1 root root  15125 Feb 21 17:46 rozhlas.py
-rw-r--r-- 1 root root   6211 Feb 21 17:46 rte.py
-rw-r--r-- 1 root root   3638 Feb 21 17:46 rtl2.py
-rw-r--r-- 1 root root  12129 Feb 21 17:46 rtlnl.py
-rw-r--r-- 1 root root   7784 Feb 21 17:46 rtnews.py
-rw-r--r-- 1 root root   8435 Feb 21 17:46 rtp.py
-rw-r--r-- 1 root root   2744 Feb 21 17:46 rtrfm.py
-rw-r--r-- 1 root root   9491 Feb 21 17:46 rts.py
-rw-r--r-- 1 root root  11231 Feb 21 17:46 rtvcplay.py
-rw-r--r-- 1 root root  16729 Feb 21 17:46 rtve.py
-rw-r--r-- 1 root root   3629 Feb 21 17:46 rtvs.py
-rw-r--r-- 1 root root   7945 Feb 21 17:46 rtvslo.py
-rw-r--r-- 1 root root   5205 Feb 21 17:46 rudovideo.py
-rw-r--r-- 1 root root   5210 Feb 21 17:46 rule34video.py
-rw-r--r-- 1 root root  16587 Feb 21 17:46 rumble.py
-rw-r--r-- 1 root root  18067 Feb 21 17:46 rutube.py
-rw-r--r-- 1 root root  10791 Feb 21 17:46 ruutu.py
-rw-r--r-- 1 root root   6857 Feb 21 17:46 ruv.py
-rw-r--r-- 1 root root   4168 Feb 21 17:46 s4c.py
-rw-r--r-- 1 root root   9727 Feb 21 17:46 safari.py
-rw-r--r-- 1 root root   3010 Feb 21 17:46 saitosan.py
-rw-r--r-- 1 root root   4065 Feb 21 17:46 samplefocus.py
-rw-r--r-- 1 root root   4396 Feb 21 17:46 sapo.py
-rw-r--r-- 1 root root   2106 Feb 21 17:46 sauceplus.py
-rw-r--r-- 1 root root   6917 Feb 21 17:46 sbs.py
-rw-r--r-- 1 root root   8282 Feb 21 17:46 sbscokr.py
-rw-r--r-- 1 root root   2606 Feb 21 17:46 screen9.py
-rw-r--r-- 1 root root   4563 Feb 21 17:46 screencast.py
-rw-r--r-- 1 root root   2518 Feb 21 17:46 screencastify.py
-rw-r--r-- 1 root root   2952 Feb 21 17:46 screencastomatic.py
-rw-r--r-- 1 root root   1171 Feb 21 17:46 screenrec.py
-rw-r--r-- 1 root root   5957 Feb 21 17:46 scrippsnetworks.py
-rw-r--r-- 1 root root   3766 Feb 21 17:46 scrolller.py
-rw-r--r-- 1 root root   8609 Feb 21 17:46 sejmpl.py
-rw-r--r-- 1 root root   1459 Feb 21 17:46 sen.py
-rw-r--r-- 1 root root   1068 Feb 21 17:46 senalcolombia.py
-rw-r--r-- 1 root root  12423 Feb 21 17:46 senategov.py
-rw-r--r-- 1 root root   3936 Feb 21 17:46 sendtonews.py
-rw-r--r-- 1 root root   5793 Feb 21 17:46 servus.py
-rw-r--r-- 1 root root   4910 Feb 21 17:46 sevenplus.py
-rw-r--r-- 1 root root   1945 Feb 21 17:46 sexu.py
-rw-r--r-- 1 root root   7553 Feb 21 17:46 seznamzpravy.py
-rw-r--r-- 1 root root   8286 Feb 21 17:46 shahid.py
-rw-r--r-- 1 root root   5505 Feb 21 17:46 sharepoint.py
-rw-r--r-- 1 root root    237 Feb 21 17:46 sharevideos.py
-rw-r--r-- 1 root root   4226 Feb 21 17:46 shemaroome.py
-rw-r--r-- 1 root root   1234 Feb 21 17:46 shiey.py
-rw-r--r-- 1 root root   2971 Feb 21 17:46 showroomlive.py
-rw-r--r-- 1 root root    743 Feb 21 17:46 sibnet.py
-rw-r--r-- 1 root root   7041 Feb 21 17:46 simplecast.py
-rw-r--r-- 1 root root   4187 Feb 21 17:46 sina.py
-rw-r--r-- 1 root root   5023 Feb 21 17:46 skeb.py
-rw-r--r-- 1 root root   5399 Feb 21 17:46 sky.py
-rw-r--r-- 1 root root  12644 Feb 21 17:46 skyit.py
-rw-r--r-- 1 root root   1399 Feb 21 17:46 skylinewebcams.py
-rw-r--r-- 1 root root   5332 Feb 21 17:46 skynewsarabia.py
-rw-r--r-- 1 root root   1809 Feb 21 17:46 skynewsau.py
-rw-r--r-- 1 root root   2054 Feb 21 17:46 slideshare.py
-rw-r--r-- 1 root root  21042 Feb 21 17:46 slideslive.py
-rw-r--r-- 1 root root   2303 Feb 21 17:46 slutload.py
-rw-r--r-- 1 root root  15203 Feb 21 17:46 smotrim.py
-rw-r--r-- 1 root root   3639 Feb 21 17:46 snapchat.py
-rw-r--r-- 1 root root   2430 Feb 21 17:46 snotr.py
-rw-r--r-- 1 root root   4023 Feb 21 17:46 softwhiteunderbelly.py
-rw-r--r-- 1 root root  11127 Feb 21 17:46 sohu.py
-rw-r--r-- 1 root root  10678 Feb 21 17:46 sonyliv.py
-rw-r--r-- 1 root root  48248 Feb 21 17:46 soundcloud.py
-rw-r--r-- 1 root root   2352 Feb 21 17:46 soundgasm.py
-rw-r--r-- 1 root root  15149 Feb 21 17:46 southpark.py
-rw-r--r-- 1 root root   7788 Feb 21 17:46 sovietscloset.py
-rw-r--r-- 1 root root   7520 Feb 21 17:46 spankbang.py
-rw-r--r-- 1 root root   2323 Feb 21 17:46 spiegel.py
-rw-r--r-- 1 root root   3150 Feb 21 17:46 sport5.py
-rw-r--r-- 1 root root   3579 Feb 21 17:46 sportbox.py
-rw-r--r-- 1 root root   7331 Feb 21 17:46 sportdeutschland.py
-rw-r--r-- 1 root root   6466 Feb 21 17:46 spreaker.py
-rw-r--r-- 1 root root   4341 Feb 21 17:46 springboardplatform.py
-rw-r--r-- 1 root root   8650 Feb 21 17:46 sproutvideo.py
-rw-r--r-- 1 root root   9901 Feb 21 17:46 srgssr.py
-rw-r--r-- 1 root root   4048 Feb 21 17:46 srmediathek.py
-rw-r--r-- 1 root root   9678 Feb 21 17:46 stacommu.py
-rw-r--r-- 1 root root  10878 Feb 21 17:46 stageplus.py
-rw-r--r-- 1 root root   3491 Feb 21 17:46 stanfordoc.py
-rw-r--r-- 1 root root   3393 Feb 21 17:46 startrek.py
-rw-r--r-- 1 root root   3493 Feb 21 17:46 startv.py
-rw-r--r-- 1 root root   8208 Feb 21 17:46 steam.py
-rw-r--r-- 1 root root   5289 Feb 21 17:46 stitcher.py
-rw-r--r-- 1 root root   4707 Feb 21 17:46 storyfire.py
-rw-r--r-- 1 root root  10339 Feb 21 17:46 streaks.py
-rw-r--r-- 1 root root   3919 Feb 21 17:46 streamable.py
-rw-r--r-- 1 root root   5010 Feb 21 17:46 streamcz.py
-rw-r--r-- 1 root root   3562 Feb 21 17:46 streetvoice.py
-rw-r--r-- 1 root root   1299 Feb 21 17:46 stretchinternet.py
-rw-r--r-- 1 root root   2503 Feb 21 17:46 stripchat.py
-rw-r--r-- 1 root root   3267 Feb 21 17:46 stv.py
-rw-r--r-- 1 root root   8349 Feb 21 17:46 subsplash.py
-rw-r--r-- 1 root root   6600 Feb 21 17:46 substack.py
-rw-r--r-- 1 root root   2527 Feb 21 17:46 sunporno.py
-rw-r--r-- 1 root root   5493 Feb 21 17:46 sverigesradio.py
-rw-r--r-- 1 root root  17346 Feb 21 17:46 svt.py
-rw-r--r-- 1 root root   1945 Feb 21 17:46 swearnet.py
-rw-r--r-- 1 root root   1240 Feb 21 17:46 syvdk.py
-rw-r--r-- 1 root root   1616 Feb 21 17:46 sztvhu.py
-rw-r--r-- 1 root root   6189 Feb 21 17:46 tagesschau.py
-rw-r--r-- 1 root root  10513 Feb 21 17:46 taptap.py
-rw-r--r-- 1 root root   9018 Feb 21 17:46 tarangplus.py
-rw-r--r-- 1 root root   1944 Feb 21 17:46 tass.py
-rw-r--r-- 1 root root   7851 Feb 21 17:46 tbs.py
-rw-r--r-- 1 root root   7536 Feb 21 17:46 tbsjp.py
-rw-r--r-- 1 root root  10426 Feb 21 17:46 teachable.py
-rw-r--r-- 1 root root   4343 Feb 21 17:46 teachertube.py
-rw-r--r-- 1 root root   1042 Feb 21 17:46 teachingchannel.py
-rw-r--r-- 1 root root  10067 Feb 21 17:46 teamcoco.py
-rw-r--r-- 1 root root   5374 Feb 21 17:46 teamtreehouse.py
-rw-r--r-- 1 root root  10454 Feb 21 17:46 ted.py
-rw-r--r-- 1 root root   3249 Feb 21 17:46 tele13.py
-rw-r--r-- 1 root root   3184 Feb 21 17:46 tele5.py
-rw-r--r-- 1 root root   2816 Feb 21 17:46 telebruxelles.py
-rw-r--r-- 1 root root   3118 Feb 21 17:46 telecaribe.py
-rw-r--r-- 1 root root   7822 Feb 21 17:46 telecinco.py
-rw-r--r-- 1 root root   3001 Feb 21 17:46 telegraaf.py
-rw-r--r-- 1 root root   5086 Feb 21 17:46 telegram.py
-rw-r--r-- 1 root root   2894 Feb 21 17:46 telemb.py
-rw-r--r-- 1 root root   2396 Feb 21 17:46 telemundo.py
-rw-r--r-- 1 root root   8945 Feb 21 17:46 telequebec.py
-rw-r--r-- 1 root root   1716 Feb 21 17:46 teletask.py
-rw-r--r-- 1 root root   5433 Feb 21 17:46 telewebion.py
-rw-r--r-- 1 root root   4895 Feb 21 17:46 tempo.py
-rw-r--r-- 1 root root  19887 Feb 21 17:46 tencent.py
-rw-r--r-- 1 root root   7265 Feb 21 17:46 tennistv.py
-rw-r--r-- 1 root root  13682 Feb 21 17:46 tenplay.py
-rw-r--r-- 1 root root   2093 Feb 21 17:46 testurl.py
-rw-r--r-- 1 root root   3857 Feb 21 17:46 tf1.py
-rw-r--r-- 1 root root   2010 Feb 21 17:46 tfo.py
-rw-r--r-- 1 root root   6097 Feb 21 17:46 theguardian.py
-rw-r--r-- 1 root root   1524 Feb 21 17:46 thehighwire.py
-rw-r--r-- 1 root root   1463 Feb 21 17:46 theholetv.py
-rw-r--r-- 1 root root   1712 Feb 21 17:46 theintercept.py
-rw-r--r-- 1 root root  18339 Feb 21 17:46 theplatform.py
-rw-r--r-- 1 root root   1348 Feb 21 17:46 thestar.py
-rw-r--r-- 1 root root   1656 Feb 21 17:46 thesun.py
-rw-r--r-- 1 root root   4110 Feb 21 17:46 theweatherchannel.py
-rw-r--r-- 1 root root   1505 Feb 21 17:46 thisamericanlife.py
-rw-r--r-- 1 root root   5980 Feb 21 17:46 thisoldhouse.py
-rw-r--r-- 1 root root   8628 Feb 21 17:46 thisvid.py
-rw-r--r-- 1 root root   6219 Feb 21 17:46 threeqsdn.py
-rw-r--r-- 1 root root   4025 Feb 21 17:46 threespeak.py
-rw-r--r-- 1 root root  76135 Feb 21 17:46 tiktok.py
-rw-r--r-- 1 root root   9626 Feb 21 17:46 tmz.py
-rw-r--r-- 1 root root  13561 Feb 21 17:46 tnaflix.py
-rw-r--r-- 1 root root   7892 Feb 21 17:46 toggle.py
-rw-r--r-- 1 root root   3404 Feb 21 17:46 toggo.py
-rw-r--r-- 1 root root   1942 Feb 21 17:46 tonline.py
-rw-r--r-- 1 root root   2973 Feb 21 17:46 toongoggles.py
-rw-r--r-- 1 root root   4714 Feb 21 17:46 toutiao.py
-rw-r--r-- 1 root root   3528 Feb 21 17:46 toutv.py
-rw-r--r-- 1 root root   2726 Feb 21 17:46 toypics.py
-rw-r--r-- 1 root root   2585 Feb 21 17:46 traileraddict.py
-rw-r--r-- 1 root root  13594 Feb 21 17:46 triller.py
-rw-r--r-- 1 root root  12900 Feb 21 17:46 trovo.py
-rw-r--r-- 1 root root   1941 Feb 21 17:46 trtcocuk.py
-rw-r--r-- 1 root root   4717 Feb 21 17:46 trtworld.py
-rw-r--r-- 1 root root   6362 Feb 21 17:46 trueid.py
-rw-r--r-- 1 root root   1444 Feb 21 17:46 trunews.py
-rw-r--r-- 1 root root   2821 Feb 21 17:46 truth.py
-rw-r--r-- 1 root root   6248 Feb 21 17:46 tube8.py
-rw-r--r-- 1 root root  11143 Feb 21 17:46 tubetugraz.py
-rw-r--r-- 1 root root   8771 Feb 21 17:46 tubitv.py
-rw-r--r-- 1 root root  24756 Feb 21 17:46 tumblr.py
-rw-r--r-- 1 root root  12542 Feb 21 17:46 tunein.py
-rw-r--r-- 1 root root  11459 Feb 21 17:46 turner.py
-rw-r--r-- 1 root root  13722 Feb 21 17:46 tv2.py
-rw-r--r-- 1 root root   3648 Feb 21 17:46 tv24ua.py
-rw-r--r-- 1 root root   6210 Feb 21 17:46 tv2dk.py
-rw-r--r-- 1 root root   3964 Feb 21 17:46 tv2hu.py
-rw-r--r-- 1 root root   5480 Feb 21 17:46 tv4.py
-rw-r--r-- 1 root root   7774 Feb 21 17:46 tv5mondeplus.py
-rw-r--r-- 1 root root   5334 Feb 21 17:46 tv5unis.py
-rw-r--r-- 1 root root   3141 Feb 21 17:46 tva.py
-rw-r--r-- 1 root root   2324 Feb 21 17:46 tvanouvelles.py
-rw-r--r-- 1 root root   4099 Feb 21 17:46 tvc.py
-rw-r--r-- 1 root root  16606 Feb 21 17:46 tver.py
-rw-r--r-- 1 root root   5030 Feb 21 17:46 tvigle.py
-rw-r--r-- 1 root root   3251 Feb 21 17:46 tviplayer.py
-rw-r--r-- 1 root root   3842 Feb 21 17:46 tvn24.py
-rw-r--r-- 1 root root   3235 Feb 21 17:46 tvnoe.py
-rw-r--r-- 1 root root   5705 Feb 21 17:46 tvo.py
-rw-r--r-- 1 root root   6009 Feb 21 17:46 tvopengr.py
-rw-r--r-- 1 root root  25709 Feb 21 17:46 tvp.py
-rw-r--r-- 1 root root  11828 Feb 21 17:46 tvplay.py
-rw-r--r-- 1 root root   2698 Feb 21 17:46 tvplayer.py
-rw-r--r-- 1 root root   8980 Feb 21 17:46 tvw.py
-rw-r--r-- 1 root root   2087 Feb 21 17:46 tweakers.py
-rw-r--r-- 1 root root   3036 Feb 21 17:46 twentymin.py
-rw-r--r-- 1 root root   3241 Feb 21 17:46 twentythreevideo.py
-rw-r--r-- 1 root root  12990 Feb 21 17:46 twitcasting.py
-rw-r--r-- 1 root root  47934 Feb 21 17:46 twitch.py
-rw-r--r-- 1 root root  76930 Feb 21 17:46 twitter.py
-rw-r--r-- 1 root root  17085 Feb 21 17:46 txxx.py
-rw-r--r-- 1 root root  19341 Feb 21 17:46 udemy.py
-rw-r--r-- 1 root root   3879 Feb 21 17:46 udn.py
-rw-r--r-- 1 root root    454 Feb 21 17:46 ufctv.py
-rw-r--r-- 1 root root   2459 Feb 21 17:46 ukcolumn.py
-rw-r--r-- 1 root root   1458 Feb 21 17:46 uktvplay.py
-rw-r--r-- 1 root root   4993 Feb 21 17:46 uliza.py
-rw-r--r-- 1 root root   2240 Feb 21 17:46 umg.py
-rw-r--r-- 1 root root   2078 Feb 21 17:46 unistra.py
-rw-r--r-- 1 root root   1289 Feb 21 17:46 unitednations.py
-rw-r--r-- 1 root root   1209 Feb 21 17:46 unity.py
-rw-r--r-- 1 root root  11185 Feb 21 17:46 unsupported.py
-rw-r--r-- 1 root root   5307 Feb 21 17:46 uol.py
-rw-r--r-- 1 root root   3352 Feb 21 17:46 uplynk.py
-rw-r--r-- 1 root root   2136 Feb 21 17:46 urort.py
-rw-r--r-- 1 root root   7733 Feb 21 17:46 urplay.py
-rw-r--r-- 1 root root    798 Feb 21 17:46 usanetwork.py
-rw-r--r-- 1 root root   2609 Feb 21 17:46 usatoday.py
-rw-r--r-- 1 root root  10463 Feb 21 17:46 ustream.py
-rw-r--r-- 1 root root   4246 Feb 21 17:46 ustudio.py
-rw-r--r-- 1 root root   3726 Feb 21 17:46 utreon.py
-rw-r--r-- 1 root root   3045 Feb 21 17:46 varzesh3.py
-rw-r--r-- 1 root root   4898 Feb 21 17:46 vbox7.py
-rw-r--r-- 1 root root   2732 Feb 21 17:46 veo.py
-rw-r--r-- 1 root root  13432 Feb 21 17:46 vevo.py
-rw-r--r-- 1 root root  10834 Feb 21 17:46 vgtv.py
-rw-r--r-- 1 root root   2011 Feb 21 17:46 vh1.py
-rw-r--r-- 1 root root  12387 Feb 21 17:46 vice.py
-rw-r--r-- 1 root root   5337 Feb 21 17:46 viddler.py
-rw-r--r-- 1 root root   7230 Feb 21 17:46 videa.py
-rw-r--r-- 1 root root  12548 Feb 21 17:46 videocampus_sachsen.py
-rw-r--r-- 1 root root    865 Feb 21 17:46 videodetective.py
-rw-r--r-- 1 root root   1738 Feb 21 17:46 videofyme.py
-rw-r--r-- 1 root root  13773 Feb 21 17:46 videoken.py
-rw-r--r-- 1 root root  11232 Feb 21 17:46 videomore.py
-rw-r--r-- 1 root root   3655 Feb 21 17:46 videopress.py
-rw-r--r-- 1 root root   6057 Feb 21 17:46 vidflex.py
-rw-r--r-- 1 root root  13732 Feb 21 17:46 vidio.py
-rw-r--r-- 1 root root   5796 Feb 21 17:46 vidlii.py
-rw-r--r-- 1 root root   3062 Feb 21 17:46 vidly.py
-rw-r--r-- 1 root root  19785 Feb 21 17:46 vidyard.py
-rw-r--r-- 1 root root  15349 Feb 21 17:46 viewlift.py
-rw-r--r-- 1 root root   7284 Feb 21 17:46 viidea.py
-rw-r--r-- 1 root root 102453 Feb 21 17:46 vimeo.py
-rw-r--r-- 1 root root   2154 Feb 21 17:46 vimm.py
-rw-r--r-- 1 root root   2573 Feb 21 17:46 viously.py
-rw-r--r-- 1 root root   3498 Feb 21 17:46 viqeo.py
-rw-r--r-- 1 root root   4912 Feb 21 17:46 visir.py
-rw-r--r-- 1 root root  21188 Feb 21 17:46 viu.py
-rw-r--r-- 1 root root  39149 Feb 21 17:46 vk.py
-rw-r--r-- 1 root root   2147 Feb 21 17:46 vocaroo.py
-rw-r--r-- 1 root root    975 Feb 21 17:46 vodpl.py
-rw-r--r-- 1 root root   1617 Feb 21 17:46 vodplatform.py
-rw-r--r-- 1 root root   5325 Feb 21 17:46 voicy.py
-rw-r--r-- 1 root root   5854 Feb 21 17:46 volejtv.py
-rw-r--r-- 1 root root   9248 Feb 21 17:46 voxmedia.py
-rw-r--r-- 1 root root   6619 Feb 21 17:46 vrsquare.py
-rw-r--r-- 1 root root  25324 Feb 21 17:46 vrt.py
-rw-r--r-- 1 root root   1692 Feb 21 17:46 vtm.py
-rw-r--r-- 1 root root   5310 Feb 21 17:46 vtv.py
-rw-r--r-- 1 root root   2162 Feb 21 17:46 vuclip.py
-rw-r--r-- 1 root root  12597 Feb 21 17:46 vvvvid.py
-rw-r--r-- 1 root root   2719 Feb 21 17:46 walla.py
-rw-r--r-- 1 root root   5786 Feb 21 17:46 washingtonpost.py
-rw-r--r-- 1 root root   5084 Feb 21 17:46 wat.py
-rw-r--r-- 1 root root  15055 Feb 21 17:46 wdr.py
-rw-r--r-- 1 root root   1586 Feb 21 17:46 webcamerapl.py
-rw-r--r-- 1 root root   3658 Feb 21 17:46 webcaster.py
-rw-r--r-- 1 root root   5314 Feb 21 17:46 webofstories.py
-rw-r--r-- 1 root root  17223 Feb 21 17:46 weibo.py
-rw-r--r-- 1 root root   1645 Feb 21 17:46 weiqitv.py
-rw-r--r-- 1 root root  32614 Feb 21 17:46 weverse.py
-rw-r--r-- 1 root root   4159 Feb 21 17:46 wevidi.py
-rw-r--r-- 1 root root   3497 Feb 21 17:46 weyyak.py
-rw-r--r-- 1 root root   3860 Feb 21 17:46 whowatch.py
-rw-r--r-- 1 root root   2196 Feb 21 17:46 whyp.py
-rw-r--r-- 1 root root   2323 Feb 21 17:46 wikimedia.py
-rw-r--r-- 1 root root   2285 Feb 21 17:46 wimbledon.py
-rw-r--r-- 1 root root   5777 Feb 21 17:46 wimtv.py
-rw-r--r-- 1 root root  17066 Feb 21 17:46 wistia.py
-rw-r--r-- 1 root root   7205 Feb 21 17:46 wordpress.py
-rw-r--r-- 1 root root   1305 Feb 21 17:46 worldstarhiphop.py
-rw-r--r-- 1 root root   6087 Feb 21 17:46 wppilot.py
-rw-r--r-- 1 root root  13252 Feb 21 17:46 wrestleuniverse.py
-rw-r--r-- 1 root root   5096 Feb 21 17:46 wsj.py
-rw-r--r-- 1 root root   4435 Feb 21 17:46 wwe.py
-rw-r--r-- 1 root root  10729 Feb 21 17:46 wykop.py
-rw-r--r-- 1 root root   2320 Feb 21 17:46 xboxclips.py
-rw-r--r-- 1 root root  27130 Feb 21 17:46 xhamster.py
-rw-r--r-- 1 root root   5018 Feb 21 17:46 xiaohongshu.py
-rw-r--r-- 1 root root   9585 Feb 21 17:46 ximalaya.py
-rw-r--r-- 1 root root   3882 Feb 21 17:46 xinpianchang.py
-rw-r--r-- 1 root root   2902 Feb 21 17:46 xminus.py
-rw-r--r-- 1 root root   2887 Feb 21 17:46 xnxx.py
-rw-r--r-- 1 root root   3869 Feb 21 17:46 xstream.py
-rw-r--r-- 1 root root   8598 Feb 21 17:46 xvideos.py
-rw-r--r-- 1 root root   2613 Feb 21 17:46 xxxymovies.py
-rw-r--r-- 1 root root  15642 Feb 21 17:46 yahoo.py
-rw-r--r-- 1 root root   5117 Feb 21 17:46 yandexdisk.py
-rw-r--r-- 1 root root  17423 Feb 21 17:46 yandexmusic.py
-rw-r--r-- 1 root root  17989 Feb 21 17:46 yandexvideo.py
-rw-r--r-- 1 root root   3253 Feb 21 17:46 yapfiles.py
-rw-r--r-- 1 root root   5653 Feb 21 17:46 yappy.py
-rw-r--r-- 1 root root   2320 Feb 21 17:46 yfanefa.py
-rw-r--r-- 1 root root   8036 Feb 21 17:46 yle_areena.py
-rw-r--r-- 1 root root   3025 Feb 21 17:46 youjizz.py
-rw-r--r-- 1 root root  10927 Feb 21 17:46 youku.py
-rw-r--r-- 1 root root   6852 Feb 21 17:46 younow.py
-rw-r--r-- 1 root root  22521 Feb 21 17:46 youporn.py
drwxr-xr-x 1 root root    222 Feb 21 17:46 youtube
-rw-r--r-- 1 root root   6302 Feb 21 17:46 zaiko.py
-rw-r--r-- 1 root root   4048 Feb 21 17:46 zapiks.py
-rw-r--r-- 1 root root  29267 Feb 21 17:46 zattoo.py
-rw-r--r-- 1 root root  36250 Feb 21 17:46 zdf.py
-rw-r--r-- 1 root root  11983 Feb 21 17:46 zee5.py
-rw-r--r-- 1 root root   3219 Feb 21 17:46 zeenews.py
-rw-r--r-- 1 root root   4807 Feb 21 17:46 zenporn.py
-rw-r--r-- 1 root root   3918 Feb 21 17:46 zetland.py
-rw-r--r-- 1 root root   2546 Feb 21 17:46 zhihu.py
-rw-r--r-- 1 root root  23549 Feb 21 17:46 zingmp3.py
-rw-r--r-- 1 root root   7305 Feb 21 17:46 zoom.py
-rw-r--r-- 1 root root   5507 Feb 21 17:46 zype.py

/home/sektor/projects/slackbuilds/ap/yt-dlp/pkg/usr/lib/python3.11/site-packages/yt_dlp/extractor/__pycache__:
total 21752
-rw-r--r-- 1 root root   3665 Feb 21 17:46 __init__.cpython-311.opt-1.pyc
-rw-r--r-- 1 root root   3665 Feb 21 17:46 __init__.cpython-311.pyc
-rw-r--r-- 1 root root 105904 Feb 21 17:46 _extractors.cpython-311.opt-1.pyc
-rw-r--r-- 1 root root 105904 Feb 21 17:46 _extractors.cpython-311.pyc
-rw-r--r-- 1 root root  20311 Feb 21 17:46 abc.cpython-311.opt-1.pyc
-rw-r--r-- 1 root root  20311 Feb 21 17:46 abc.cpython-311.pyc
-rw-r--r-- 1 root root   7566 Feb 21 17:46 abcnews.cpython-311.opt-1.pyc
-rw-r--r-- 1 root root   7566 Feb 21 17:46 abcnews.cpython-311.pyc
-rw-r--r-- 1 root root   5844 Feb 21 17:46 abcotvs.cpython-311.opt-1.pyc
-rw-r--r-- 1 root root   5844 Feb 21 17:46 abcotvs.cpython-311.pyc
-rw-r--r-- 1 root root  24604 Feb 21 17:46 abematv.cpython-311.opt-1.pyc
-rw-r--r-- 1 root root  24604 Feb 21 17:46 abematv.cpython-311.pyc
-rw-r--r-- 1 root root   2147 Feb 21 17:46 academicearth.cpython-311.opt-1.pyc
-rw-r--r-- 1 root root   2147 Feb 21 17:46 academicearth.cpython-311.pyc
-rw-r--r-- 1 root root   7886 Feb 21 17:46 acast.cpython-311.opt-1.pyc
-rw-r--r-- 1 root root   7886 Feb 21 17:46 acast.cpython-311.pyc
-rw-r--r-- 1 root root  10254 Feb 21 17:46 acfun.cpython-311.opt-1.pyc
-rw-r--r-- 1 root root  10254 Feb 21 17:46 acfun.cpython-311.pyc
-rw-r--r-- 1 root root  18133 Feb 21 17:46 adn.cpython-311.opt-1.pyc
-rw-r--r-- 1 root root  18133 Feb 21 17:46 adn.cpython-311.pyc
-rw-r--r-- 1 root root   2296 Feb 21 17:46 adobeconnect.cpython-311.opt-1.pyc
-rw-r--r-- 1 root root   2296 Feb 21 17:46 adobeconnect.cpython-311.pyc
-rw-r--r-- 1 root root  53211 Feb 21 17:46 adobepass.cpython-311.opt-1.pyc
-rw-r--r-- 1 root root  53211 Feb 21 17:46 adobepass.cpython-311.pyc
-rw-r--r-- 1 root root   5061 Feb 21 17:46 adobetv.cpython-311.opt-1.pyc
-rw-r--r-- 1 root root   5061 Feb 21 17:46 adobetv.cpython-311.pyc
-rw-r--r-- 1 root root   8910 Feb 21 17:46 adultswim.cpython-311.opt-1.pyc
-rw-r--r-- 1 root root   8910 Feb 21 17:46 adultswim.cpython-311.pyc
-rw-r--r-- 1 root root  20932 Feb 21 17:46 aenetworks.cpython-311.opt-1.pyc
-rw-r--r-- 1 root root  20932 Feb 21 17:46 aenetworks.cpython-311.pyc
-rw-r--r-- 1 root root   3859 Feb 21 17:46 aeonco.cpython-311.opt-1.pyc
-rw-r--r-- 1 root root   3859 Feb 21 17:46 aeonco.cpython-311.pyc
-rw-r--r-- 1 root root  22229 Feb 21 17:46 afreecatv.cpython-311.opt-1.pyc
-rw-r--r-- 1 root root  22229 Feb 21 17:46 afreecatv.cpython-311.pyc
-rw-r--r-- 1 root root   5013 Feb 21 17:46 agalega.cpython-311.opt-1.pyc
-rw-r--r-- 1 root root   5013 Feb 21 17:46 agalega.cpython-311.pyc
-rw-r--r-- 1 root root  11540 Feb 21 17:46 agora.cpython-311.opt-1.pyc
-rw-r--r-- 1 root root  11540 Feb 21 17:46 agora.cpython-311.pyc
-rw-r--r-- 1 root root   5516 Feb 21 17:46 airtv.cpython-311.opt-1.pyc
-rw-r--r-- 1 root root   5516 Feb 21 17:46 airtv.cpython-311.pyc
-rw-r--r-- 1 root root   3647 Feb 21 17:46 aitube.cpython-311.opt-1.pyc
-rw-r--r-- 1 root root   3647 Feb 21 17:46 aitube.cpython-311.pyc
-rw-r--r-- 1 root root   2864 Feb 21 17:46 alibaba.cpython-311.opt-1.pyc
-rw-r--r-- 1 root root   2864 Feb 21 17:46 alibaba.cpython-311.pyc
-rw-r--r-- 1 root root   2324 Feb 21 17:46 aliexpress.cpython-311.opt-1.pyc
-rw-r--r-- 1 root root   2324 Feb 21 17:46 aliexpress.cpython-311.pyc
-rw-r--r-- 1 root root   3996 Feb 21 17:46 aljazeera.cpython-311.opt-1.pyc
-rw-r--r-- 1 root root   3996 Feb 21 17:46 aljazeera.cpython-311.pyc
-rw-r--r-- 1 root root   5203 Feb 21 17:46 allocine.cpython-311.opt-1.pyc
-rw-r--r-- 1 root root   5203 Feb 21 17:46 allocine.cpython-311.pyc
-rw-r--r-- 1 root root  10293 Feb 21 17:46 allstar.cpython-311.opt-1.pyc
-rw-r--r-- 1 root root  10293 Feb 21 17:46 allstar.cpython-311.pyc
-rw-r--r-- 1 root root   3273 Feb 21 17:46 alphaporno.cpython-311.opt-1.pyc
-rw-r--r-- 1 root root   3273 Feb 21 17:46 alphaporno.cpython-311.pyc
-rw-r--r-- 1 root root   4531 Feb 21 17:46 alsace20tv.cpython-311.opt-1.pyc
-rw-r--r-- 1 root root   4531 Feb 21 17:46 alsace20tv.cpython-311.pyc
-rw-r--r-- 1 root root   5650 Feb 21 17:46 altcensored.cpython-311.opt-1.pyc
-rw-r--r-- 1 root root   5650 Feb 21 17:46 altcensored.cpython-311.pyc
-rw-r--r-- 1 root root   8415 Feb 21 17:46 alura.cpython-311.opt-1.pyc
-rw-r--r-- 1 root root   8415 Feb 21 17:46 alura.cpython-311.pyc
-rw-r--r-- 1 root root   3980 Feb 21 17:46 amadeustv.cpython-311.opt-1.pyc
-rw-r--r-- 1 root root   3980 Feb 21 17:46 amadeustv.cpython-311.pyc
-rw-r--r-- 1 root root   3972 Feb 21 17:46 amara.cpython-311.opt-1.pyc
-rw-r--r-- 1 root root   3972 Feb 21 17:46 amara.cpython-311.pyc
-rw-r--r-- 1 root root   7654 Feb 21 17:46 amazon.cpython-311.opt-1.pyc
-rw-r--r-- 1 root root   7654 Feb 21 17:46 amazon.cpython-311.pyc
-rw-r--r-- 1 root root  13619 Feb 21 17:46 amazonminitv.cpython-311.opt-1.pyc
-rw-r--r-- 1 root root  13619 Feb 21 17:46 amazonminitv.cpython-311.pyc
-rw-r--r-- 1 root root   3262 Feb 21 17:46 amcnetworks.cpython-311.opt-1.pyc
-rw-r--r-- 1 root root   3262 Feb 21 17:46 amcnetworks.cpython-311.pyc
-rw-r--r-- 1 root root   9454 Feb 21 17:46 americastestkitchen.cpython-311.opt-1.pyc
-rw-r--r-- 1 root root   9454 Feb 21 17:46 americastestkitchen.cpython-311.pyc
-rw-r--r-- 1 root root   6011 Feb 21 17:46 amp.cpython-311.opt-1.pyc
-rw-r--r-- 1 root root   6011 Feb 21 17:46 amp.cpython-311.pyc
-rw-r--r-- 1 root root   4687 Feb 21 17:46 anchorfm.cpython-311.opt-1.pyc
-rw-r--r-- 1 root root   4687 Feb 21 17:46 anchorfm.cpython-311.pyc
-rw-r--r-- 1 root root   2985 Feb 21 17:46 angel.cpython-311.opt-1.pyc
-rw-r--r-- 1 root root   2985 Feb 21 17:46 angel.cpython-311.pyc
-rw-r--r-- 1 root root   8094 Feb 21 17:46 antenna.cpython-311.opt-1.pyc
-rw-r--r-- 1 root root   8094 Feb 21 17:46 antenna.cpython-311.pyc
-rw-r--r-- 1 root root  28347 Feb 21 17:46 anvato.cpython-311.opt-1.pyc
-rw-r--r-- 1 root root  28347 Feb 21 17:46 anvato.cpython-311.pyc
-rw-r--r-- 1 root root   6198 Feb 21 17:46 aol.cpython-311.opt-1.pyc
-rw-r--r-- 1 root root   6198 Feb 21 17:46 aol.cpython-311.pyc
-rw-r--r-- 1 root root   3885 Feb 21 17:46 apa.cpython-311.opt-1.pyc
-rw-r--r-- 1 root root   3885 Feb 21 17:46 apa.cpython-311.pyc
-rw-r--r-- 1 root root   4390 Feb 21 17:46 aparat.cpython-311.opt-1.pyc
-rw-r--r-- 1 root root   4390 Feb 21 17:46 aparat.cpython-311.pyc
-rw-r--r-- 1 root root   6057 Feb 21 17:46 appleconnect.cpython-311.opt-1.pyc
-rw-r--r-- 1 root root   6057 Feb 21 17:46 appleconnect.cpython-311.pyc
-rw-r--r-- 1 root root   3712 Feb 21 17:46 applepodcasts.cpython-311.opt-1.pyc
-rw-r--r-- 1 root root   3712 Feb 21 17:46 applepodcasts.cpython-311.pyc
-rw-r--r-- 1 root root  11336 Feb 21 17:46 appletrailers.cpython-311.opt-1.pyc
-rw-r--r-- 1 root root  11336 Feb 21 17:46 appletrailers.cpython-311.pyc
-rw-r--r-- 1 root root  50187 Feb 21 17:46 archiveorg.cpython-311.opt-1.pyc
-rw-r--r-- 1 root root  50187 Feb 21 17:46 archiveorg.cpython-311.pyc
-rw-r--r-- 1 root root   8575 Feb 21 17:46 arcpublishing.cpython-311.opt-1.pyc
-rw-r--r-- 1 root root   8575 Feb 21 17:46 arcpublishing.cpython-311.pyc
-rw-r--r-- 1 root root  35802 Feb 21 17:46 ard.cpython-311.opt-1.pyc
-rw-r--r-- 1 root root  35802 Feb 21 17:46 ard.cpython-311.pyc
-rw-r--r-- 1 root root   4589 Feb 21 17:46 arnes.cpython-311.opt-1.pyc
-rw-r--r-- 1 root root   4589 Feb 21 17:46 arnes.cpython-311.pyc
-rw-r--r-- 1 root root  11522 Feb 21 17:46 art19.cpython-311.opt-1.pyc
-rw-r--r-- 1 root root  11522 Feb 21 17:46 art19.cpython-311.pyc
-rw-r--r-- 1 root root  18500 Feb 21 17:46 arte.cpython-311.opt-1.pyc
-rw-r--r-- 1 root root  18500 Feb 21 17:46 arte.cpython-311.pyc
-rw-r--r-- 1 root root   8881 Feb 21 17:46 asobichannel.cpython-311.opt-1.pyc
-rw-r--r-- 1 root root   8881 Feb 21 17:46 asobichannel.cpython-311.pyc
-rw-r--r-- 1 root root   8326 Feb 21 17:46 asobistage.cpython-311.opt-1.pyc
-rw-r--r-- 1 root root   8326 Feb 21 17:46 asobistage.cpython-311.pyc
-rw-r--r-- 1 root root   8888 Feb 21 17:46 atresplayer.cpython-311.opt-1.pyc
-rw-r--r-- 1 root root   8888 Feb 21 17:46 atresplayer.cpython-311.pyc
-rw-r--r-- 1 root root   1816 Feb 21 17:46 atscaleconf.cpython-311.opt-1.pyc
-rw-r--r-- 1 root root   1816 Feb 21 17:46 atscaleconf.cpython-311.pyc
-rw-r--r-- 1 root root   6337 Feb 21 17:46 atvat.cpython-311.opt-1.pyc
-rw-r--r-- 1 root root   6337 Feb 21 17:46 atvat.cpython-311.pyc
-rw-r--r-- 1 root root   4803 Feb 21 17:46 audimedia.cpython-311.opt-1.pyc
-rw-r--r-- 1 root root   4803 Feb 21 17:46 audimedia.cpython-311.pyc
-rw-r--r-- 1 root root   3746 Feb 21 17:46 audioboom.cpython-311.opt-1.pyc
-rw-r--r-- 1 root root   3746 Feb 21 17:46 audioboom.cpython-311.pyc
-rw-r--r-- 1 root root   4141 Feb 21 17:46 audiodraft.cpython-311.opt-1.pyc
-rw-r--r-- 1 root root   4141 Feb 21 17:46 audiodraft.cpython-311.pyc
-rw-r--r-- 1 root root   5442 Feb 21 17:46 audiomack.cpython-311.opt-1.pyc
-rw-r--r-- 1 root root   5442 Feb 21 17:46 audiomack.cpython-311.pyc
-rw-r--r-- 1 root root  13617 Feb 21 17:46 audius.cpython-311.opt-1.pyc
-rw-r--r-- 1 root root  13617 Feb 21 17:46 audius.cpython-311.pyc
-rw-r--r-- 1 root root   9456 Feb 21 17:46 awaan.cpython-311.opt-1.pyc
-rw-r--r-- 1 root root   9456 Feb 21 17:46 awaan.cpython-311.pyc
-rw-r--r-- 1 root root   4828 Feb 21 17:46 aws.cpython-311.opt-1.pyc
-rw-r--r-- 1 root root   4828 Feb 21 17:46 aws.cpython-311.pyc
-rw-r--r-- 1 root root   4029 Feb 21 17:46 axs.cpython-311.opt-1.pyc
-rw-r--r-- 1 root root   4029 Feb 21 17:46 axs.cpython-311.pyc
-rw-r--r-- 1 root root   3190 Feb 21 17:46 azmedien.cpython-311.opt-1.pyc
-rw-r--r-- 1 root root   3190 Feb 21 17:46 azmedien.cpython-311.pyc
-rw-r--r-- 1 root root   2939 Feb 21 17:46 baidu.cpython-311.opt-1.pyc
-rw-r--r-- 1 root root   2939 Feb 21 17:46 baidu.cpython-311.pyc
-rw-r--r-- 1 root root  11493 Feb 21 17:46 banbye.cpython-311.opt-1.pyc
-rw-r--r-- 1 root root  11493 Feb 21 17:46 banbye.cpython-311.pyc
-rw-r--r-- 1 root root  23953 Feb 21 17:46 bandcamp.cpython-311.opt-1.pyc
-rw-r--r-- 1 root root  23953 Feb 21 17:46 bandcamp.cpython-311.pyc
-rw-r--r-- 1 root root  18263 Feb 21 17:46 bandlab.cpython-311.opt-1.pyc
-rw-r--r-- 1 root root  18263 Feb 21 17:46 bandlab.cpython-311.pyc
-rw-r--r-- 1 root root   8366 Feb 21 17:46 bannedvideo.cpython-311.opt-1.pyc
-rw-r--r-- 1 root root   8366 Feb 21 17:46 bannedvideo.cpython-311.pyc
-rw-r--r-- 1 root root  83370 Feb 21 17:46 bbc.cpython-311.opt-1.pyc
-rw-r--r-- 1 root root  83370 Feb 21 17:46 bbc.cpython-311.pyc
-rw-r--r-- 1 root root   3529 Feb 21 17:46 beacon.cpython-311.opt-1.pyc
-rw-r--r-- 1 root root   3529 Feb 21 17:46 beacon.cpython-311.pyc
-rw-r--r-- 1 root root   4418 Feb 21 17:46 beatbump.cpython-311.opt-1.pyc
-rw-r--r-- 1 root root   4418 Feb 21 17:46 beatbump.cpython-311.pyc
-rw-r--r-- 1 root root   4467 Feb 21 17:46 beatport.cpython-311.opt-1.pyc
-rw-r--r-- 1 root root   4467 Feb 21 17:46 beatport.cpython-311.pyc
-rw-r--r-- 1 root root   4009 Feb 21 17:46 beeg.cpython-311.opt-1.pyc
-rw-r--r-- 1 root root   4009 Feb 21 17:46 beeg.cpython-311.pyc
-rw-r--r-- 1 root root   2377 Feb 21 17:46 behindkink.cpython-311.opt-1.pyc
-rw-r--r-- 1 root root   2377 Feb 21 17:46 behindkink.cpython-311.pyc
-rw-r--r-- 1 root root   4338 Feb 21 17:46 berufetv.cpython-311.opt-1.pyc
-rw-r--r-- 1 root root   4338 Feb 21 17:46 berufetv.cpython-311.pyc
-rw-r--r-- 1 root root   1919 Feb 21 17:46 bet.cpython-311.opt-1.pyc
-rw-r--r-- 1 root root   1919 Feb 21 17:46 bet.cpython-311.pyc
-rw-r--r-- 1 root root   2056 Feb 21 17:46 bfi.cpython-311.opt-1.pyc
-rw-r--r-- 1 root root   2056 Feb 21 17:46 bfi.cpython-311.pyc
-rw-r--r-- 1 root root   7739 Feb 21 17:46 bfmtv.cpython-311.opt-1.pyc
-rw-r--r-- 1 root root   7739 Feb 21 17:46 bfmtv.cpython-311.pyc
-rw-r--r-- 1 root root   9449 Feb 21 17:46 bibeltv.cpython-311.opt-1.pyc
-rw-r--r-- 1 root root   9449 Feb 21 17:46 bibeltv.cpython-311.pyc
-rw-r--r-- 1 root root   3290 Feb 21 17:46 bigflix.cpython-311.opt-1.pyc
-rw-r--r-- 1 root root   3290 Feb 21 17:46 bigflix.cpython-311.pyc
-rw-r--r-- 1 root root   2999 Feb 21 17:46 bigo.cpython-311.opt-1.pyc
-rw-r--r-- 1 root root   2999 Feb 21 17:46 bigo.cpython-311.pyc
-rw-r--r-- 1 root root   3370 Feb 21 17:46 bild.cpython-311.opt-1.pyc
-rw-r--r-- 1 root root   3370 Feb 21 17:46 bild.cpython-311.pyc
-rw-r--r-- 1 root root 127180 Feb 21 17:46 bilibili.cpython-311.opt-1.pyc
-rw-r--r-- 1 root root 127180 Feb 21 17:46 bilibili.cpython-311.pyc
-rw-r--r-- 1 root root   3528 Feb 21 17:46 biobiochiletv.cpython-311.opt-1.pyc
-rw-r--r-- 1 root root   3528 Feb 21 17:46 biobiochiletv.cpython-311.pyc
-rw-r--r-- 1 root root  15045 Feb 21 17:46 bitchute.cpython-311.opt-1.pyc
-rw-r--r-- 1 root root  15045 Feb 21 17:46 bitchute.cpython-311.pyc
-rw-r--r-- 1 root root   3439 Feb 21 17:46 bitmovin.cpython-311.opt-1.pyc
-rw-r--r-- 1 root root   3439 Feb 21 17:46 bitmovin.cpython-311.pyc
-rw-r--r-- 1 root root   9442 Feb 21 17:46 blackboardcollaborate.cpython-311.opt-1.pyc
-rw-r--r-- 1 root root   9442 Feb 21 17:46 blackboardcollaborate.cpython-311.pyc
-rw-r--r-- 1 root root   5229 Feb 21 17:46 bleacherreport.cpython-311.opt-1.pyc
-rw-r--r-- 1 root root   5229 Feb 21 17:46 bleacherreport.cpython-311.pyc
-rw-r--r-- 1 root root   5254 Feb 21 17:46 blerp.cpython-311.opt-1.pyc
-rw-r--r-- 1 root root   5254 Feb 21 17:46 blerp.cpython-311.pyc
-rw-r--r-- 1 root root   3297 Feb 21 17:46 blogger.cpython-311.opt-1.pyc
-rw-r--r-- 1 root root   3297 Feb 21 17:46 blogger.cpython-311.pyc
-rw-r--r-- 1 root root   3802 Feb 21 17:46 bloomberg.cpython-311.opt-1.pyc
-rw-r--r-- 1 root root   3802 Feb 21 17:46 bloomberg.cpython-311.pyc
-rw-r--r-- 1 root root  16700 Feb 21 17:46 bluesky.cpython-311.opt-1.pyc
-rw-r--r-- 1 root root  16700 Feb 21 17:46 bluesky.cpython-311.pyc
-rw-r--r-- 1 root root   3632 Feb 21 17:46 bokecc.cpython-311.opt-1.pyc
-rw-r--r-- 1 root root   3632 Feb 21 17:46 bokecc.cpython-311.pyc
-rw-r--r-- 1 root root   3157 Feb 21 17:46 bongacams.cpython-311.opt-1.pyc
-rw-r--r-- 1 root root   3157 Feb 21 17:46 bongacams.cpython-311.pyc
-rw-r--r-- 1 root root  10230 Feb 21 17:46 boosty.cpython-311.opt-1.pyc
-rw-r--r-- 1 root root  10230 Feb 21 17:46 boosty.cpython-311.pyc
-rw-r--r-- 1 root root   3550 Feb 21 17:46 bostonglobe.cpython-311.opt-1.pyc
-rw-r--r-- 1 root root   3550 Feb 21 17:46 bostonglobe.cpython-311.pyc
-rw-r--r-- 1 root root   5693 Feb 21 17:46 box.cpython-311.opt-1.pyc
-rw-r--r-- 1 root root   5693 Feb 21 17:46 box.cpython-311.pyc
-rw-r--r-- 1 root root   4659 Feb 21 17:46 boxcast.cpython-311.opt-1.pyc
-rw-r--r-- 1 root root   4659 Feb 21 17:46 boxcast.cpython-311.pyc
-rw-r--r-- 1 root root   7795 Feb 21 17:46 bpb.cpython-311.opt-1.pyc
-rw-r--r-- 1 root root   7795 Feb 21 17:46 bpb.cpython-311.pyc
-rw-r--r-- 1 root root   8800 Feb 21 17:46 br.cpython-311.opt-1.pyc
-rw-r--r-- 1 root root   8800 Feb 21 17:46 br.cpython-311.pyc
-rw-r--r-- 1 root root  14463 Feb 21 17:46 brainpop.cpython-311.opt-1.pyc
-rw-r--r-- 1 root root  14463 Feb 21 17:46 brainpop.cpython-311.pyc
-rw-r--r-- 1 root root   1970 Feb 21 17:46 breitbart.cpython-311.opt-1.pyc
-rw-r--r-- 1 root root   1970 Feb 21 17:46 breitbart.cpython-311.pyc
-rw-r--r-- 1 root root  41510 Feb 21 17:46 brightcove.cpython-311.opt-1.pyc
-rw-r--r-- 1 root root  41510 Feb 21 17:46 brightcove.cpython-311.pyc
-rw-r--r-- 1 root root   8311 Feb 21 17:46 brilliantpala.cpython-311.opt-1.pyc
-rw-r--r-- 1 root root   8311 Feb 21 17:46 brilliantpala.cpython-311.pyc
-rw-r--r-- 1 root root   4045 Feb 21 17:46 btvplus.cpython-311.opt-1.pyc
-rw-r--r-- 1 root root   4045 Feb 21 17:46 btvplus.cpython-311.pyc
-rw-r--r-- 1 root root   1740 Feb 21 17:46 bundesliga.cpython-311.opt-1.pyc
-rw-r--r-- 1 root root   1740 Feb 21 17:46 bundesliga.cpython-311.pyc
-rw-r--r-- 1 root root   6435 Feb 21 17:46 bundestag.cpython-311.opt-1.pyc
-rw-r--r-- 1 root root   6435 Feb 21 17:46 bundestag.cpython-311.pyc
-rw-r--r-- 1 root root   8978 Feb 21 17:46 bunnycdn.cpython-311.opt-1.pyc
-rw-r--r-- 1 root root   8978 Feb 21 17:46 bunnycdn.cpython-311.pyc
-rw-r--r-- 1 root root   2351 Feb 21 17:46 businessinsider.cpython-311.opt-1.pyc
-rw-r--r-- 1 root root   2351 Feb 21 17:46 businessinsider.cpython-311.pyc
-rw-r--r-- 1 root root   4080 Feb 21 17:46 buzzfeed.cpython-311.opt-1.pyc
-rw-r--r-- 1 root root   4080 Feb 21 17:46 buzzfeed.cpython-311.pyc
-rw-r--r-- 1 root root   4443 Feb 21 17:46 byutv.cpython-311.opt-1.pyc
-rw-r--r-- 1 root root   4443 Feb 21 17:46 byutv.cpython-311.pyc
-rw-r--r-- 1 root root   2971 Feb 21 17:46 c56.cpython-311.opt-1.pyc
-rw-r--r-- 1 root root   2971 Feb 21 17:46 c56.cpython-311.pyc
-rw-r--r-- 1 root root   3218 Feb 21 17:46 caffeinetv.cpython-311.opt-1.pyc
-rw-r--r-- 1 root root   3218 Feb 21 17:46 caffeinetv.cpython-311.pyc
-rw-r--r-- 1 root root   9508 Feb 21 17:46 callin.cpython-311.opt-1.pyc
-rw-r--r-- 1 root root   9508 Feb 21 17:46 callin.cpython-311.pyc
-rw-r--r-- 1 root root   2144 Feb 21 17:46 caltrans.cpython-311.opt-1.pyc
-rw-r--r-- 1 root root   2144 Feb 21 17:46 caltrans.cpython-311.pyc
-rw-r--r-- 1 root root   1610 Feb 21 17:46 cam4.cpython-311.opt-1.pyc
-rw-r--r-- 1 root root   1610 Feb 21 17:46 cam4.cpython-311.pyc
-rw-r--r-- 1 root root   6555 Feb 21 17:46 camdemy.cpython-311.opt-1.pyc
-rw-r--r-- 1 root root   6555 Feb 21 17:46 camdemy.cpython-311.pyc
-rw-r--r-- 1 root root   4804 Feb 21 17:46 camfm.cpython-311.opt-1.pyc
-rw-r--r-- 1 root root   4804 Feb 21 17:46 camfm.cpython-311.pyc
-rw-r--r-- 1 root root   3414 Feb 21 17:46 cammodels.cpython-311.opt-1.pyc
-rw-r--r-- 1 root root   3414 Feb 21 17:46 cammodels.cpython-311.pyc
-rw-r--r-- 1 root root   3096 Feb 21 17:46 camsoda.cpython-311.opt-1.pyc
-rw-r--r-- 1 root root   3096 Feb 21 17:46 camsoda.cpython-311.pyc
-rw-r--r-- 1 root root   3153 Feb 21 17:46 camtasia.cpython-311.opt-1.pyc
-rw-r--r-- 1 root root   3153 Feb 21 17:46 camtasia.cpython-311.pyc
-rw-r--r-- 1 root root   2341 Feb 21 17:46 canal1.cpython-311.opt-1.pyc
-rw-r--r-- 1 root root   2341 Feb 21 17:46 canal1.cpython-311.pyc
-rw-r--r-- 1 root root   6287 Feb 21 17:46 canalalpha.cpython-311.opt-1.pyc
-rw-r--r-- 1 root root   6287 Feb 21 17:46 canalalpha.cpython-311.pyc
-rw-r--r-- 1 root root   2956 Feb 21 17:46 canalc2.cpython-311.opt-1.pyc
-rw-r--r-- 1 root root   2956 Feb 21 17:46 canalc2.cpython-311.pyc
-rw-r--r-- 1 root root   5229 Feb 21 17:46 canalplus.cpython-311.opt-1.pyc
-rw-r--r-- 1 root root   5229 Feb 21 17:46 canalplus.cpython-311.pyc
-rw-r--r-- 1 root root   4645 Feb 21 17:46 canalsurmas.cpython-311.opt-1.pyc
-rw-r--r-- 1 root root   4645 Feb 21 17:46 canalsurmas.cpython-311.pyc
-rw-r--r-- 1 root root   7298 Feb 21 17:46 caracoltv.cpython-311.opt-1.pyc
-rw-r--r-- 1 root root   7298 Feb 21 17:46 caracoltv.cpython-311.pyc
-rw-r--r-- 1 root root  51158 Feb 21 17:46 cbc.cpython-311.opt-1.pyc
-rw-r--r-- 1 root root  51158 Feb 21 17:46 cbc.cpython-311.pyc
-rw-r--r-- 1 root root  13318 Feb 21 17:46 cbs.cpython-311.opt-1.pyc
-rw-r--r-- 1 root root  13318 Feb 21 17:46 cbs.cpython-311.pyc
-rw-r--r-- 1 root root  21812 Feb 21 17:46 cbsnews.cpython-311.opt-1.pyc
-rw-r--r-- 1 root root  21812 Feb 21 17:46 cbsnews.cpython-311.pyc
-rw-r--r-- 1 root root   6092 Feb 21 17:46 cbssports.cpython-311.opt-1.pyc
-rw-r--r-- 1 root root   6092 Feb 21 17:46 cbssports.cpython-311.pyc
-rw-r--r-- 1 root root   6125 Feb 21 17:46 ccc.cpython-311.opt-1.pyc
-rw-r--r-- 1 root root   6125 Feb 21 17:46 ccc.cpython-311.pyc
-rw-r--r-- 1 root root   7820 Feb 21 17:46 ccma.cpython-311.opt-1.pyc
-rw-r--r-- 1 root root   7820 Feb 21 17:46 ccma.cpython-311.pyc
-rw-r--r-- 1 root root   6838 Feb 21 17:46 cctv.cpython-311.opt-1.pyc
-rw-r--r-- 1 root root   6838 Feb 21 17:46 cctv.cpython-311.pyc
-rw-r--r-- 1 root root  20813 Feb 21 17:46 cda.cpython-311.opt-1.pyc
-rw-r--r-- 1 root root  20813 Feb 21 17:46 cda.cpython-311.pyc
-rw-r--r-- 1 root root   2709 Feb 21 17:46 cellebrite.cpython-311.opt-1.pyc
-rw-r--r-- 1 root root   2709 Feb 21 17:46 cellebrite.cpython-311.pyc
-rw-r--r-- 1 root root  12943 Feb 21 17:46 ceskatelevize.cpython-311.opt-1.pyc
-rw-r--r-- 1 root root  12943 Feb 21 17:46 ceskatelevize.cpython-311.pyc
-rw-r--r-- 1 root root   3389 Feb 21 17:46 cgtn.cpython-311.opt-1.pyc
-rw-r--r-- 1 root root   3389 Feb 21 17:46 cgtn.cpython-311.pyc
-rw-r--r-- 1 root root   2585 Feb 21 17:46 charlierose.cpython-311.opt-1.pyc
-rw-r--r-- 1 root root   2585 Feb 21 17:46 charlierose.cpython-311.pyc
-rw-r--r-- 1 root root   7124 Feb 21 17:46 chaturbate.cpython-311.opt-1.pyc
-rw-r--r-- 1 root root   7124 Feb 21 17:46 chaturbate.cpython-311.pyc
-rw-r--r-- 1 root root   5059 Feb 21 17:46 chilloutzone.cpython-311.opt-1.pyc
-rw-r--r-- 1 root root   5059 Feb 21 17:46 chilloutzone.cpython-311.pyc
-rw-r--r-- 1 root root   8285 Feb 21 17:46 chzzk.cpython-311.opt-1.pyc
-rw-r--r-- 1 root root   8285 Feb 21 17:46 chzzk.cpython-311.pyc
-rw-r--r-- 1 root root   1492 Feb 21 17:46 cinemax.cpython-311.opt-1.pyc
-rw-r--r-- 1 root root   1492 Feb 21 17:46 cinemax.cpython-311.pyc
-rw-r--r-- 1 root root   4101 Feb 21 17:46 cinetecamilano.cpython-311.opt-1.pyc
-rw-r--r-- 1 root root   4101 Feb 21 17:46 cinetecamilano.cpython-311.pyc
-rw-r--r-- 1 root root   8003 Feb 21 17:46 cineverse.cpython-311.opt-1.pyc
-rw-r--r-- 1 root root   8003 Feb 21 17:46 cineverse.cpython-311.pyc
-rw-r--r-- 1 root root   8809 Feb 21 17:46 ciscolive.cpython-311.opt-1.pyc
-rw-r--r-- 1 root root   8809 Feb 21 17:46 ciscolive.cpython-311.pyc
-rw-r--r-- 1 root root   5852 Feb 21 17:46 ciscowebex.cpython-311.opt-1.pyc
-rw-r--r-- 1 root root   5852 Feb 21 17:46 ciscowebex.cpython-311.pyc
-rw-r--r-- 1 root root   2811 Feb 21 17:46 cjsw.cpython-311.opt-1.pyc
-rw-r--r-- 1 root root   2811 Feb 21 17:46 cjsw.cpython-311.pyc
-rw-r--r-- 1 root root   3342 Feb 21 17:46 clipchamp.cpython-311.opt-1.pyc
-rw-r--r-- 1 root root   3342 Feb 21 17:46 clipchamp.cpython-311.pyc
-rw-r--r-- 1 root root   2907 Feb 21 17:46 clippit.cpython-311.opt-1.pyc
-rw-r--r-- 1 root root   2907 Feb 21 17:46 clippit.cpython-311.pyc
-rw-r--r-- 1 root root   1512 Feb 21 17:46 cliprs.cpython-311.opt-1.pyc
-rw-r--r-- 1 root root   1512 Feb 21 17:46 cliprs.cpython-311.pyc
-rw-r--r-- 1 root root   3253 Feb 21 17:46 closertotruth.cpython-311.opt-1.pyc
-rw-r--r-- 1 root root   3253 Feb 21 17:46 closertotruth.cpython-311.pyc
-rw-r--r-- 1 root root   4784 Feb 21 17:46 cloudflarestream.cpython-311.opt-1.pyc
-rw-r--r-- 1 root root   4784 Feb 21 17:46 cloudflarestream.cpython-311.pyc
-rw-r--r-- 1 root root   4425 Feb 21 17:46 cloudycdn.cpython-311.opt-1.pyc
-rw-r--r-- 1 root root   4425 Feb 21 17:46 cloudycdn.cpython-311.pyc
-rw-r--r-- 1 root root   2820 Feb 21 17:46 clubic.cpython-311.opt-1.pyc
-rw-r--r-- 1 root root   2820 Feb 21 17:46 clubic.cpython-311.pyc
-rw-r--r-- 1 root root   3379 Feb 21 17:46 clyp.cpython-311.opt-1.pyc
-rw-r--r-- 1 root root   3379 Feb 21 17:46 clyp.cpython-311.pyc
-rw-r--r-- 1 root root   4396 Feb 21 17:46 cnbc.cpython-311.opt-1.pyc
-rw-r--r-- 1 root root   4396 Feb 21 17:46 cnbc.cpython-311.pyc
-rw-r--r-- 1 root root  13458 Feb 21 17:46 cnn.cpython-311.opt-1.pyc
-rw-r--r-- 1 root root  13458 Feb 21 17:46 cnn.cpython-311.pyc
-rw-r--r-- 1 root root   1453 Feb 21 17:46 comedycentral.cpython-311.opt-1.pyc
-rw-r--r-- 1 root root   1453 Feb 21 17:46 comedycentral.cpython-311.pyc
-rw-r--r-- 1 root root 237742 Feb 21 17:46 common.cpython-311.opt-1.pyc
-rw-r--r-- 1 root root 238561 Feb 21 17:46 common.cpython-311.pyc
-rw-r--r-- 1 root root   2814 Feb 21 17:46 commonmistakes.cpython-311.opt-1.pyc
-rw-r--r-- 1 root root   2814 Feb 21 17:46 commonmistakes.cpython-311.pyc
-rw-r--r-- 1 root root   2929 Feb 21 17:46 commonprotocols.cpython-311.opt-1.pyc
-rw-r--r-- 1 root root   2929 Feb 21 17:46 commonprotocols.cpython-311.pyc
-rw-r--r-- 1 root root  12838 Feb 21 17:46 condenast.cpython-311.opt-1.pyc
-rw-r--r-- 1 root root  12838 Feb 21 17:46 condenast.cpython-311.pyc
-rw-r--r-- 1 root root   5347 Feb 21 17:46 contv.cpython-311.opt-1.pyc
-rw-r--r-- 1 root root   5347 Feb 21 17:46 contv.cpython-311.pyc
-rw-r--r-- 1 root root   7604 Feb 21 17:46 corus.cpython-311.opt-1.pyc
-rw-r--r-- 1 root root   7604 Feb 21 17:46 corus.cpython-311.pyc
-rw-r--r-- 1 root root   5511 Feb 21 17:46 coub.cpython-311.opt-1.pyc
-rw-r--r-- 1 root root   5511 Feb 21 17:46 coub.cpython-311.pyc
-rw-r--r-- 1 root root   2091 Feb 21 17:46 cozytv.cpython-311.opt-1.pyc
-rw-r--r-- 1 root root   2091 Feb 21 17:46 cozytv.cpython-311.pyc
-rw-r--r-- 1 root root   8615 Feb 21 17:46 cpac.cpython-311.opt-1.pyc
-rw-r--r-- 1 root root   8615 Feb 21 17:46 cpac.cpython-311.pyc
-rw-r--r-- 1 root root   3730 Feb 21 17:46 cracked.cpython-311.opt-1.pyc
-rw-r--r-- 1 root root   3730 Feb 21 17:46 cracked.cpython-311.pyc
-rw-r--r-- 1 root root   4679 Feb 21 17:46 craftsy.cpython-311.opt-1.pyc
-rw-r--r-- 1 root root   4679 Feb 21 17:46 craftsy.cpython-311.pyc
-rw-r--r-- 1 root root   3542 Feb 21 17:46 croatianfilm.cpython-311.opt-1.pyc
-rw-r--r-- 1 root root   3542 Feb 21 17:46 croatianfilm.cpython-311.pyc
-rw-r--r-- 1 root root   3355 Feb 21 17:46 crooksandliars.cpython-311.opt-1.pyc
-rw-r--r-- 1 root root   3355 Feb 21 17:46 crooksandliars.cpython-311.pyc
-rw-r--r-- 1 root root   6962 Feb 21 17:46 crowdbunker.cpython-311.opt-1.pyc
-rw-r--r-- 1 root root   6962 Feb 21 17:46 crowdbunker.cpython-311.pyc
-rw-r--r-- 1 root root   2920 Feb 21 17:46 crtvg.cpython-311.opt-1.pyc
-rw-r--r-- 1 root root   2920 Feb 21 17:46 crtvg.cpython-311.pyc
-rw-r--r-- 1 root root  14349 Feb 21 17:46 cspan.cpython-311.opt-1.pyc
-rw-r--r-- 1 root root  14349 Feb 21 17:46 cspan.cpython-311.pyc
-rw-r--r-- 1 root root   3924 Feb 21 17:46 ctsnews.cpython-311.opt-1.pyc
-rw-r--r-- 1 root root   3924 Feb 21 17:46 ctsnews.cpython-311.pyc
-rw-r--r-- 1 root root   7805 Feb 21 17:46 ctvnews.cpython-311.opt-1.pyc
-rw-r--r-- 1 root root   7805 Feb 21 17:46 ctvnews.cpython-311.pyc
-rw-r--r-- 1 root root   3528 Feb 21 17:46 cultureunplugged.cpython-311.opt-1.pyc
-rw-r--r-- 1 root root   3528 Feb 21 17:46 cultureunplugged.cpython-311.pyc
-rw-r--r-- 1 root root  11326 Feb 21 17:46 curiositystream.cpython-311.opt-1.pyc
-rw-r--r-- 1 root root  11326 Feb 21 17:46 curiositystream.cpython-311.pyc
-rw-r--r-- 1 root root   8801 Feb 21 17:46 cybrary.cpython-311.opt-1.pyc
-rw-r--r-- 1 root root   8801 Feb 21 17:46 cybrary.cpython-311.pyc
-rw-r--r-- 1 root root  10241 Feb 21 17:46 dacast.cpython-311.opt-1.pyc
-rw-r--r-- 1 root root  10241 Feb 21 17:46 dacast.cpython-311.pyc
-rw-r--r-- 1 root root   4677 Feb 21 17:46 dailymail.cpython-311.opt-1.pyc
-rw-r--r-- 1 root root   4677 Feb 21 17:46 dailymail.cpython-311.pyc
-rw-r--r-- 1 root root  30867 Feb 21 17:46 dailymotion.cpython-311.opt-1.pyc
-rw-r--r-- 1 root root  30867 Feb 21 17:46 dailymotion.cpython-311.pyc
-rw-r--r-- 1 root root   6056 Feb 21 17:46 dailywire.cpython-311.opt-1.pyc
-rw-r--r-- 1 root root   6056 Feb 21 17:46 dailywire.cpython-311.pyc
-rw-r--r-- 1 root root   7028 Feb 21 17:46 damtomo.cpython-311.opt-1.pyc
-rw-r--r-- 1 root root   7028 Feb 21 17:46 damtomo.cpython-311.pyc
-rw-r--r-- 1 root root  11808 Feb 21 17:46 dangalplay.cpython-311.opt-1.pyc
-rw-r--r-- 1 root root  11808 Feb 21 17:46 dangalplay.cpython-311.pyc
-rw-r--r-- 1 root root  11303 Feb 21 17:46 daum.cpython-311.opt-1.pyc
-rw-r--r-- 1 root root  11303 Feb 21 17:46 daum.cpython-311.pyc
-rw-r--r-- 1 root root   2911 Feb 21 17:46 daystar.cpython-311.opt-1.pyc
-rw-r--r-- 1 root root   2911 Feb 21 17:46 daystar.cpython-311.pyc
-rw-r--r-- 1 root root   2613 Feb 21 17:46 dbtv.cpython-311.opt-1.pyc
-rw-r--r-- 1 root root   2613 Feb 21 17:46 dbtv.cpython-311.pyc
-rw-r--r-- 1 root root   4622 Feb 21 17:46 dctp.cpython-311.opt-1.pyc
-rw-r--r-- 1 root root   4622 Feb 21 17:46 dctp.cpython-311.pyc
-rw-r--r-- 1 root root   4027 Feb 21 17:46 democracynow.cpython-311.opt-1.pyc
-rw-r--r-- 1 root root   4027 Feb 21 17:46 democracynow.cpython-311.pyc
-rw-r--r-- 1 root root   7811 Feb 21 17:46 detik.cpython-311.opt-1.pyc
-rw-r--r-- 1 root root   7811 Feb 21 17:46 detik.cpython-311.pyc
-rw-r--r-- 1 root root   3824 Feb 21 17:46 deuxm.cpython-311.opt-1.pyc
-rw-r--r-- 1 root root   3824 Feb 21 17:46 deuxm.cpython-311.pyc
-rw-r--r-- 1 root root   2982 Feb 21 17:46 dfb.cpython-311.opt-1.pyc
-rw-r--r-- 1 root root   2982 Feb 21 17:46 dfb.cpython-311.pyc
-rw-r--r-- 1 root root   2672 Feb 21 17:46 dhm.cpython-311.opt-1.pyc
-rw-r--r-- 1 root root   2672 Feb 21 17:46 dhm.cpython-311.pyc
-rw-r--r-- 1 root root  14880 Feb 21 17:46 digitalconcerthall.cpython-311.opt-1.pyc
-rw-r--r-- 1 root root  14880 Feb 21 17:46 digitalconcerthall.cpython-311.pyc
-rw-r--r-- 1 root root   3506 Feb 21 17:46 digiteka.cpython-311.opt-1.pyc
-rw-r--r-- 1 root root   3506 Feb 21 17:46 digiteka.cpython-311.pyc
-rw-r--r-- 1 root root   4189 Feb 21 17:46 digiview.cpython-311.opt-1.pyc
-rw-r--r-- 1 root root   4189 Feb 21 17:46 digiview.cpython-311.pyc
-rw-r--r-- 1 root root   2539 Feb 21 17:46 discogs.cpython-311.opt-1.pyc
-rw-r--r-- 1 root root   2539 Feb 21 17:46 discogs.cpython-311.pyc
-rw-r--r-- 1 root root   7965 Feb 21 17:46 disney.cpython-311.opt-1.pyc
-rw-r--r-- 1 root root   7965 Feb 21 17:46 disney.cpython-311.pyc
-rw-r--r-- 1 root root   5258 Feb 21 17:46 dispeak.cpython-311.opt-1.pyc
-rw-r--r-- 1 root root   5258 Feb 21 17:46 dispeak.cpython-311.pyc
-rw-r--r-- 1 root root   7400 Feb 21 17:46 dlf.cpython-311.opt-1.pyc
-rw-r--r-- 1 root root   7400 Feb 21 17:46 dlf.cpython-311.pyc
-rw-r--r-- 1 root root   4261 Feb 21 17:46 dlive.cpython-311.opt-1.pyc
-rw-r--r-- 1 root root   4261 Feb 21 17:46 dlive.cpython-311.pyc
-rw-r--r-- 1 root root  14535 Feb 21 17:46 douyutv.cpython-311.opt-1.pyc
-rw-r--r-- 1 root root  14535 Feb 21 17:46 douyutv.cpython-311.pyc
-rw-r--r-- 1 root root  52725 Feb 21 17:46 dplay.cpython-311.opt-1.pyc
-rw-r--r-- 1 root root  52725 Feb 21 17:46 dplay.cpython-311.pyc
-rw-r--r-- 1 root root   2939 Feb 21 17:46 drbonanza.cpython-311.opt-1.pyc
-rw-r--r-- 1 root root   2939 Feb 21 17:46 drbonanza.cpython-311.pyc
-rw-r--r-- 1 root root   5880 Feb 21 17:46 dreisat.cpython-311.opt-1.pyc
-rw-r--r-- 1 root root   5880 Feb 21 17:46 dreisat.cpython-311.pyc
-rw-r--r-- 1 root root   5689 Feb 21 17:46 drooble.cpython-311.opt-1.pyc
-rw-r--r-- 1 root root   5689 Feb 21 17:46 drooble.cpython-311.pyc
-rw-r--r-- 1 root root   5415 Feb 21 17:46 dropbox.cpython-311.opt-1.pyc
-rw-r--r-- 1 root root   5415 Feb 21 17:46 dropbox.cpython-311.pyc
-rw-r--r-- 1 root root  10972 Feb 21 17:46 dropout.cpython-311.opt-1.pyc
-rw-r--r-- 1 root root  10972 Feb 21 17:46 dropout.cpython-311.pyc
-rw-r--r-- 1 root root   2730 Feb 21 17:46 drtalks.cpython-311.opt-1.pyc
-rw-r--r-- 1 root root   2730 Feb 21 17:46 drtalks.cpython-311.pyc
-rw-r--r-- 1 root root   4564 Feb 21 17:46 drtuber.cpython-311.opt-1.pyc
-rw-r--r-- 1 root root   4564 Feb 21 17:46 drtuber.cpython-311.pyc
-rw-r--r-- 1 root root  17133 Feb 21 17:46 drtv.cpython-311.opt-1.pyc
-rw-r--r-- 1 root root  17133 Feb 21 17:46 drtv.cpython-311.pyc
-rw-r--r-- 1 root root   3954 Feb 21 17:46 dtube.cpython-311.opt-1.pyc
-rw-r--r-- 1 root root   3954 Feb 21 17:46 dtube.cpython-311.pyc
-rw-r--r-- 1 root root   9991 Feb 21 17:46 duboku.cpython-311.opt-1.pyc
-rw-r--r-- 1 root root   9991 Feb 21 17:46 duboku.cpython-311.pyc
-rw-r--r-- 1 root root   4879 Feb 21 17:46 dumpert.cpython-311.opt-1.pyc
-rw-r--r-- 1 root root   4879 Feb 21 17:46 dumpert.cpython-311.pyc
-rw-r--r-- 1 root root   5909 Feb 21 17:46 duoplay.cpython-311.opt-1.pyc
-rw-r--r-- 1 root root   5909 Feb 21 17:46 duoplay.cpython-311.pyc
-rw-r--r-- 1 root root   7980 Feb 21 17:46 dvtv.cpython-311.opt-1.pyc
-rw-r--r-- 1 root root   7980 Feb 21 17:46 dvtv.cpython-311.pyc
-rw-r--r-- 1 root root   4928 Feb 21 17:46 dw.cpython-311.opt-1.pyc
-rw-r--r-- 1 root root   4928 Feb 21 17:46 dw.cpython-311.pyc
-rw-r--r-- 1 root root   1700 Feb 21 17:46 ebaumsworld.cpython-311.opt-1.pyc
-rw-r--r-- 1 root root   1700 Feb 21 17:46 ebaumsworld.cpython-311.pyc
-rw-r--r-- 1 root root   2130 Feb 21 17:46 ebay.cpython-311.opt-1.pyc
-rw-r--r-- 1 root root   2130 Feb 21 17:46 ebay.cpython-311.pyc
-rw-r--r-- 1 root root   6816 Feb 21 17:46 egghead.cpython-311.opt-1.pyc
-rw-r--r-- 1 root root   6816 Feb 21 17:46 egghead.cpython-311.pyc
-rw-r--r-- 1 root root   7218 Feb 21 17:46 eggs.cpython-311.opt-1.pyc
-rw-r--r-- 1 root root   7218 Feb 21 17:46 eggs.cpython-311.pyc
-rw-r--r-- 1 root root   4955 Feb 21 17:46 eighttracks.cpython-311.opt-1.pyc
-rw-r--r-- 1 root root   4955 Feb 21 17:46 eighttracks.cpython-311.pyc
-rw-r--r-- 1 root root   4620 Feb 21 17:46 eitb.cpython-311.opt-1.pyc
-rw-r--r-- 1 root root   4620 Feb 21 17:46 eitb.cpython-311.pyc
-rw-r--r-- 1 root root   4284 Feb 21 17:46 elementorembed.cpython-311.opt-1.pyc
-rw-r--r-- 1 root root   4284 Feb 21 17:46 elementorembed.cpython-311.pyc
-rw-r--r-- 1 root root   2987 Feb 21 17:46 elonet.cpython-311.opt-1.pyc
-rw-r--r-- 1 root root   2987 Feb 21 17:46 elonet.cpython-311.pyc
-rw-r--r-- 1 root root   4592 Feb 21 17:46 elpais.cpython-311.opt-1.pyc
-rw-r--r-- 1 root root   4592 Feb 21 17:46 elpais.cpython-311.pyc
-rw-r--r-- 1 root root   3642 Feb 21 17:46 eltrecetv.cpython-311.opt-1.pyc
-rw-r--r-- 1 root root   3642 Feb 21 17:46 eltrecetv.cpython-311.pyc
-rw-r--r-- 1 root root   5581 Feb 21 17:46 embedly.cpython-311.opt-1.pyc
-rw-r--r-- 1 root root   5581 Feb 21 17:46 embedly.cpython-311.pyc
-rw-r--r-- 1 root root   5249 Feb 21 17:46 epicon.cpython-311.opt-1.pyc
-rw-r--r-- 1 root root   5249 Feb 21 17:46 epicon.cpython-311.pyc
-rw-r--r-- 1 root root   5885 Feb 21 17:46 epidemicsound.cpython-311.opt-1.pyc
-rw-r--r-- 1 root root   5885 Feb 21 17:46 epidemicsound.cpython-311.pyc
-rw-r--r-- 1 root root   9001 Feb 21 17:46 eplus.cpython-311.opt-1.pyc
-rw-r--r-- 1 root root   9001 Feb 21 17:46 eplus.cpython-311.pyc
-rw-r--r-- 1 root root   2803 Feb 21 17:46 epoch.cpython-311.opt-1.pyc
-rw-r--r-- 1 root root   2803 Feb 21 17:46 epoch.cpython-311.pyc
-rw-r--r-- 1 root root   6405 Feb 21 17:46 eporner.cpython-311.opt-1.pyc
-rw-r--r-- 1 root root   6405 Feb 21 17:46 eporner.cpython-311.pyc
-rw-r--r-- 1 root root   3319 Feb 21 17:46 erocast.cpython-311.opt-1.pyc
-rw-r--r-- 1 root root   3319 Feb 21 17:46 erocast.cpython-311.pyc
-rw-r--r-- 1 root root   6669 Feb 21 17:46 eroprofile.cpython-311.opt-1.pyc
-rw-r--r-- 1 root root   6669 Feb 21 17:46 eroprofile.cpython-311.pyc
-rw-r--r-- 1 root root  10617 Feb 21 17:46 err.cpython-311.opt-1.pyc
-rw-r--r-- 1 root root  10617 Feb 21 17:46 err.cpython-311.pyc
-rw-r--r-- 1 root root  18636 Feb 21 17:46 ertgr.cpython-311.opt-1.pyc
-rw-r--r-- 1 root root  18636 Feb 21 17:46 ertgr.cpython-311.pyc
-rw-r--r-- 1 root root  20775 Feb 21 17:46 espn.cpython-311.opt-1.pyc
-rw-r--r-- 1 root root  20775 Feb 21 17:46 espn.cpython-311.pyc
-rw-r--r-- 1 root root   2441 Feb 21 17:46 ettutv.cpython-311.opt-1.pyc
-rw-r--r-- 1 root root   2441 Feb 21 17:46 ettutv.cpython-311.pyc
-rw-r--r-- 1 root root   8150 Feb 21 17:46 europa.cpython-311.opt-1.pyc
-rw-r--r-- 1 root root   8150 Feb 21 17:46 europa.cpython-311.pyc
-rw-r--r-- 1 root root   1912 Feb 21 17:46 europeantour.cpython-311.opt-1.pyc
-rw-r--r-- 1 root root   1912 Feb 21 17:46 europeantour.cpython-311.pyc
-rw-r--r-- 1 root root   9014 Feb 21 17:46 eurosport.cpython-311.opt-1.pyc
-rw-r--r-- 1 root root   9014 Feb 21 17:46 eurosport.cpython-311.pyc
-rw-r--r-- 1 root root   4575 Feb 21 17:46 euscreen.cpython-311.opt-1.pyc
-rw-r--r-- 1 root root   4575 Feb 21 17:46 euscreen.cpython-311.pyc
-rw-r--r-- 1 root root   4895 Feb 21 17:46 expressen.cpython-311.opt-1.pyc
-rw-r--r-- 1 root root   4895 Feb 21 17:46 expressen.cpython-311.pyc
-rw-r--r-- 1 root root   2417 Feb 21 17:46 extractors.cpython-311.opt-1.pyc
-rw-r--r-- 1 root root   2417 Feb 21 17:46 extractors.cpython-311.pyc
-rw-r--r-- 1 root root   3489 Feb 21 17:46 eyedotv.cpython-311.opt-1.pyc
-rw-r--r-- 1 root root   3489 Feb 21 17:46 eyedotv.cpython-311.pyc
-rw-r--r-- 1 root root  56575 Feb 21 17:46 facebook.cpython-311.opt-1.pyc
-rw-r--r-- 1 root root  56575 Feb 21 17:46 facebook.cpython-311.pyc
-rw-r--r-- 1 root root   9707 Feb 21 17:46 fancode.cpython-311.opt-1.pyc
-rw-r--r-- 1 root root   9707 Feb 21 17:46 fancode.cpython-311.pyc
-rw-r--r-- 1 root root   2427 Feb 21 17:46 fathom.cpython-311.opt-1.pyc
-rw-r--r-- 1 root root   2427 Feb 21 17:46 fathom.cpython-311.pyc
-rw-r--r-- 1 root root   8947 Feb 21 17:46 faulio.cpython-311.opt-1.pyc
-rw-r--r-- 1 root root   8947 Feb 21 17:46 faulio.cpython-311.pyc
-rw-r--r-- 1 root root   4348 Feb 21 17:46 faz.cpython-311.opt-1.pyc
-rw-r--r-- 1 root root   4348 Feb 21 17:46 faz.cpython-311.pyc
-rw-r--r-- 1 root root  13383 Feb 21 17:46 fc2.cpython-311.opt-1.pyc
-rw-r--r-- 1 root root  13383 Feb 21 17:46 fc2.cpython-311.pyc
-rw-r--r-- 1 root root   2973 Feb 21 17:46 fczenit.cpython-311.opt-1.pyc
-rw-r--r-- 1 root root   2973 Feb 21 17:46 fczenit.cpython-311.pyc
-rw-r--r-- 1 root root   4160 Feb 21 17:46 fifa.cpython-311.opt-1.pyc
-rw-r--r-- 1 root root   4160 Feb 21 17:46 fifa.cpython-311.pyc
-rw-r--r-- 1 root root   2879 Feb 21 17:46 filmarchiv.cpython-311.opt-1.pyc
-rw-r--r-- 1 root root   2879 Feb 21 17:46 filmarchiv.cpython-311.pyc
-rw-r--r-- 1 root root   7618 Feb 21 17:46 filmon.cpython-311.opt-1.pyc
-rw-r--r-- 1 root root   7618 Feb 21 17:46 filmon.cpython-311.pyc
-rw-r--r-- 1 root root   2013 Feb 21 17:46 filmweb.cpython-311.opt-1.pyc
-rw-r--r-- 1 root root   2013 Feb 21 17:46 filmweb.cpython-311.pyc
-rw-r--r-- 1 root root   8660 Feb 21 17:46 firsttv.cpython-311.opt-1.pyc
-rw-r--r-- 1 root root   8660 Feb 21 17:46 firsttv.cpython-311.pyc
-rw-r--r-- 1 root root   3313 Feb 21 17:46 fivetv.cpython-311.opt-1.pyc
-rw-r--r-- 1 root root   3313 Feb 21 17:46 fivetv.cpython-311.pyc
-rw-r--r-- 1 root root   4100 Feb 21 17:46 flextv.cpython-311.opt-1.pyc
-rw-r--r-- 1 root root   4100 Feb 21 17:46 flextv.cpython-311.pyc
-rw-r--r-- 1 root root   5883 Feb 21 17:46 flickr.cpython-311.opt-1.pyc
-rw-r--r-- 1 root root   5883 Feb 21 17:46 flickr.cpython-311.pyc
-rw-r--r-- 1 root root  17102 Feb 21 17:46 floatplane.cpython-311.opt-1.pyc
-rw-r--r-- 1 root root  17102 Feb 21 17:46 floatplane.cpython-311.pyc
-rw-r--r-- 1 root root   3591 Feb 21 17:46 folketinget.cpython-311.opt-1.pyc
-rw-r--r-- 1 root root   3591 Feb 21 17:46 folketinget.cpython-311.pyc
-rw-r--r-- 1 root root   2666 Feb 21 17:46 footyroom.cpython-311.opt-1.pyc
-rw-r--r-- 1 root root   2666 Feb 21 17:46 footyroom.cpython-311.pyc
-rw-r--r-- 1 root root   1437 Feb 21 17:46 formula1.cpython-311.opt-1.pyc
-rw-r--r-- 1 root root   1437 Feb 21 17:46 formula1.cpython-311.pyc
-rw-r--r-- 1 root root  14063 Feb 21 17:46 fourtube.cpython-311.opt-1.pyc
-rw-r--r-- 1 root root  14063 Feb 21 17:46 fourtube.cpython-311.pyc
-rw-r--r-- 1 root root   9385 Feb 21 17:46 fox.cpython-311.opt-1.pyc
-rw-r--r-- 1 root root   9385 Feb 21 17:46 fox.cpython-311.pyc
-rw-r--r-- 1 root root   2274 Feb 21 17:46 fox9.cpython-311.opt-1.pyc
-rw-r--r-- 1 root root   2274 Feb 21 17:46 fox9.cpython-311.pyc
-rw-r--r-- 1 root root   7598 Feb 21 17:46 foxnews.cpython-311.opt-1.pyc
-rw-r--r-- 1 root root   7598 Feb 21 17:46 foxnews.cpython-311.pyc
-rw-r--r-- 1 root root   3130 Feb 21 17:46 foxsports.cpython-311.opt-1.pyc
-rw-r--r-- 1 root root   3130 Feb 21 17:46 foxsports.cpython-311.pyc
-rw-r--r-- 1 root root   7152 Feb 21 17:46 fptplay.cpython-311.opt-1.pyc
-rw-r--r-- 1 root root   7152 Feb 21 17:46 fptplay.cpython-311.pyc
-rw-r--r-- 1 root root   3804 Feb 21 17:46 francaisfacile.cpython-311.opt-1.pyc
-rw-r--r-- 1 root root   3804 Feb 21 17:46 francaisfacile.cpython-311.pyc
-rw-r--r-- 1 root root   2787 Feb 21 17:46 franceinter.cpython-311.opt-1.pyc
-rw-r--r-- 1 root root   2787 Feb 21 17:46 franceinter.cpython-311.pyc
-rw-r--r-- 1 root root  19932 Feb 21 17:46 francetv.cpython-311.opt-1.pyc
-rw-r--r-- 1 root root  19932 Feb 21 17:46 francetv.cpython-311.pyc
-rw-r--r-- 1 root root   3398 Feb 21 17:46 freesound.cpython-311.opt-1.pyc
-rw-r--r-- 1 root root   3398 Feb 21 17:46 freesound.cpython-311.pyc
-rw-r--r-- 1 root root   1635 Feb 21 17:46 freespeech.cpython-311.opt-1.pyc
-rw-r--r-- 1 root root   1635 Feb 21 17:46 freespeech.cpython-311.pyc
-rw-r--r-- 1 root root   7029 Feb 21 17:46 freetv.cpython-311.opt-1.pyc
-rw-r--r-- 1 root root   7029 Feb 21 17:46 freetv.cpython-311.pyc
-rw-r--r-- 1 root root  12397 Feb 21 17:46 frontendmasters.cpython-311.opt-1.pyc
-rw-r--r-- 1 root root  12397 Feb 21 17:46 frontendmasters.cpython-311.pyc
-rw-r--r-- 1 root root   7624 Feb 21 17:46 frontro.cpython-311.opt-1.pyc
-rw-r--r-- 1 root root   7624 Feb 21 17:46 frontro.cpython-311.pyc
-rw-r--r-- 1 root root   4252 Feb 21 17:46 fujitv.cpython-311.opt-1.pyc
-rw-r--r-- 1 root root   4252 Feb 21 17:46 fujitv.cpython-311.pyc
-rw-r--r-- 1 root root   2170 Feb 21 17:46 funk.cpython-311.opt-1.pyc
-rw-r--r-- 1 root root   2170 Feb 21 17:46 funk.cpython-311.pyc
-rw-r--r-- 1 root root   3846 Feb 21 17:46 funker530.cpython-311.opt-1.pyc
-rw-r--r-- 1 root root   3846 Feb 21 17:46 funker530.cpython-311.pyc
-rw-r--r-- 1 root root   1613 Feb 21 17:46 fuyintv.cpython-311.opt-1.pyc
-rw-r--r-- 1 root root   1613 Feb 21 17:46 fuyintv.cpython-311.pyc
-rw-r--r-- 1 root root   7711 Feb 21 17:46 gab.cpython-311.opt-1.pyc
-rw-r--r-- 1 root root   7711 Feb 21 17:46 gab.cpython-311.pyc
-rw-r--r-- 1 root root   6833 Feb 21 17:46 gaia.cpython-311.opt-1.pyc
-rw-r--r-- 1 root root   6833 Feb 21 17:46 gaia.cpython-311.pyc
-rw-r--r-- 1 root root   7547 Feb 21 17:46 gamedevtv.cpython-311.opt-1.pyc
-rw-r--r-- 1 root root   7547 Feb 21 17:46 gamedevtv.cpython-311.pyc
-rw-r--r-- 1 root root  29811 Feb 21 17:46 gamejolt.cpython-311.opt-1.pyc
-rw-r--r-- 1 root root  29811 Feb 21 17:46 gamejolt.cpython-311.pyc
-rw-r--r-- 1 root root   3954 Feb 21 17:46 gamespot.cpython-311.opt-1.pyc
-rw-r--r-- 1 root root   3954 Feb 21 17:46 gamespot.cpython-311.pyc
-rw-r--r-- 1 root root   3248 Feb 21 17:46 gamestar.cpython-311.opt-1.pyc
-rw-r--r-- 1 root root   3248 Feb 21 17:46 gamestar.cpython-311.pyc
-rw-r--r-- 1 root root   4323 Feb 21 17:46 gaskrank.cpython-311.opt-1.pyc
-rw-r--r-- 1 root root   4323 Feb 21 17:46 gaskrank.cpython-311.pyc
-rw-r--r-- 1 root root   2570 Feb 21 17:46 gazeta.cpython-311.opt-1.pyc
-rw-r--r-- 1 root root   2570 Feb 21 17:46 gazeta.cpython-311.pyc
-rw-r--r-- 1 root root   5206 Feb 21 17:46 gbnews.cpython-311.opt-1.pyc
-rw-r--r-- 1 root root   5206 Feb 21 17:46 gbnews.cpython-311.pyc
-rw-r--r-- 1 root root   7448 Feb 21 17:46 gdcvault.cpython-311.opt-1.pyc
-rw-r--r-- 1 root root   7448 Feb 21 17:46 gdcvault.cpython-311.pyc
-rw-r--r-- 1 root root   9741 Feb 21 17:46 gedidigital.cpython-311.opt-1.pyc
-rw-r--r-- 1 root root   9741 Feb 21 17:46 gedidigital.cpython-311.pyc
-rw-r--r-- 1 root root  55566 Feb 21 17:46 generic.cpython-311.opt-1.pyc
-rw-r--r-- 1 root root  55566 Feb 21 17:46 generic.cpython-311.pyc
-rw-r--r-- 1 root root   5143 Feb 21 17:46 genericembeds.cpython-311.opt-1.pyc
-rw-r--r-- 1 root root   5143 Feb 21 17:46 genericembeds.cpython-311.pyc
-rw-r--r-- 1 root root   7153 Feb 21 17:46 genius.cpython-311.opt-1.pyc
-rw-r--r-- 1 root root   7153 Feb 21 17:46 genius.cpython-311.pyc
-rw-r--r-- 1 root root   4417 Feb 21 17:46 germanupa.cpython-311.opt-1.pyc
-rw-r--r-- 1 root root   4417 Feb 21 17:46 germanupa.cpython-311.pyc
-rw-r--r-- 1 root root   8227 Feb 21 17:46 getcourseru.cpython-311.opt-1.pyc
-rw-r--r-- 1 root root   8227 Feb 21 17:46 getcourseru.cpython-311.pyc
-rw-r--r-- 1 root root  10550 Feb 21 17:46 gettr.cpython-311.opt-1.pyc
-rw-r--r-- 1 root root  10550 Feb 21 17:46 gettr.cpython-311.pyc
-rw-r--r-- 1 root root   3883 Feb 21 17:46 giantbomb.cpython-311.opt-1.pyc
-rw-r--r-- 1 root root   3883 Feb 21 17:46 giantbomb.cpython-311.pyc
-rw-r--r-- 1 root root   2052 Feb 21 17:46 glide.cpython-311.opt-1.pyc
-rw-r--r-- 1 root root   2052 Feb 21 17:46 glide.cpython-311.pyc
-rw-r--r-- 1 root root  10575 Feb 21 17:46 globalplayer.cpython-311.opt-1.pyc
-rw-r--r-- 1 root root  10575 Feb 21 17:46 globalplayer.cpython-311.pyc
-rw-r--r-- 1 root root  10102 Feb 21 17:46 globo.cpython-311.opt-1.pyc
-rw-r--r-- 1 root root  10102 Feb 21 17:46 globo.cpython-311.pyc
-rw-r--r-- 1 root root  12852 Feb 21 17:46 glomex.cpython-311.opt-1.pyc
-rw-r--r-- 1 root root  12852 Feb 21 17:46 glomex.cpython-311.pyc
-rw-r--r-- 1 root root   4260 Feb 21 17:46 gmanetwork.cpython-311.opt-1.pyc
-rw-r--r-- 1 root root   4260 Feb 21 17:46 gmanetwork.cpython-311.pyc
-rw-r--r-- 1 root root  15310 Feb 21 17:46 go.cpython-311.opt-1.pyc
-rw-r--r-- 1 root root  15310 Feb 21 17:46 go.cpython-311.pyc
-rw-r--r-- 1 root root   3091 Feb 21 17:46 godresource.cpython-311.opt-1.pyc
-rw-r--r-- 1 root root   3091 Feb 21 17:46 godresource.cpython-311.pyc
-rw-r--r-- 1 root root   2466 Feb 21 17:46 godtube.cpython-311.opt-1.pyc
-rw-r--r-- 1 root root   2466 Feb 21 17:46 godtube.cpython-311.pyc
-rw-r--r-- 1 root root   4925 Feb 21 17:46 gofile.cpython-311.opt-1.pyc
-rw-r--r-- 1 root root   4925 Feb 21 17:46 gofile.cpython-311.pyc
-rw-r--r-- 1 root root   3236 Feb 21 17:46 golem.cpython-311.opt-1.pyc
-rw-r--r-- 1 root root   3236 Feb 21 17:46 golem.cpython-311.pyc
-rw-r--r-- 1 root root   3234 Feb 21 17:46 goodgame.cpython-311.opt-1.pyc
-rw-r--r-- 1 root root   3234 Feb 21 17:46 goodgame.cpython-311.pyc
-rw-r--r-- 1 root root  16093 Feb 21 17:46 googledrive.cpython-311.opt-1.pyc
-rw-r--r-- 1 root root  16093 Feb 21 17:46 googledrive.cpython-311.pyc
-rw-r--r-- 1 root root   6078 Feb 21 17:46 googlepodcasts.cpython-311.opt-1.pyc
-rw-r--r-- 1 root root   6078 Feb 21 17:46 googlepodcasts.cpython-311.pyc
-rw-r--r-- 1 root root   1786 Feb 21 17:46 googlesearch.cpython-311.opt-1.pyc
-rw-r--r-- 1 root root   1786 Feb 21 17:46 googlesearch.cpython-311.pyc
-rw-r--r-- 1 root root  22854 Feb 21 17:46 goplay.cpython-311.opt-1.pyc
-rw-r--r-- 1 root root  22854 Feb 21 17:46 goplay.cpython-311.pyc
-rw-r--r-- 1 root root   5311 Feb 21 17:46 gopro.cpython-311.opt-1.pyc
-rw-r--r-- 1 root root   5311 Feb 21 17:46 gopro.cpython-311.pyc
-rw-r--r-- 1 root root   2120 Feb 21 17:46 goshgay.cpython-311.opt-1.pyc
-rw-r--r-- 1 root root   2120 Feb 21 17:46 goshgay.cpython-311.pyc
-rw-r--r-- 1 root root   3982 Feb 21 17:46 gotostage.cpython-311.opt-1.pyc
-rw-r--r-- 1 root root   3982 Feb 21 17:46 gotostage.cpython-311.pyc
-rw-r--r-- 1 root root   1685 Feb 21 17:46 gputechconf.cpython-311.opt-1.pyc
-rw-r--r-- 1 root root   1685 Feb 21 17:46 gputechconf.cpython-311.pyc
-rw-r--r-- 1 root root   1797 Feb 21 17:46 graspop.cpython-311.opt-1.pyc
-rw-r--r-- 1 root root   1797 Feb 21 17:46 graspop.cpython-311.pyc
-rw-r--r-- 1 root root   6585 Feb 21 17:46 gronkh.cpython-311.opt-1.pyc
-rw-r--r-- 1 root root   6585 Feb 21 17:46 gronkh.cpython-311.pyc
-rw-r--r-- 1 root root   3246 Feb 21 17:46 groupon.cpython-311.opt-1.pyc
-rw-r--r-- 1 root root   3246 Feb 21 17:46 groupon.cpython-311.pyc
-rw-r--r-- 1 root root   2940 Feb 21 17:46 harpodeon.cpython-311.opt-1.pyc
-rw-r--r-- 1 root root   2940 Feb 21 17:46 harpodeon.cpython-311.pyc
-rw-r--r-- 1 root root   6952 Feb 21 17:46 hbo.cpython-311.opt-1.pyc
-rw-r--r-- 1 root root   6952 Feb 21 17:46 hbo.cpython-311.pyc
-rw-r--r-- 1 root root   4960 Feb 21 17:46 hearthisat.cpython-311.opt-1.pyc
-rw-r--r-- 1 root root   4960 Feb 21 17:46 hearthisat.cpython-311.pyc
-rw-r--r-- 1 root root   8705 Feb 21 17:46 heise.cpython-311.opt-1.pyc
-rw-r--r-- 1 root root   8705 Feb 21 17:46 heise.cpython-311.pyc
-rw-r--r-- 1 root root   3492 Feb 21 17:46 hellporno.cpython-311.opt-1.pyc
-rw-r--r-- 1 root root   3492 Feb 21 17:46 hellporno.cpython-311.pyc
-rw-r--r-- 1 root root   2400 Feb 21 17:46 hgtv.cpython-311.opt-1.pyc
-rw-r--r-- 1 root root   2400 Feb 21 17:46 hgtv.cpython-311.pyc
-rw-r--r-- 1 root root   6784 Feb 21 17:46 hidive.cpython-311.opt-1.pyc
-rw-r--r-- 1 root root   6784 Feb 21 17:46 hidive.cpython-311.pyc
-rw-r--r-- 1 root root   2163 Feb 21 17:46 historicfilms.cpython-311.opt-1.pyc
-rw-r--r-- 1 root root   2163 Feb 21 17:46 historicfilms.cpython-311.pyc
-rw-r--r-- 1 root root   3690 Feb 21 17:46 hitrecord.cpython-311.opt-1.pyc
-rw-r--r-- 1 root root   3690 Feb 21 17:46 hitrecord.cpython-311.pyc
-rw-r--r-- 1 root root   7989 Feb 21 17:46 hketv.cpython-311.opt-1.pyc
-rw-r--r-- 1 root root   7989 Feb 21 17:46 hketv.cpython-311.pyc
-rw-r--r-- 1 root root   4440 Feb 21 17:46 hollywoodreporter.cpython-311.opt-1.pyc
-rw-r--r-- 1 root root   4440 Feb 21 17:46 hollywoodreporter.cpython-311.pyc
-rw-r--r-- 1 root root   4593 Feb 21 17:46 holodex.cpython-311.opt-1.pyc
-rw-r--r-- 1 root root   4593 Feb 21 17:46 holodex.cpython-311.pyc
-rw-r--r-- 1 root root   3226 Feb 21 17:46 hotnewhiphop.cpython-311.opt-1.pyc
-rw-r--r-- 1 root root   3226 Feb 21 17:46 hotnewhiphop.cpython-311.pyc
-rw-r--r-- 1 root root  22549 Feb 21 17:46 hotstar.cpython-311.opt-1.pyc
-rw-r--r-- 1 root root  22585 Feb 21 17:46 hotstar.cpython-311.pyc
-rw-r--r-- 1 root root   1195 Feb 21 17:46 hrefli.cpython-311.opt-1.pyc
-rw-r--r-- 1 root root   1195 Feb 21 17:46 hrefli.cpython-311.pyc
-rw-r--r-- 1 root root   5032 Feb 21 17:46 hrfensehen.cpython-311.opt-1.pyc
-rw-r--r-- 1 root root   5032 Feb 21 17:46 hrfensehen.cpython-311.pyc
-rw-r--r-- 1 root root  10435 Feb 21 17:46 hrti.cpython-311.opt-1.pyc
-rw-r--r-- 1 root root  10435 Feb 21 17:46 hrti.cpython-311.pyc
-rw-r--r-- 1 root root   5171 Feb 21 17:46 hse.cpython-311.opt-1.pyc
-rw-r--r-- 1 root root   5171 Feb 21 17:46 hse.cpython-311.pyc
-rw-r--r-- 1 root root   2689 Feb 21 17:46 huajiao.cpython-311.opt-1.pyc
-rw-r--r-- 1 root root   2689 Feb 21 17:46 huajiao.cpython-311.pyc
-rw-r--r-- 1 root root   4545 Feb 21 17:46 huffpost.cpython-311.opt-1.pyc
-rw-r--r-- 1 root root   4545 Feb 21 17:46 huffpost.cpython-311.pyc
-rw-r--r-- 1 root root   9357 Feb 21 17:46 hungama.cpython-311.opt-1.pyc
-rw-r--r-- 1 root root   9357 Feb 21 17:46 hungama.cpython-311.pyc
-rw-r--r-- 1 root root  11120 Feb 21 17:46 huya.cpython-311.opt-1.pyc
-rw-r--r-- 1 root root  11120 Feb 21 17:46 huya.cpython-311.pyc
-rw-r--r-- 1 root root   2268 Feb 21 17:46 hypem.cpython-311.opt-1.pyc
-rw-r--r-- 1 root root   2268 Feb 21 17:46 hypem.cpython-311.pyc
-rw-r--r-- 1 root root   3138 Feb 21 17:46 hypergryph.cpython-311.opt-1.pyc
-rw-r--r-- 1 root root   3138 Feb 21 17:46 hypergryph.cpython-311.pyc
-rw-r--r-- 1 root root   3607 Feb 21 17:46 hytale.cpython-311.opt-1.pyc
-rw-r--r-- 1 root root   3607 Feb 21 17:46 hytale.cpython-311.pyc
-rw-r--r-- 1 root root   8853 Feb 21 17:46 icareus.cpython-311.opt-1.pyc
-rw-r--r-- 1 root root   8853 Feb 21 17:46 icareus.cpython-311.pyc
-rw-r--r-- 1 root root   9232 Feb 21 17:46 ichinanalive.cpython-311.opt-1.pyc
-rw-r--r-- 1 root root   9232 Feb 21 17:46 ichinanalive.cpython-311.pyc
-rw-r--r-- 1 root root  12262 Feb 21 17:46 idagio.cpython-311.opt-1.pyc
-rw-r--r-- 1 root root  12262 Feb 21 17:46 idagio.cpython-311.pyc
-rw-r--r-- 1 root root   5165 Feb 21 17:46 idolplus.cpython-311.opt-1.pyc
-rw-r--r-- 1 root root   5165 Feb 21 17:46 idolplus.cpython-311.pyc
-rw-r--r-- 1 root root  21260 Feb 21 17:46 ign.cpython-311.opt-1.pyc
-rw-r--r-- 1 root root  21260 Feb 21 17:46 ign.cpython-311.pyc
-rw-r--r-- 1 root root   5167 Feb 21 17:46 iheart.cpython-311.opt-1.pyc
-rw-r--r-- 1 root root   5167 Feb 21 17:46 iheart.cpython-311.pyc
-rw-r--r-- 1 root root   3317 Feb 21 17:46 ilpost.cpython-311.opt-1.pyc
-rw-r--r-- 1 root root   3317 Feb 21 17:46 ilpost.cpython-311.pyc
-rw-r--r-- 1 root root   2834 Feb 21 17:46 iltalehti.cpython-311.opt-1.pyc
-rw-r--r-- 1 root root   2834 Feb 21 17:46 iltalehti.cpython-311.pyc
-rw-r--r-- 1 root root   7743 Feb 21 17:46 imdb.cpython-311.opt-1.pyc
-rw-r--r-- 1 root root   7743 Feb 21 17:46 imdb.cpython-311.pyc
-rw-r--r-- 1 root root   7581 Feb 21 17:46 imggaming.cpython-311.opt-1.pyc
-rw-r--r-- 1 root root   7581 Feb 21 17:46 imggaming.cpython-311.pyc
-rw-r--r-- 1 root root  16446 Feb 21 17:46 imgur.cpython-311.opt-1.pyc
-rw-r--r-- 1 root root  16446 Feb 21 17:46 imgur.cpython-311.pyc
-rw-r--r-- 1 root root   3919 Feb 21 17:46 ina.cpython-311.opt-1.pyc
-rw-r--r-- 1 root root   3919 Feb 21 17:46 ina.cpython-311.pyc
-rw-r--r-- 1 root root   2694 Feb 21 17:46 inc.cpython-311.opt-1.pyc
-rw-r--r-- 1 root root   2694 Feb 21 17:46 inc.cpython-311.pyc
-rw-r--r-- 1 root root   5574 Feb 21 17:46 indavideo.cpython-311.opt-1.pyc
-rw-r--r-- 1 root root   5574 Feb 21 17:46 indavideo.cpython-311.pyc
-rw-r--r-- 1 root root   5763 Feb 21 17:46 infoq.cpython-311.opt-1.pyc
-rw-r--r-- 1 root root   5763 Feb 21 17:46 infoq.cpython-311.pyc
-rw-r--r-- 1 root root  36285 Feb 21 17:46 instagram.cpython-311.opt-1.pyc
-rw-r--r-- 1 root root  36285 Feb 21 17:46 instagram.cpython-311.pyc
-rw-r--r-- 1 root root   3614 Feb 21 17:46 internazionale.cpython-311.opt-1.pyc
-rw-r--r-- 1 root root   3614 Feb 21 17:46 internazionale.cpython-311.pyc
-rw-r--r-- 1 root root   3597 Feb 21 17:46 internetvideoarchive.cpython-311.opt-1.pyc
-rw-r--r-- 1 root root   3597 Feb 21 17:46 internetvideoarchive.cpython-311.pyc
-rw-r--r-- 1 root root  12279 Feb 21 17:46 iprima.cpython-311.opt-1.pyc
-rw-r--r-- 1 root root  12279 Feb 21 17:46 iprima.cpython-311.pyc
-rw-r--r-- 1 root root  29479 Feb 21 17:46 iqiyi.cpython-311.opt-1.pyc
-rw-r--r-- 1 root root  29479 Feb 21 17:46 iqiyi.cpython-311.pyc
-rw-r--r-- 1 root root   4368 Feb 21 17:46 islamchannel.cpython-311.opt-1.pyc
-rw-r--r-- 1 root root   4368 Feb 21 17:46 islamchannel.cpython-311.pyc
-rw-r--r-- 1 root root   2693 Feb 21 17:46 israelnationalnews.cpython-311.opt-1.pyc
-rw-r--r-- 1 root root   2693 Feb 21 17:46 israelnationalnews.cpython-311.pyc
-rw-r--r-- 1 root root   7963 Feb 21 17:46 itprotv.cpython-311.opt-1.pyc
-rw-r--r-- 1 root root   7963 Feb 21 17:46 itprotv.cpython-311.pyc
-rw-r--r-- 1 root root  13956 Feb 21 17:46 itv.cpython-311.opt-1.pyc
-rw-r--r-- 1 root root  13956 Feb 21 17:46 itv.cpython-311.pyc
-rw-r--r-- 1 root root  10714 Feb 21 17:46 ivi.cpython-311.opt-1.pyc
-rw-r--r-- 1 root root  10714 Feb 21 17:46 ivi.cpython-311.pyc
-rw-r--r-- 1 root root   4092 Feb 21 17:46 ivideon.cpython-311.opt-1.pyc
-rw-r--r-- 1 root root   4092 Feb 21 17:46 ivideon.cpython-311.pyc
-rw-r--r-- 1 root root   4310 Feb 21 17:46 ivoox.cpython-311.opt-1.pyc
-rw-r--r-- 1 root root   4310 Feb 21 17:46 ivoox.cpython-311.pyc
-rw-r--r-- 1 root root  14936 Feb 21 17:46 iwara.cpython-311.opt-1.pyc
-rw-r--r-- 1 root root  14936 Feb 21 17:46 iwara.cpython-311.pyc
-rw-r--r-- 1 root root   5138 Feb 21 17:46 ixigua.cpython-311.opt-1.pyc
-rw-r--r-- 1 root root   5138 Feb 21 17:46 ixigua.cpython-311.pyc
-rw-r--r-- 1 root root   4802 Feb 21 17:46 izlesene.cpython-311.opt-1.pyc
-rw-r--r-- 1 root root   4802 Feb 21 17:46 izlesene.cpython-311.pyc
-rw-r--r-- 1 root root   9355 Feb 21 17:46 jamendo.cpython-311.opt-1.pyc
-rw-r--r-- 1 root root   9355 Feb 21 17:46 jamendo.cpython-311.pyc
-rw-r--r-- 1 root root  14668 Feb 21 17:46 japandiet.cpython-311.opt-1.pyc
-rw-r--r-- 1 root root  14668 Feb 21 17:46 japandiet.cpython-311.pyc
-rw-r--r-- 1 root root   2973 Feb 21 17:46 jeuxvideo.cpython-311.opt-1.pyc
-rw-r--r-- 1 root root   2973 Feb 21 17:46 jeuxvideo.cpython-311.pyc
-rw-r--r-- 1 root root  21884 Feb 21 17:46 jiosaavn.cpython-311.opt-1.pyc
-rw-r--r-- 1 root root  21884 Feb 21 17:46 jiosaavn.cpython-311.pyc
-rw-r--r-- 1 root root   3624 Feb 21 17:46 jixie.cpython-311.opt-1.pyc
-rw-r--r-- 1 root root   3624 Feb 21 17:46 jixie.cpython-311.pyc
-rw-r--r-- 1 root root   4960 Feb 21 17:46 joj.cpython-311.opt-1.pyc
-rw-r--r-- 1 root root   4960 Feb 21 17:46 joj.cpython-311.pyc
-rw-r--r-- 1 root root   3464 Feb 21 17:46 jove.cpython-311.opt-1.pyc
-rw-r--r-- 1 root root   3464 Feb 21 17:46 jove.cpython-311.pyc
-rw-r--r-- 1 root root   4893 Feb 21 17:46 jstream.cpython-311.opt-1.pyc
-rw-r--r-- 1 root root   4893 Feb 21 17:46 jstream.cpython-311.pyc
-rw-r--r-- 1 root root   7423 Feb 21 17:46 jtbc.cpython-311.opt-1.pyc
-rw-r--r-- 1 root root   7423 Feb 21 17:46 jtbc.cpython-311.pyc
-rw-r--r-- 1 root root   4132 Feb 21 17:46 jwplatform.cpython-311.opt-1.pyc
-rw-r--r-- 1 root root   4132 Feb 21 17:46 jwplatform.cpython-311.pyc
-rw-r--r-- 1 root root   6954 Feb 21 17:46 kakao.cpython-311.opt-1.pyc
-rw-r--r-- 1 root root   6954 Feb 21 17:46 kakao.cpython-311.pyc
-rw-r--r-- 1 root root  23490 Feb 21 17:46 kaltura.cpython-311.opt-1.pyc
-rw-r--r-- 1 root root  23532 Feb 21 17:46 kaltura.cpython-311.pyc
-rw-r--r-- 1 root root   2982 Feb 21 17:46 kankanews.cpython-311.opt-1.pyc
-rw-r--r-- 1 root root   2982 Feb 21 17:46 kankanews.cpython-311.pyc
-rw-r--r-- 1 root root   3198 Feb 21 17:46 karaoketv.cpython-311.opt-1.pyc
-rw-r--r-- 1 root root   3198 Feb 21 17:46 karaoketv.cpython-311.pyc
-rw-r--r-- 1 root root   4977 Feb 21 17:46 kelbyone.cpython-311.opt-1.pyc
-rw-r--r-- 1 root root   4977 Feb 21 17:46 kelbyone.cpython-311.pyc
-rw-r--r-- 1 root root   8803 Feb 21 17:46 kenh14.cpython-311.opt-1.pyc
-rw-r--r-- 1 root root   8803 Feb 21 17:46 kenh14.cpython-311.pyc
-rw-r--r-- 1 root root   7640 Feb 21 17:46 khanacademy.cpython-311.opt-1.pyc
-rw-r--r-- 1 root root   7640 Feb 21 17:46 khanacademy.cpython-311.pyc
-rw-r--r-- 1 root root  11345 Feb 21 17:46 kick.cpython-311.opt-1.pyc
-rw-r--r-- 1 root root  11345 Feb 21 17:46 kick.cpython-311.pyc
-rw-r--r-- 1 root root   2608 Feb 21 17:46 kicker.cpython-311.opt-1.pyc
-rw-r--r-- 1 root root   2608 Feb 21 17:46 kicker.cpython-311.pyc
-rw-r--r-- 1 root root   2910 Feb 21 17:46 kickstarter.cpython-311.opt-1.pyc
-rw-r--r-- 1 root root   2910 Feb 21 17:46 kickstarter.cpython-311.pyc
-rw-r--r-- 1 root root   7995 Feb 21 17:46 kika.cpython-311.opt-1.pyc
-rw-r--r-- 1 root root   7995 Feb 21 17:46 kika.cpython-311.pyc
-rw-r--r-- 1 root root   9402 Feb 21 17:46 kinja.cpython-311.opt-1.pyc
-rw-r--r-- 1 root root   9402 Feb 21 17:46 kinja.cpython-311.pyc
-rw-r--r-- 1 root root   2816 Feb 21 17:46 kinopoisk.cpython-311.opt-1.pyc
-rw-r--r-- 1 root root   2816 Feb 21 17:46 kinopoisk.cpython-311.pyc
-rw-r--r-- 1 root root   1779 Feb 21 17:46 kommunetv.cpython-311.opt-1.pyc
-rw-r--r-- 1 root root   1779 Feb 21 17:46 kommunetv.cpython-311.pyc
-rw-r--r-- 1 root root   1657 Feb 21 17:46 kompas.cpython-311.opt-1.pyc
-rw-r--r-- 1 root root   1657 Feb 21 17:46 kompas.cpython-311.pyc
-rw-r--r-- 1 root root   4980 Feb 21 17:46 koo.cpython-311.opt-1.pyc
-rw-r--r-- 1 root root   4980 Feb 21 17:46 koo.cpython-311.pyc
-rw-r--r-- 1 root root   2732 Feb 21 17:46 krasview.cpython-311.opt-1.pyc
-rw-r--r-- 1 root root   2732 Feb 21 17:46 krasview.cpython-311.pyc
-rw-r--r-- 1 root root   1493 Feb 21 17:46 kth.cpython-311.opt-1.pyc
-rw-r--r-- 1 root root   1493 Feb 21 17:46 kth.cpython-311.pyc
-rw-r--r-- 1 root root   1516 Feb 21 17:46 ku6.cpython-311.opt-1.pyc
-rw-r--r-- 1 root root   1516 Feb 21 17:46 ku6.cpython-311.pyc
-rw-r--r-- 1 root root   7146 Feb 21 17:46 kukululive.cpython-311.opt-1.pyc
-rw-r--r-- 1 root root   7146 Feb 21 17:46 kukululive.cpython-311.pyc
-rw-r--r-- 1 root root  15525 Feb 21 17:46 kuwo.cpython-311.opt-1.pyc
-rw-r--r-- 1 root root  15525 Feb 21 17:46 kuwo.cpython-311.pyc
-rw-r--r-- 1 root root  10653 Feb 21 17:46 la7.cpython-311.opt-1.pyc
-rw-r--r-- 1 root root  10653 Feb 21 17:46 la7.cpython-311.pyc
-rw-r--r-- 1 root root   6171 Feb 21 17:46 laracasts.cpython-311.opt-1.pyc
-rw-r--r-- 1 root root   6171 Feb 21 17:46 laracasts.cpython-311.pyc
-rw-r--r-- 1 root root   5889 Feb 21 17:46 lastfm.cpython-311.opt-1.pyc
-rw-r--r-- 1 root root   5889 Feb 21 17:46 lastfm.cpython-311.pyc
-rw-r--r-- 1 root root   3708 Feb 21 17:46 laxarxames.cpython-311.opt-1.pyc
-rw-r--r-- 1 root root   3708 Feb 21 17:46 laxarxames.cpython-311.pyc
-rw-r--r-- 1 root root  19774 Feb 21 17:46 lbry.cpython-311.opt-1.pyc
-rw-r--r-- 1 root root  19774 Feb 21 17:46 lbry.cpython-311.pyc
-rw-r--r-- 1 root root   2720 Feb 21 17:46 lci.cpython-311.opt-1.pyc
-rw-r--r-- 1 root root   2720 Feb 21 17:46 lci.cpython-311.pyc
-rw-r--r-- 1 root root   2782 Feb 21 17:46 lcp.cpython-311.opt-1.pyc
-rw-r--r-- 1 root root   2782 Feb 21 17:46 lcp.cpython-311.pyc
-rw-r--r-- 1 root root   4149 Feb 21 17:46 learningonscreen.cpython-311.opt-1.pyc
-rw-r--r-- 1 root root   4149 Feb 21 17:46 learningonscreen.cpython-311.pyc
-rw-r--r-- 1 root root   3088 Feb 21 17:46 lecture2go.cpython-311.opt-1.pyc
-rw-r--r-- 1 root root   3088 Feb 21 17:46 lecture2go.cpython-311.pyc
-rw-r--r-- 1 root root  11147 Feb 21 17:46 lecturio.cpython-311.opt-1.pyc
-rw-r--r-- 1 root root  11147 Feb 21 17:46 lecturio.cpython-311.pyc
-rw-r--r-- 1 root root  16962 Feb 21 17:46 leeco.cpython-311.opt-1.pyc
-rw-r--r-- 1 root root  16962 Feb 21 17:46 leeco.cpython-311.pyc
-rw-r--r-- 1 root root   6588 Feb 21 17:46 lefigaro.cpython-311.opt-1.pyc
-rw-r--r-- 1 root root   6588 Feb 21 17:46 lefigaro.cpython-311.pyc
-rw-r--r-- 1 root root   6941 Feb 21 17:46 lego.cpython-311.opt-1.pyc
-rw-r--r-- 1 root root   6941 Feb 21 17:46 lego.cpython-311.pyc
-rw-r--r-- 1 root root   2568 Feb 21 17:46 lemonde.cpython-311.opt-1.pyc
-rw-r--r-- 1 root root   2568 Feb 21 17:46 lemonde.cpython-311.pyc
-rw-r--r-- 1 root root   1971 Feb 21 17:46 lenta.cpython-311.opt-1.pyc
-rw-r--r-- 1 root root   1971 Feb 21 17:46 lenta.cpython-311.pyc
-rw-r--r-- 1 root root   5574 Feb 21 17:46 libraryofcongress.cpython-311.opt-1.pyc
-rw-r--r-- 1 root root   5574 Feb 21 17:46 libraryofcongress.cpython-311.pyc
-rw-r--r-- 1 root root   4795 Feb 21 17:46 libsyn.cpython-311.opt-1.pyc
-rw-r--r-- 1 root root   4795 Feb 21 17:46 libsyn.cpython-311.pyc
-rw-r--r-- 1 root root  10435 Feb 21 17:46 lifenews.cpython-311.opt-1.pyc
-rw-r--r-- 1 root root  10435 Feb 21 17:46 lifenews.cpython-311.pyc
-rw-r--r-- 1 root root   7610 Feb 21 17:46 likee.cpython-311.opt-1.pyc
-rw-r--r-- 1 root root   7610 Feb 21 17:46 likee.cpython-311.pyc
-rw-r--r-- 1 root root  20400 Feb 21 17:46 linkedin.cpython-311.opt-1.pyc
-rw-r--r-- 1 root root  20400 Feb 21 17:46 linkedin.cpython-311.pyc
-rw-r--r-- 1 root root   3678 Feb 21 17:46 liputan6.cpython-311.opt-1.pyc
-rw-r--r-- 1 root root   3678 Feb 21 17:46 liputan6.cpython-311.pyc
-rw-r--r-- 1 root root   5090 Feb 21 17:46 listennotes.cpython-311.opt-1.pyc
-rw-r--r-- 1 root root   5090 Feb 21 17:46 listennotes.cpython-311.pyc
-rw-r--r-- 1 root root   7314 Feb 21 17:46 litv.cpython-311.opt-1.pyc
-rw-r--r-- 1 root root   7314 Feb 21 17:46 litv.cpython-311.pyc
-rw-r--r-- 1 root root   2177 Feb 21 17:46 livejournal.cpython-311.opt-1.pyc
-rw-r--r-- 1 root root   2177 Feb 21 17:46 livejournal.cpython-311.pyc
-rw-r--r-- 1 root root  18696 Feb 21 17:46 livestream.cpython-311.opt-1.pyc
-rw-r--r-- 1 root root  18696 Feb 21 17:46 livestream.cpython-311.pyc
-rw-r--r-- 1 root root   2184 Feb 21 17:46 livestreamfails.cpython-311.opt-1.pyc
-rw-r--r-- 1 root root   2184 Feb 21 17:46 livestreamfails.cpython-311.pyc
-rw-r--r-- 1 root root   3616 Feb 21 17:46 lnk.cpython-311.opt-1.pyc
-rw-r--r-- 1 root root   3616 Feb 21 17:46 lnk.cpython-311.pyc
-rw-r--r-- 1 root root  10419 Feb 21 17:46 locipo.cpython-311.opt-1.pyc
-rw-r--r-- 1 root root  10419 Feb 21 17:46 locipo.cpython-311.pyc
-rw-r--r-- 1 root root   7759 Feb 21 17:46 loco.cpython-311.opt-1.pyc
-rw-r--r-- 1 root root   7759 Feb 21 17:46 loco.cpython-311.pyc
-rw-r--r-- 1 root root  19778 Feb 21 17:46 loom.cpython-311.opt-1.pyc
-rw-r--r-- 1 root root  19778 Feb 21 17:46 loom.cpython-311.pyc
-rw-r--r-- 1 root root   1695 Feb 21 17:46 lovehomeporn.cpython-311.opt-1.pyc
-rw-r--r-- 1 root root   1695 Feb 21 17:46 lovehomeporn.cpython-311.pyc
-rw-r--r-- 1 root root   8349 Feb 21 17:46 lrt.cpython-311.opt-1.pyc
-rw-r--r-- 1 root root   8349 Feb 21 17:46 lrt.cpython-311.pyc
-rw-r--r-- 1 root root  13807 Feb 21 17:46 lsm.cpython-311.opt-1.pyc
-rw-r--r-- 1 root root  13807 Feb 21 17:46 lsm.cpython-311.pyc
-rw-r--r-- 1 root root   1640 Feb 21 17:46 lumni.cpython-311.opt-1.pyc
-rw-r--r-- 1 root root   1640 Feb 21 17:46 lumni.cpython-311.pyc
-rw-r--r-- 1 root root  16337 Feb 21 17:46 lynda.cpython-311.opt-1.pyc
-rw-r--r-- 1 root root  16337 Feb 21 17:46 lynda.cpython-311.pyc
-rw-r--r-- 1 root root   2675 Feb 21 17:46 maariv.cpython-311.opt-1.pyc
-rw-r--r-- 1 root root   2675 Feb 21 17:46 maariv.cpython-311.pyc
-rw-r--r-- 1 root root   3783 Feb 21 17:46 magellantv.cpython-311.opt-1.pyc
-rw-r--r-- 1 root root   3783 Feb 21 17:46 magellantv.cpython-311.pyc
-rw-r--r-- 1 root root   3567 Feb 21 17:46 magentamusik.cpython-311.opt-1.pyc
-rw-r--r-- 1 root root   3567 Feb 21 17:46 magentamusik.cpython-311.pyc
-rw-r--r-- 1 root root  14426 Feb 21 17:46 mailru.cpython-311.opt-1.pyc
-rw-r--r-- 1 root root  14426 Feb 21 17:46 mailru.cpython-311.pyc
-rw-r--r-- 1 root root  10269 Feb 21 17:46 mainstreaming.cpython-311.opt-1.pyc
-rw-r--r-- 1 root root  10269 Feb 21 17:46 mainstreaming.cpython-311.pyc
-rw-r--r-- 1 root root   4623 Feb 21 17:46 mangomolo.cpython-311.opt-1.pyc
-rw-r--r-- 1 root root   4623 Feb 21 17:46 mangomolo.cpython-311.pyc
-rw-r--r-- 1 root root   4870 Feb 21 17:46 manyvids.cpython-311.opt-1.pyc
-rw-r--r-- 1 root root   4870 Feb 21 17:46 manyvids.cpython-311.pyc
-rw-r--r-- 1 root root   1707 Feb 21 17:46 maoritv.cpython-311.opt-1.pyc
-rw-r--r-- 1 root root   1707 Feb 21 17:46 maoritv.cpython-311.pyc
-rw-r--r-- 1 root root   5721 Feb 21 17:46 markiza.cpython-311.opt-1.pyc
-rw-r--r-- 1 root root   5721 Feb 21 17:46 markiza.cpython-311.pyc
-rw-r--r-- 1 root root   3709 Feb 21 17:46 massengeschmacktv.cpython-311.opt-1.pyc
-rw-r--r-- 1 root root   3709 Feb 21 17:46 massengeschmacktv.cpython-311.pyc
-rw-r--r-- 1 root root   2349 Feb 21 17:46 masters.cpython-311.opt-1.pyc
-rw-r--r-- 1 root root   2349 Feb 21 17:46 masters.cpython-311.pyc
-rw-r--r-- 1 root root   2322 Feb 21 17:46 matchitv.cpython-311.opt-1.pyc
-rw-r--r-- 1 root root   2322 Feb 21 17:46 matchitv.cpython-311.pyc
-rw-r--r-- 1 root root   1739 Feb 21 17:46 matchtv.cpython-311.opt-1.pyc
-rw-r--r-- 1 root root   1739 Feb 21 17:46 matchtv.cpython-311.pyc
-rw-r--r-- 1 root root   9384 Feb 21 17:46 mave.cpython-311.opt-1.pyc
-rw-r--r-- 1 root root   9384 Feb 21 17:46 mave.cpython-311.pyc
-rw-r--r-- 1 root root   4463 Feb 21 17:46 mbn.cpython-311.opt-1.pyc
-rw-r--r-- 1 root root   4463 Feb 21 17:46 mbn.cpython-311.pyc
-rw-r--r-- 1 root root   5637 Feb 21 17:46 mdr.cpython-311.opt-1.pyc
-rw-r--r-- 1 root root   5637 Feb 21 17:46 mdr.cpython-311.pyc
-rw-r--r-- 1 root root   5150 Feb 21 17:46 medaltv.cpython-311.opt-1.pyc
-rw-r--r-- 1 root root   5150 Feb 21 17:46 medaltv.cpython-311.pyc
-rw-r--r-- 1 root root   4003 Feb 21 17:46 mediaite.cpython-311.opt-1.pyc
-rw-r--r-- 1 root root   4003 Feb 21 17:46 mediaite.cpython-311.pyc
-rw-r--r-- 1 root root   5613 Feb 21 17:46 mediaklikk.cpython-311.opt-1.pyc
-rw-r--r-- 1 root root   5613 Feb 21 17:46 mediaklikk.cpython-311.pyc
-rw-r--r-- 1 root root  10097 Feb 21 17:46 medialaan.cpython-311.opt-1.pyc
-rw-r--r-- 1 root root  10097 Feb 21 17:46 medialaan.cpython-311.pyc
-rw-r--r-- 1 root root  15021 Feb 21 17:46 mediaset.cpython-311.opt-1.pyc
-rw-r--r-- 1 root root  15021 Feb 21 17:46 mediaset.cpython-311.pyc
-rw-r--r-- 1 root root  18215 Feb 21 17:46 mediasite.cpython-311.opt-1.pyc
-rw-r--r-- 1 root root  18215 Feb 21 17:46 mediasite.cpython-311.pyc
-rw-r--r-- 1 root root  12229 Feb 21 17:46 mediastream.cpython-311.opt-1.pyc
-rw-r--r-- 1 root root  12229 Feb 21 17:46 mediastream.cpython-311.pyc
-rw-r--r-- 1 root root   5179 Feb 21 17:46 mediaworksnz.cpython-311.opt-1.pyc
-rw-r--r-- 1 root root   5179 Feb 21 17:46 mediaworksnz.cpython-311.pyc
-rw-r--r-- 1 root root   6326 Feb 21 17:46 medici.cpython-311.opt-1.pyc
-rw-r--r-- 1 root root   6326 Feb 21 17:46 medici.cpython-311.pyc
-rw-r--r-- 1 root root   2266 Feb 21 17:46 megaphone.cpython-311.opt-1.pyc
-rw-r--r-- 1 root root   2266 Feb 21 17:46 megaphone.cpython-311.pyc
-rw-r--r-- 1 root root   8548 Feb 21 17:46 megatvcom.cpython-311.opt-1.pyc
-rw-r--r-- 1 root root   8548 Feb 21 17:46 megatvcom.cpython-311.pyc
-rw-r--r-- 1 root root   3805 Feb 21 17:46 meipai.cpython-311.opt-1.pyc
-rw-r--r-- 1 root root   3805 Feb 21 17:46 meipai.cpython-311.pyc
-rw-r--r-- 1 root root   3114 Feb 21 17:46 melonvod.cpython-311.opt-1.pyc
-rw-r--r-- 1 root root   3114 Feb 21 17:46 melonvod.cpython-311.pyc
-rw-r--r-- 1 root root   3631 Feb 21 17:46 metacritic.cpython-311.opt-1.pyc
-rw-r--r-- 1 root root   3631 Feb 21 17:46 metacritic.cpython-311.pyc
-rw-r--r-- 1 root root   8310 Feb 21 17:46 mgtv.cpython-311.opt-1.pyc
-rw-r--r-- 1 root root   8310 Feb 21 17:46 mgtv.cpython-311.pyc
-rw-r--r-- 1 root root  19978 Feb 21 17:46 microsoftembed.cpython-311.opt-1.pyc
-rw-r--r-- 1 root root  19978 Feb 21 17:46 microsoftembed.cpython-311.pyc
-rw-r--r-- 1 root root   8549 Feb 21 17:46 microsoftstream.cpython-311.opt-1.pyc
-rw-r--r-- 1 root root   8549 Feb 21 17:46 microsoftstream.cpython-311.pyc
-rw-r--r-- 1 root root   8938 Feb 21 17:46 minds.cpython-311.opt-1.pyc
-rw-r--r-- 1 root root   8995 Feb 21 17:46 minds.cpython-311.pyc
-rw-r--r-- 1 root root   2967 Feb 21 17:46 minoto.cpython-311.opt-1.pyc
-rw-r--r-- 1 root root   2967 Feb 21 17:46 minoto.cpython-311.pyc
-rw-r--r-- 1 root root   2530 Feb 21 17:46 mir24tv.cpython-311.opt-1.pyc
-rw-r--r-- 1 root root   2530 Feb 21 17:46 mir24tv.cpython-311.pyc
-rw-r--r-- 1 root root   6697 Feb 21 17:46 mirrativ.cpython-311.opt-1.pyc
-rw-r--r-- 1 root root   6697 Feb 21 17:46 mirrativ.cpython-311.pyc
-rw-r--r-- 1 root root   3767 Feb 21 17:46 mirrorcouk.cpython-311.opt-1.pyc
-rw-r--r-- 1 root root   3767 Feb 21 17:46 mirrorcouk.cpython-311.pyc
-rw-r--r-- 1 root root   6244 Feb 21 17:46 mit.cpython-311.opt-1.pyc
-rw-r--r-- 1 root root   6244 Feb 21 17:46 mit.cpython-311.pyc
-rw-r--r-- 1 root root   7369 Feb 21 17:46 mixch.cpython-311.opt-1.pyc
-rw-r--r-- 1 root root   7369 Feb 21 17:46 mixch.cpython-311.pyc
-rw-r--r-- 1 root root  15371 Feb 21 17:46 mixcloud.cpython-311.opt-1.pyc
-rw-r--r-- 1 root root  15371 Feb 21 17:46 mixcloud.cpython-311.pyc
-rw-r--r-- 1 root root   6057 Feb 21 17:46 mixlr.cpython-311.opt-1.pyc
-rw-r--r-- 1 root root   6057 Feb 21 17:46 mixlr.cpython-311.pyc
-rw-r--r-- 1 root root  24819 Feb 21 17:46 mlb.cpython-311.opt-1.pyc
-rw-r--r-- 1 root root  24819 Feb 21 17:46 mlb.cpython-311.pyc
-rw-r--r-- 1 root root   6626 Feb 21 17:46 mlssoccer.cpython-311.opt-1.pyc
-rw-r--r-- 1 root root   6626 Feb 21 17:46 mlssoccer.cpython-311.pyc
-rw-r--r-- 1 root root   4198 Feb 21 17:46 mocha.cpython-311.opt-1.pyc
-rw-r--r-- 1 root root   4198 Feb 21 17:46 mocha.cpython-311.pyc
-rw-r--r-- 1 root root   4831 Feb 21 17:46 mojevideo.cpython-311.opt-1.pyc
-rw-r--r-- 1 root root   4831 Feb 21 17:46 mojevideo.cpython-311.pyc
-rw-r--r-- 1 root root   2589 Feb 21 17:46 mojvideo.cpython-311.opt-1.pyc
-rw-r--r-- 1 root root   2589 Feb 21 17:46 mojvideo.cpython-311.pyc
-rw-r--r-- 1 root root   4698 Feb 21 17:46 monstercat.cpython-311.opt-1.pyc
-rw-r--r-- 1 root root   4698 Feb 21 17:46 monstercat.cpython-311.pyc
-rw-r--r-- 1 root root  12677 Feb 21 17:46 motherless.cpython-311.opt-1.pyc
-rw-r--r-- 1 root root  12677 Feb 21 17:46 motherless.cpython-311.pyc
-rw-r--r-- 1 root root   2562 Feb 21 17:46 motorsport.cpython-311.opt-1.pyc
-rw-r--r-- 1 root root   2562 Feb 21 17:46 motorsport.cpython-311.pyc
-rw-r--r-- 1 root root   3458 Feb 21 17:46 moviepilot.cpython-311.opt-1.pyc
-rw-r--r-- 1 root root   3458 Feb 21 17:46 moviepilot.cpython-311.pyc
-rw-r--r-- 1 root root   1858 Feb 21 17:46 moview.cpython-311.opt-1.pyc
-rw-r--r-- 1 root root   1858 Feb 21 17:46 moview.cpython-311.pyc
-rw-r--r-- 1 root root   1927 Feb 21 17:46 moviezine.cpython-311.opt-1.pyc
-rw-r--r-- 1 root root   1927 Feb 21 17:46 moviezine.cpython-311.pyc
-rw-r--r-- 1 root root   2586 Feb 21 17:46 movingimage.cpython-311.opt-1.pyc
-rw-r--r-- 1 root root   2586 Feb 21 17:46 movingimage.cpython-311.pyc
-rw-r--r-- 1 root root   9425 Feb 21 17:46 msn.cpython-311.opt-1.pyc
-rw-r--r-- 1 root root   9425 Feb 21 17:46 msn.cpython-311.pyc
-rw-r--r-- 1 root root  15260 Feb 21 17:46 mtv.cpython-311.opt-1.pyc
-rw-r--r-- 1 root root  15260 Feb 21 17:46 mtv.cpython-311.pyc
-rw-r--r-- 1 root root   2669 Feb 21 17:46 muenchentv.cpython-311.opt-1.pyc
-rw-r--r-- 1 root root   2669 Feb 21 17:46 muenchentv.cpython-311.pyc
-rw-r--r-- 1 root root   7962 Feb 21 17:46 murrtube.cpython-311.opt-1.pyc
-rw-r--r-- 1 root root   7962 Feb 21 17:46 murrtube.cpython-311.pyc
-rw-r--r-- 1 root root   5094 Feb 21 17:46 museai.cpython-311.opt-1.pyc
-rw-r--r-- 1 root root   5094 Feb 21 17:46 museai.cpython-311.pyc
-rw-r--r-- 1 root root   3454 Feb 21 17:46 musescore.cpython-311.opt-1.pyc
-rw-r--r-- 1 root root   3454 Feb 21 17:46 musescore.cpython-311.pyc
-rw-r--r-- 1 root root  12220 Feb 21 17:46 musicdex.cpython-311.opt-1.pyc
-rw-r--r-- 1 root root  12220 Feb 21 17:46 musicdex.cpython-311.pyc
-rw-r--r-- 1 root root   4015 Feb 21 17:46 mux.cpython-311.opt-1.pyc
-rw-r--r-- 1 root root   4015 Feb 21 17:46 mux.cpython-311.pyc
-rw-r--r-- 1 root root   7390 Feb 21 17:46 mx3.cpython-311.opt-1.pyc
-rw-r--r-- 1 root root   7390 Feb 21 17:46 mx3.cpython-311.pyc
-rw-r--r-- 1 root root   9754 Feb 21 17:46 mxplayer.cpython-311.opt-1.pyc
-rw-r--r-- 1 root root   9754 Feb 21 17:46 mxplayer.cpython-311.pyc
-rw-r--r-- 1 root root   9071 Feb 21 17:46 myspace.cpython-311.opt-1.pyc
-rw-r--r-- 1 root root   9071 Feb 21 17:46 myspace.cpython-311.pyc
-rw-r--r-- 1 root root   3720 Feb 21 17:46 myspass.cpython-311.opt-1.pyc
-rw-r--r-- 1 root root   3720 Feb 21 17:46 myspass.cpython-311.pyc
-rw-r--r-- 1 root root   4631 Feb 21 17:46 myvideoge.cpython-311.opt-1.pyc
-rw-r--r-- 1 root root   4631 Feb 21 17:46 myvideoge.cpython-311.pyc
-rw-r--r-- 1 root root   1453 Feb 21 17:46 myvidster.cpython-311.opt-1.pyc
-rw-r--r-- 1 root root   1453 Feb 21 17:46 myvidster.cpython-311.pyc
-rw-r--r-- 1 root root   3931 Feb 21 17:46 mzaalo.cpython-311.opt-1.pyc
-rw-r--r-- 1 root root   3931 Feb 21 17:46 mzaalo.cpython-311.pyc
-rw-r--r-- 1 root root   9253 Feb 21 17:46 n1.cpython-311.opt-1.pyc
-rw-r--r-- 1 root root   9253 Feb 21 17:46 n1.cpython-311.pyc
-rw-r--r-- 1 root root   3128 Feb 21 17:46 nascar.cpython-311.opt-1.pyc
-rw-r--r-- 1 root root   3128 Feb 21 17:46 nascar.cpython-311.pyc
-rw-r--r-- 1 root root   5641 Feb 21 17:46 nate.cpython-311.opt-1.pyc
-rw-r--r-- 1 root root   5641 Feb 21 17:46 nate.cpython-311.pyc
-rw-r--r-- 1 root root   3223 Feb 21 17:46 nationalgeographic.cpython-311.opt-1.pyc
-rw-r--r-- 1 root root   3223 Feb 21 17:46 nationalgeographic.cpython-311.pyc
-rw-r--r-- 1 root root  21958 Feb 21 17:46 naver.cpython-311.opt-1.pyc
-rw-r--r-- 1 root root  21958 Feb 21 17:46 naver.cpython-311.pyc
-rw-r--r-- 1 root root  21194 Feb 21 17:46 nba.cpython-311.opt-1.pyc
-rw-r--r-- 1 root root  21194 Feb 21 17:46 nba.cpython-311.pyc
-rw-r--r-- 1 root root  50277 Feb 21 17:46 nbc.cpython-311.opt-1.pyc
-rw-r--r-- 1 root root  50277 Feb 21 17:46 nbc.cpython-311.pyc
-rw-r--r-- 1 root root  17181 Feb 21 17:46 ndr.cpython-311.opt-1.pyc
-rw-r--r-- 1 root root  17181 Feb 21 17:46 ndr.cpython-311.pyc
-rw-r--r-- 1 root root   4466 Feb 21 17:46 ndtv.cpython-311.opt-1.pyc
-rw-r--r-- 1 root root   4466 Feb 21 17:46 ndtv.cpython-311.pyc
-rw-r--r-- 1 root root  27809 Feb 21 17:46 nebula.cpython-311.opt-1.pyc
-rw-r--r-- 1 root root  27809 Feb 21 17:46 nebula.cpython-311.pyc
-rw-r--r-- 1 root root   6483 Feb 21 17:46 nekohacker.cpython-311.opt-1.pyc
-rw-r--r-- 1 root root   6483 Feb 21 17:46 nekohacker.cpython-311.pyc
-rw-r--r-- 1 root root   2447 Feb 21 17:46 nerdcubed.cpython-311.opt-1.pyc
-rw-r--r-- 1 root root   2447 Feb 21 17:46 nerdcubed.cpython-311.pyc
-rw-r--r-- 1 root root   5358 Feb 21 17:46 nest.cpython-311.opt-1.pyc
-rw-r--r-- 1 root root   5358 Feb 21 17:46 nest.cpython-311.pyc
-rw-r--r-- 1 root root   5491 Feb 21 17:46 netapp.cpython-311.opt-1.pyc
-rw-r--r-- 1 root root   5491 Feb 21 17:46 netapp.cpython-311.pyc
-rw-r--r-- 1 root root  29537 Feb 21 17:46 neteasemusic.cpython-311.opt-1.pyc
-rw-r--r-- 1 root root  29537 Feb 21 17:46 neteasemusic.cpython-311.pyc
-rw-r--r-- 1 root root  11610 Feb 21 17:46 netverse.cpython-311.opt-1.pyc
-rw-r--r-- 1 root root  11610 Feb 21 17:46 netverse.cpython-311.pyc
-rw-r--r-- 1 root root   3198 Feb 21 17:46 netzkino.cpython-311.opt-1.pyc
-rw-r--r-- 1 root root   3198 Feb 21 17:46 netzkino.cpython-311.pyc
-rw-r--r-- 1 root root  13132 Feb 21 17:46 newgrounds.cpython-311.opt-1.pyc
-rw-r--r-- 1 root root  13132 Feb 21 17:46 newgrounds.cpython-311.pyc
-rw-r--r-- 1 root root   3729 Feb 21 17:46 newspicks.cpython-311.opt-1.pyc
-rw-r--r-- 1 root root   3729 Feb 21 17:46 newspicks.cpython-311.pyc
-rw-r--r-- 1 root root   2607 Feb 21 17:46 newsy.cpython-311.opt-1.pyc
-rw-r--r-- 1 root root   2607 Feb 21 17:46 newsy.cpython-311.pyc
-rw-r--r-- 1 root root  25490 Feb 21 17:46 nexx.cpython-311.opt-1.pyc
-rw-r--r-- 1 root root  25597 Feb 21 17:46 nexx.cpython-311.pyc
-rw-r--r-- 1 root root  12031 Feb 21 17:46 nfb.cpython-311.opt-1.pyc
-rw-r--r-- 1 root root  12031 Feb 21 17:46 nfb.cpython-311.pyc
-rw-r--r-- 1 root root   6123 Feb 21 17:46 nfhsnetwork.cpython-311.opt-1.pyc
-rw-r--r-- 1 root root   6123 Feb 21 17:46 nfhsnetwork.cpython-311.pyc
-rw-r--r-- 1 root root  20374 Feb 21 17:46 nfl.cpython-311.opt-1.pyc
-rw-r--r-- 1 root root  20374 Feb 21 17:46 nfl.cpython-311.pyc
-rw-r--r-- 1 root root  48250 Feb 21 17:46 nhk.cpython-311.opt-1.pyc
-rw-r--r-- 1 root root  48250 Feb 21 17:46 nhk.cpython-311.pyc
-rw-r--r-- 1 root root   5878 Feb 21 17:46 nhl.cpython-311.opt-1.pyc
-rw-r--r-- 1 root root   5878 Feb 21 17:46 nhl.cpython-311.pyc
-rw-r--r-- 1 root root   2003 Feb 21 17:46 nick.cpython-311.opt-1.pyc
-rw-r--r-- 1 root root   2003 Feb 21 17:46 nick.cpython-311.pyc
-rw-r--r-- 1 root root  50309 Feb 21 17:46 niconico.cpython-311.opt-1.pyc
-rw-r--r-- 1 root root  50309 Feb 21 17:46 niconico.cpython-311.pyc
-rw-r--r-- 1 root root  19027 Feb 21 17:46 niconicochannelplus.cpython-311.opt-1.pyc
-rw-r--r-- 1 root root  19027 Feb 21 17:46 niconicochannelplus.cpython-311.pyc
-rw-r--r-- 1 root root   7527 Feb 21 17:46 ninaprotocol.cpython-311.opt-1.pyc
-rw-r--r-- 1 root root   7527 Feb 21 17:46 ninaprotocol.cpython-311.pyc
-rw-r--r-- 1 root root   7099 Feb 21 17:46 ninecninemedia.cpython-311.opt-1.pyc
-rw-r--r-- 1 root root   7099 Feb 21 17:46 ninecninemedia.cpython-311.pyc
-rw-r--r-- 1 root root   5957 Feb 21 17:46 ninegag.cpython-311.opt-1.pyc
-rw-r--r-- 1 root root   5957 Feb 21 17:46 ninegag.cpython-311.pyc
-rw-r--r-- 1 root root   3895 Feb 21 17:46 ninenews.cpython-311.opt-1.pyc
-rw-r--r-- 1 root root   3895 Feb 21 17:46 ninenews.cpython-311.pyc
-rw-r--r-- 1 root root   6146 Feb 21 17:46 ninenow.cpython-311.opt-1.pyc
-rw-r--r-- 1 root root   6146 Feb 21 17:46 ninenow.cpython-311.pyc
-rw-r--r-- 1 root root   6541 Feb 21 17:46 nintendo.cpython-311.opt-1.pyc
-rw-r--r-- 1 root root   6541 Feb 21 17:46 nintendo.cpython-311.pyc
-rw-r--r-- 1 root root  11553 Feb 21 17:46 nitter.cpython-311.opt-1.pyc
-rw-r--r-- 1 root root  11553 Feb 21 17:46 nitter.cpython-311.pyc
-rw-r--r-- 1 root root   2663 Feb 21 17:46 nobelprize.cpython-311.opt-1.pyc
-rw-r--r-- 1 root root   2663 Feb 21 17:46 nobelprize.cpython-311.pyc
-rw-r--r-- 1 root root   5967 Feb 21 17:46 noice.cpython-311.opt-1.pyc
-rw-r--r-- 1 root root   5967 Feb 21 17:46 noice.cpython-311.pyc
-rw-r--r-- 1 root root   1693 Feb 21 17:46 nonktube.cpython-311.opt-1.pyc
-rw-r--r-- 1 root root   1693 Feb 21 17:46 nonktube.cpython-311.pyc
-rw-r--r-- 1 root root   4221 Feb 21 17:46 noodlemagazine.cpython-311.opt-1.pyc
-rw-r--r-- 1 root root   4221 Feb 21 17:46 noodlemagazine.cpython-311.pyc
-rw-r--r-- 1 root root   6412 Feb 21 17:46 nosnl.cpython-311.opt-1.pyc
-rw-r--r-- 1 root root   6412 Feb 21 17:46 nosnl.cpython-311.pyc
-rw-r--r-- 1 root root  12443 Feb 21 17:46 nova.cpython-311.opt-1.pyc
-rw-r--r-- 1 root root  12443 Feb 21 17:46 nova.cpython-311.pyc
-rw-r--r-- 1 root root   3501 Feb 21 17:46 novaplay.cpython-311.opt-1.pyc
-rw-r--r-- 1 root root   3501 Feb 21 17:46 novaplay.cpython-311.pyc
-rw-r--r-- 1 root root   2149 Feb 21 17:46 nowcanal.cpython-311.opt-1.pyc
-rw-r--r-- 1 root root   2149 Feb 21 17:46 nowcanal.cpython-311.pyc
-rw-r--r-- 1 root root   7401 Feb 21 17:46 nowness.cpython-311.opt-1.pyc
-rw-r--r-- 1 root root   7401 Feb 21 17:46 nowness.cpython-311.pyc
-rw-r--r-- 1 root root   4421 Feb 21 17:46 noz.cpython-311.opt-1.pyc
-rw-r--r-- 1 root root   4421 Feb 21 17:46 noz.cpython-311.pyc
-rw-r--r-- 1 root root  23648 Feb 21 17:46 npo.cpython-311.opt-1.pyc
-rw-r--r-- 1 root root  23648 Feb 21 17:46 npo.cpython-311.pyc
-rw-r--r-- 1 root root   6361 Feb 21 17:46 npr.cpython-311.opt-1.pyc
-rw-r--r-- 1 root root   6361 Feb 21 17:46 npr.cpython-311.pyc
-rw-r--r-- 1 root root  40371 Feb 21 17:46 nrk.cpython-311.opt-1.pyc
-rw-r--r-- 1 root root  40371 Feb 21 17:46 nrk.cpython-311.pyc
-rw-r--r-- 1 root root   1612 Feb 21 17:46 nrl.cpython-311.opt-1.pyc
-rw-r--r-- 1 root root   1612 Feb 21 17:46 nrl.cpython-311.pyc
-rw-r--r-- 1 root root   3547 Feb 21 17:46 nts.cpython-311.opt-1.pyc
-rw-r--r-- 1 root root   3547 Feb 21 17:46 nts.cpython-311.pyc
-rw-r--r-- 1 root root   4469 Feb 21 17:46 ntvcojp.cpython-311.opt-1.pyc
-rw-r--r-- 1 root root   4469 Feb 21 17:46 ntvcojp.cpython-311.pyc
-rw-r--r-- 1 root root   4555 Feb 21 17:46 ntvde.cpython-311.opt-1.pyc
-rw-r--r-- 1 root root   4555 Feb 21 17:46 ntvde.cpython-311.pyc
-rw-r--r-- 1 root root   6872 Feb 21 17:46 ntvru.cpython-311.opt-1.pyc
-rw-r--r-- 1 root root   6872 Feb 21 17:46 ntvru.cpython-311.pyc
-rw-r--r-- 1 root root   6171 Feb 21 17:46 nubilesporn.cpython-311.opt-1.pyc
-rw-r--r-- 1 root root   6171 Feb 21 17:46 nubilesporn.cpython-311.pyc
-rw-r--r-- 1 root root   1930 Feb 21 17:46 nuevo.cpython-311.opt-1.pyc
-rw-r--r-- 1 root root   1930 Feb 21 17:46 nuevo.cpython-311.pyc
-rw-r--r-- 1 root root   9215 Feb 21 17:46 nuum.cpython-311.opt-1.pyc
-rw-r--r-- 1 root root   9215 Feb 21 17:46 nuum.cpython-311.pyc
-rw-r--r-- 1 root root   4574 Feb 21 17:46 nuvid.cpython-311.opt-1.pyc
-rw-r--r-- 1 root root   4574 Feb 21 17:46 nuvid.cpython-311.pyc
-rw-r--r-- 1 root root  20723 Feb 21 17:46 nytimes.cpython-311.opt-1.pyc
-rw-r--r-- 1 root root  20723 Feb 21 17:46 nytimes.cpython-311.pyc
-rw-r--r-- 1 root root   5529 Feb 21 17:46 nzherald.cpython-311.opt-1.pyc
-rw-r--r-- 1 root root   5529 Feb 21 17:46 nzherald.cpython-311.pyc
-rw-r--r-- 1 root root   4534 Feb 21 17:46 nzonscreen.cpython-311.opt-1.pyc
-rw-r--r-- 1 root root   4534 Feb 21 17:46 nzonscreen.cpython-311.pyc
-rw-r--r-- 1 root root   2006 Feb 21 17:46 nzz.cpython-311.opt-1.pyc
-rw-r--r-- 1 root root   2006 Feb 21 17:46 nzz.cpython-311.pyc
-rw-r--r-- 1 root root   6037 Feb 21 17:46 odkmedia.cpython-311.opt-1.pyc
-rw-r--r-- 1 root root   6037 Feb 21 17:46 odkmedia.cpython-311.pyc
-rw-r--r-- 1 root root  18430 Feb 21 17:46 odnoklassniki.cpython-311.opt-1.pyc
-rw-r--r-- 1 root root  18445 Feb 21 17:46 odnoklassniki.cpython-311.pyc
-rw-r--r-- 1 root root   2883 Feb 21 17:46 oftv.cpython-311.opt-1.pyc
-rw-r--r-- 1 root root   2883 Feb 21 17:46 oftv.cpython-311.pyc
-rw-r--r-- 1 root root   1916 Feb 21 17:46 oktoberfesttv.cpython-311.opt-1.pyc
-rw-r--r-- 1 root root   1916 Feb 21 17:46 oktoberfesttv.cpython-311.pyc
-rw-r--r-- 1 root root   8541 Feb 21 17:46 olympics.cpython-311.opt-1.pyc
-rw-r--r-- 1 root root   8541 Feb 21 17:46 olympics.cpython-311.pyc
-rw-r--r-- 1 root root   5881 Feb 21 17:46 on24.cpython-311.opt-1.pyc
-rw-r--r-- 1 root root   5881 Feb 21 17:46 on24.cpython-311.pyc
-rw-r--r-- 1 root root   9068 Feb 21 17:46 ondemandkorea.cpython-311.opt-1.pyc
-rw-r--r-- 1 root root   9068 Feb 21 17:46 ondemandkorea.cpython-311.pyc
-rw-r--r-- 1 root root   2663 Feb 21 17:46 onefootball.cpython-311.opt-1.pyc
-rw-r--r-- 1 root root   2663 Feb 21 17:46 onefootball.cpython-311.pyc
-rw-r--r-- 1 root root   5152 Feb 21 17:46 onenewsnz.cpython-311.opt-1.pyc
-rw-r--r-- 1 root root   5152 Feb 21 17:46 onenewsnz.cpython-311.pyc
-rw-r--r-- 1 root root   2321 Feb 21 17:46 oneplace.cpython-311.opt-1.pyc
-rw-r--r-- 1 root root   2321 Feb 21 17:46 oneplace.cpython-311.pyc
-rw-r--r-- 1 root root  13057 Feb 21 17:46 onet.cpython-311.opt-1.pyc
-rw-r--r-- 1 root root  13057 Feb 21 17:46 onet.cpython-311.pyc
-rw-r--r-- 1 root root   2339 Feb 21 17:46 onionstudios.cpython-311.opt-1.pyc
-rw-r--r-- 1 root root   2339 Feb 21 17:46 onionstudios.cpython-311.pyc
-rw-r--r-- 1 root root   8354 Feb 21 17:46 onsen.cpython-311.opt-1.pyc
-rw-r--r-- 1 root root   8354 Feb 21 17:46 onsen.cpython-311.pyc
-rw-r--r-- 1 root root  10302 Feb 21 17:46 opencast.cpython-311.opt-1.pyc
-rw-r--r-- 1 root root  10302 Feb 21 17:46 opencast.cpython-311.pyc
-rw-r--r-- 1 root root  13808 Feb 21 17:46 openload.cpython-311.opt-1.pyc
-rw-r--r-- 1 root root  13808 Feb 21 17:46 openload.cpython-311.pyc
-rw-r--r-- 1 root root   8548 Feb 21 17:46 openrec.cpython-311.opt-1.pyc
-rw-r--r-- 1 root root   8548 Feb 21 17:46 openrec.cpython-311.pyc
-rw-r--r-- 1 root root   4124 Feb 21 17:46 ora.cpython-311.opt-1.pyc
-rw-r--r-- 1 root root   4124 Feb 21 17:46 ora.cpython-311.pyc
-rw-r--r-- 1 root root  23602 Feb 21 17:46 orf.cpython-311.opt-1.pyc
-rw-r--r-- 1 root root  23602 Feb 21 17:46 orf.cpython-311.pyc
-rw-r--r-- 1 root root   1441 Feb 21 17:46 outsidetv.cpython-311.opt-1.pyc
-rw-r--r-- 1 root root   1441 Feb 21 17:46 outsidetv.cpython-311.pyc
-rw-r--r-- 1 root root   3821 Feb 21 17:46 owncloud.cpython-311.opt-1.pyc
-rw-r--r-- 1 root root   3821 Feb 21 17:46 owncloud.cpython-311.pyc
-rw-r--r-- 1 root root   7905 Feb 21 17:46 packtpub.cpython-311.opt-1.pyc
-rw-r--r-- 1 root root   7905 Feb 21 17:46 packtpub.cpython-311.pyc
-rw-r--r-- 1 root root   7404 Feb 21 17:46 palcomp3.cpython-311.opt-1.pyc
-rw-r--r-- 1 root root   7404 Feb 21 17:46 palcomp3.cpython-311.pyc
-rw-r--r-- 1 root root   4267 Feb 21 17:46 pandatv.cpython-311.opt-1.pyc
-rw-r--r-- 1 root root   4267 Feb 21 17:46 pandatv.cpython-311.pyc
-rw-r--r-- 1 root root  29653 Feb 21 17:46 panopto.cpython-311.opt-1.pyc
-rw-r--r-- 1 root root  29653 Feb 21 17:46 panopto.cpython-311.pyc
-rw-r--r-- 1 root root   3971 Feb 21 17:46 parler.cpython-311.opt-1.pyc
-rw-r--r-- 1 root root   3971 Feb 21 17:46 parler.cpython-311.pyc
-rw-r--r-- 1 root root   2986 Feb 21 17:46 parlview.cpython-311.opt-1.pyc
-rw-r--r-- 1 root root   2986 Feb 21 17:46 parlview.cpython-311.pyc
-rw-r--r-- 1 root root   4913 Feb 21 17:46 parti.cpython-311.opt-1.pyc
-rw-r--r-- 1 root root   4913 Feb 21 17:46 parti.cpython-311.pyc
-rw-r--r-- 1 root root  29008 Feb 21 17:46 patreon.cpython-311.opt-1.pyc
-rw-r--r-- 1 root root  29008 Feb 21 17:46 patreon.cpython-311.pyc
-rw-r--r-- 1 root root  31012 Feb 21 17:46 pbs.cpython-311.opt-1.pyc
-rw-r--r-- 1 root root  31012 Feb 21 17:46 pbs.cpython-311.pyc
-rw-r--r-- 1 root root   3814 Feb 21 17:46 pearvideo.cpython-311.opt-1.pyc
-rw-r--r-- 1 root root   3814 Feb 21 17:46 pearvideo.cpython-311.pyc
-rw-r--r-- 1 root root   7720 Feb 21 17:46 peekvids.cpython-311.opt-1.pyc
-rw-r--r-- 1 root root   7720 Feb 21 17:46 peekvids.cpython-311.pyc
-rw-r--r-- 1 root root  86324 Feb 21 17:46 peertube.cpython-311.opt-1.pyc
-rw-r--r-- 1 root root  86324 Feb 21 17:46 peertube.cpython-311.pyc
-rw-r--r-- 1 root root   2954 Feb 21 17:46 peertv.cpython-311.opt-1.pyc
-rw-r--r-- 1 root root   2954 Feb 21 17:46 peertv.cpython-311.pyc
-rw-r--r-- 1 root root  11467 Feb 21 17:46 peloton.cpython-311.opt-1.pyc
-rw-r--r-- 1 root root  11467 Feb 21 17:46 peloton.cpython-311.pyc
-rw-r--r-- 1 root root   4744 Feb 21 17:46 performgroup.cpython-311.opt-1.pyc
-rw-r--r-- 1 root root   4744 Feb 21 17:46 performgroup.cpython-311.pyc
-rw-r--r-- 1 root root  11176 Feb 21 17:46 periscope.cpython-311.opt-1.pyc
-rw-r--r-- 1 root root  11176 Feb 21 17:46 periscope.cpython-311.pyc
-rw-r--r-- 1 root root   2186 Feb 21 17:46 pgatour.cpython-311.opt-1.pyc
-rw-r--r-- 1 root root   2186 Feb 21 17:46 pgatour.cpython-311.pyc
-rw-r--r-- 1 root root   5139 Feb 21 17:46 philharmoniedeparis.cpython-311.opt-1.pyc
-rw-r--r-- 1 root root   5139 Feb 21 17:46 philharmoniedeparis.cpython-311.pyc
-rw-r--r-- 1 root root   4950 Feb 21 17:46 phoenix.cpython-311.opt-1.pyc
-rw-r--r-- 1 root root   4950 Feb 21 17:46 phoenix.cpython-311.pyc
-rw-r--r-- 1 root root   2429 Feb 21 17:46 photobucket.cpython-311.opt-1.pyc
-rw-r--r-- 1 root root   2429 Feb 21 17:46 photobucket.cpython-311.pyc
-rw-r--r-- 1 root root   6349 Feb 21 17:46 pialive.cpython-311.opt-1.pyc
-rw-r--r-- 1 root root   6349 Feb 21 17:46 pialive.cpython-311.pyc
-rw-r--r-- 1 root root   5278 Feb 21 17:46 piapro.cpython-311.opt-1.pyc
-rw-r--r-- 1 root root   5278 Feb 21 17:46 piapro.cpython-311.pyc
-rw-r--r-- 1 root root   6620 Feb 21 17:46 picarto.cpython-311.opt-1.pyc
-rw-r--r-- 1 root root   6620 Feb 21 17:46 picarto.cpython-311.pyc
-rw-r--r-- 1 root root   8924 Feb 21 17:46 piksel.cpython-311.opt-1.pyc
-rw-r--r-- 1 root root   8924 Feb 21 17:46 piksel.cpython-311.pyc
-rw-r--r-- 1 root root   4178 Feb 21 17:46 pinkbike.cpython-311.opt-1.pyc
-rw-r--r-- 1 root root   4178 Feb 21 17:46 pinkbike.cpython-311.pyc
-rw-r--r-- 1 root root  11369 Feb 21 17:46 pinterest.cpython-311.opt-1.pyc
-rw-r--r-- 1 root root  11369 Feb 21 17:46 pinterest.cpython-311.pyc
-rw-r--r-- 1 root root   5416 Feb 21 17:46 piramidetv.cpython-311.opt-1.pyc
-rw-r--r-- 1 root root   5416 Feb 21 17:46 piramidetv.cpython-311.pyc
-rw-r--r-- 1 root root   3683 Feb 21 17:46 planetmarathi.cpython-311.opt-1.pyc
-rw-r--r-- 1 root root   3683 Feb 21 17:46 planetmarathi.cpython-311.pyc
-rw-r--r-- 1 root root   9682 Feb 21 17:46 platzi.cpython-311.opt-1.pyc
-rw-r--r-- 1 root root   9682 Feb 21 17:46 platzi.cpython-311.pyc
-rw-r--r-- 1 root root   3333 Feb 21 17:46 playerfm.cpython-311.opt-1.pyc
-rw-r--r-- 1 root root   3333 Feb 21 17:46 playerfm.cpython-311.pyc
-rw-r--r-- 1 root root   5708 Feb 21 17:46 playplustv.cpython-311.opt-1.pyc
-rw-r--r-- 1 root root   5708 Feb 21 17:46 playplustv.cpython-311.pyc
-rw-r--r-- 1 root root  11654 Feb 21 17:46 playsuisse.cpython-311.opt-1.pyc
-rw-r--r-- 1 root root  11654 Feb 21 17:46 playsuisse.cpython-311.pyc
-rw-r--r-- 1 root root   6950 Feb 21 17:46 playtvak.cpython-311.opt-1.pyc
-rw-r--r-- 1 root root   6950 Feb 21 17:46 playtvak.cpython-311.pyc
-rw-r--r-- 1 root root   3217 Feb 21 17:46 playwire.cpython-311.opt-1.pyc
-rw-r--r-- 1 root root   3217 Feb 21 17:46 playwire.cpython-311.pyc
-rw-r--r-- 1 root root  20373 Feb 21 17:46 pluralsight.cpython-311.opt-1.pyc
-rw-r--r-- 1 root root  20373 Feb 21 17:46 pluralsight.cpython-311.pyc
-rw-r--r-- 1 root root   9101 Feb 21 17:46 plutotv.cpython-311.opt-1.pyc
-rw-r--r-- 1 root root   9101 Feb 21 17:46 plutotv.cpython-311.pyc
-rw-r--r-- 1 root root   6437 Feb 21 17:46 plvideo.cpython-311.opt-1.pyc
-rw-r--r-- 1 root root   6437 Feb 21 17:46 plvideo.cpython-311.pyc
-rw-r--r-- 1 root root   4318 Feb 21 17:46 plyr.cpython-311.opt-1.pyc
-rw-r--r-- 1 root root   4318 Feb 21 17:46 plyr.cpython-311.pyc
-rw-r--r-- 1 root root   5051 Feb 21 17:46 podbayfm.cpython-311.opt-1.pyc
-rw-r--r-- 1 root root   5051 Feb 21 17:46 podbayfm.cpython-311.pyc
-rw-r--r-- 1 root root   6228 Feb 21 17:46 podchaser.cpython-311.opt-1.pyc
-rw-r--r-- 1 root root   6228 Feb 21 17:46 podchaser.cpython-311.pyc
-rw-r--r-- 1 root root   3244 Feb 21 17:46 podomatic.cpython-311.opt-1.pyc
-rw-r--r-- 1 root root   3244 Feb 21 17:46 podomatic.cpython-311.pyc
-rw-r--r-- 1 root root   7002 Feb 21 17:46 pokergo.cpython-311.opt-1.pyc
-rw-r--r-- 1 root root   7002 Feb 21 17:46 pokergo.cpython-311.pyc
-rw-r--r-- 1 root root   4531 Feb 21 17:46 polsatgo.cpython-311.opt-1.pyc
-rw-r--r-- 1 root root   4531 Feb 21 17:46 polsatgo.cpython-311.pyc
-rw-r--r-- 1 root root  29808 Feb 21 17:46 polskieradio.cpython-311.opt-1.pyc
-rw-r--r-- 1 root root  29808 Feb 21 17:46 polskieradio.cpython-311.pyc
-rw-r--r-- 1 root root   4332 Feb 21 17:46 popcorntimes.cpython-311.opt-1.pyc
-rw-r--r-- 1 root root   4332 Feb 21 17:46 popcorntimes.cpython-311.pyc
-rw-r--r-- 1 root root   3288 Feb 21 17:46 popcorntv.cpython-311.opt-1.pyc
-rw-r--r-- 1 root root   3288 Feb 21 17:46 popcorntv.cpython-311.pyc
-rw-r--r-- 1 root root   5453 Feb 21 17:46 pornbox.cpython-311.opt-1.pyc
-rw-r--r-- 1 root root   5453 Feb 21 17:46 pornbox.cpython-311.pyc
-rw-r--r-- 1 root root   3982 Feb 21 17:46 pornflip.cpython-311.opt-1.pyc
-rw-r--r-- 1 root root   3982 Feb 21 17:46 pornflip.cpython-311.pyc
-rw-r--r-- 1 root root  37448 Feb 21 17:46 pornhub.cpython-311.opt-1.pyc
-rw-r--r-- 1 root root  37448 Feb 21 17:46 pornhub.cpython-311.pyc
-rw-r--r-- 1 root root   4120 Feb 21 17:46 pornotube.cpython-311.opt-1.pyc
-rw-r--r-- 1 root root   4120 Feb 21 17:46 pornotube.cpython-311.pyc
-rw-r--r-- 1 root root   5244 Feb 21 17:46 pornovoisines.cpython-311.opt-1.pyc
-rw-r--r-- 1 root root   5244 Feb 21 17:46 pornovoisines.cpython-311.pyc
-rw-r--r-- 1 root root   2489 Feb 21 17:46 pornoxo.cpython-311.opt-1.pyc
-rw-r--r-- 1 root root   2489 Feb 21 17:46 pornoxo.cpython-311.pyc
-rw-r--r-- 1 root root   9206 Feb 21 17:46 pr0gramm.cpython-311.opt-1.pyc
-rw-r--r-- 1 root root   9206 Feb 21 17:46 pr0gramm.cpython-311.pyc
-rw-r--r-- 1 root root   7634 Feb 21 17:46 prankcast.cpython-311.opt-1.pyc
-rw-r--r-- 1 root root   7634 Feb 21 17:46 prankcast.cpython-311.pyc
-rw-r--r-- 1 root root   2480 Feb 21 17:46 premiershiprugby.cpython-311.opt-1.pyc
-rw-r--r-- 1 root root   2480 Feb 21 17:46 premiershiprugby.cpython-311.pyc
-rw-r--r-- 1 root root   3109 Feb 21 17:46 presstv.cpython-311.opt-1.pyc
-rw-r--r-- 1 root root   3109 Feb 21 17:46 presstv.cpython-311.pyc
-rw-r--r-- 1 root root   3120 Feb 21 17:46 projectveritas.cpython-311.opt-1.pyc
-rw-r--r-- 1 root root   3120 Feb 21 17:46 projectveritas.cpython-311.pyc
-rw-r--r-- 1 root root  20009 Feb 21 17:46 prosiebensat1.cpython-311.opt-1.pyc
-rw-r--r-- 1 root root  20009 Feb 21 17:46 prosiebensat1.cpython-311.pyc
-rw-r--r-- 1 root root  19684 Feb 21 17:46 prx.cpython-311.opt-1.pyc
-rw-r--r-- 1 root root  19684 Feb 21 17:46 prx.cpython-311.pyc
-rw-r--r-- 1 root root  11289 Feb 21 17:46 puhutv.cpython-311.opt-1.pyc
-rw-r--r-- 1 root root  11289 Feb 21 17:46 puhutv.cpython-311.pyc
-rw-r--r-- 1 root root   3141 Feb 21 17:46 puls4.cpython-311.opt-1.pyc
-rw-r--r-- 1 root root   3141 Feb 21 17:46 puls4.cpython-311.pyc
-rw-r--r-- 1 root root   3680 Feb 21 17:46 pyvideo.cpython-311.opt-1.pyc
-rw-r--r-- 1 root root   3680 Feb 21 17:46 pyvideo.cpython-311.pyc
-rw-r--r-- 1 root root   9765 Feb 21 17:46 qdance.cpython-311.opt-1.pyc
-rw-r--r-- 1 root root   9765 Feb 21 17:46 qdance.cpython-311.pyc
-rw-r--r-- 1 root root   2282 Feb 21 17:46 qingting.cpython-311.opt-1.pyc
-rw-r--r-- 1 root root   2282 Feb 21 17:46 qingting.cpython-311.pyc
-rw-r--r-- 1 root root  23894 Feb 21 17:46 qqmusic.cpython-311.opt-1.pyc
-rw-r--r-- 1 root root  23894 Feb 21 17:46 qqmusic.cpython-311.pyc
-rw-r--r-- 1 root root   6087 Feb 21 17:46 r7.cpython-311.opt-1.pyc
-rw-r--r-- 1 root root   6087 Feb 21 17:46 r7.cpython-311.pyc
-rw-r--r-- 1 root root  12656 Feb 21 17:46 radiko.cpython-311.opt-1.pyc
-rw-r--r-- 1 root root  12695 Feb 21 17:46 radiko.cpython-311.pyc
-rw-r--r-- 1 root root   7532 Feb 21 17:46 radiocanada.cpython-311.opt-1.pyc
-rw-r--r-- 1 root root   7532 Feb 21 17:46 radiocanada.cpython-311.pyc
-rw-r--r-- 1 root root   7408 Feb 21 17:46 radiocomercial.cpython-311.opt-1.pyc
-rw-r--r-- 1 root root   7408 Feb 21 17:46 radiocomercial.cpython-311.pyc
-rw-r--r-- 1 root root   2572 Feb 21 17:46 radiode.cpython-311.opt-1.pyc
-rw-r--r-- 1 root root   2572 Feb 21 17:46 radiode.cpython-311.pyc
-rw-r--r-- 1 root root  20010 Feb 21 17:46 radiofrance.cpython-311.opt-1.pyc
-rw-r--r-- 1 root root  20010 Feb 21 17:46 radiofrance.cpython-311.pyc
-rw-r--r-- 1 root root   3470 Feb 21 17:46 radiojavan.cpython-311.opt-1.pyc
-rw-r--r-- 1 root root   3470 Feb 21 17:46 radiojavan.cpython-311.pyc
-rw-r--r-- 1 root root   5600 Feb 21 17:46 radiokapital.cpython-311.opt-1.pyc
-rw-r--r-- 1 root root   5600 Feb 21 17:46 radiokapital.cpython-311.pyc
-rw-r--r-- 1 root root   4853 Feb 21 17:46 radioradicale.cpython-311.opt-1.pyc
-rw-r--r-- 1 root root   4853 Feb 21 17:46 radioradicale.cpython-311.pyc
-rw-r--r-- 1 root root   2939 Feb 21 17:46 radiozet.cpython-311.opt-1.pyc
-rw-r--r-- 1 root root   2939 Feb 21 17:46 radiozet.cpython-311.pyc
-rw-r--r-- 1 root root   9716 Feb 21 17:46 radlive.cpython-311.opt-1.pyc
-rw-r--r-- 1 root root   9716 Feb 21 17:46 radlive.cpython-311.pyc
-rw-r--r-- 1 root root  42243 Feb 21 17:46 rai.cpython-311.opt-1.pyc
-rw-r--r-- 1 root root  42243 Feb 21 17:46 rai.cpython-311.pyc
-rw-r--r-- 1 root root   8556 Feb 21 17:46 raywenderlich.cpython-311.opt-1.pyc
-rw-r--r-- 1 root root   8556 Feb 21 17:46 raywenderlich.cpython-311.pyc
-rw-r--r-- 1 root root   7200 Feb 21 17:46 rbgtum.cpython-311.opt-1.pyc
-rw-r--r-- 1 root root   7200 Feb 21 17:46 rbgtum.cpython-311.pyc
-rw-r--r-- 1 root root  17745 Feb 21 17:46 rcs.cpython-311.opt-1.pyc
-rw-r--r-- 1 root root  17745 Feb 21 17:46 rcs.cpython-311.pyc
-rw-r--r-- 1 root root  19843 Feb 21 17:46 rcti.cpython-311.opt-1.pyc
-rw-r--r-- 1 root root  19843 Feb 21 17:46 rcti.cpython-311.pyc
-rw-r--r-- 1 root root   3516 Feb 21 17:46 rds.cpython-311.opt-1.pyc
-rw-r--r-- 1 root root   3516 Feb 21 17:46 rds.cpython-311.pyc
-rw-r--r-- 1 root root  17616 Feb 21 17:46 redbee.cpython-311.opt-1.pyc
-rw-r--r-- 1 root root  17616 Feb 21 17:46 redbee.cpython-311.pyc
-rw-r--r-- 1 root root  11272 Feb 21 17:46 redbulltv.cpython-311.opt-1.pyc
-rw-r--r-- 1 root root  11272 Feb 21 17:46 redbulltv.cpython-311.pyc
-rw-r--r-- 1 root root  18535 Feb 21 17:46 reddit.cpython-311.opt-1.pyc
-rw-r--r-- 1 root root  18535 Feb 21 17:46 reddit.cpython-311.pyc
-rw-r--r-- 1 root root   5932 Feb 21 17:46 redge.cpython-311.opt-1.pyc
-rw-r--r-- 1 root root   5932 Feb 21 17:46 redge.cpython-311.pyc
-rw-r--r-- 1 root root  12692 Feb 21 17:46 redgifs.cpython-311.opt-1.pyc
-rw-r--r-- 1 root root  12692 Feb 21 17:46 redgifs.cpython-311.pyc
-rw-r--r-- 1 root root   7146 Feb 21 17:46 redtube.cpython-311.opt-1.pyc
-rw-r--r-- 1 root root   7146 Feb 21 17:46 redtube.cpython-311.pyc
-rw-r--r-- 1 root root   5214 Feb 21 17:46 rentv.cpython-311.opt-1.pyc
-rw-r--r-- 1 root root   5214 Feb 21 17:46 rentv.cpython-311.pyc
-rw-r--r-- 1 root root   1852 Feb 21 17:46 restudy.cpython-311.opt-1.pyc
-rw-r--r-- 1 root root   1852 Feb 21 17:46 restudy.cpython-311.pyc
-rw-r--r-- 1 root root   3482 Feb 21 17:46 reuters.cpython-311.opt-1.pyc
-rw-r--r-- 1 root root   3482 Feb 21 17:46 reuters.cpython-311.pyc
-rw-r--r-- 1 root root   2236 Feb 21 17:46 reverbnation.cpython-311.opt-1.pyc
-rw-r--r-- 1 root root   2236 Feb 21 17:46 reverbnation.cpython-311.pyc
-rw-r--r-- 1 root root   5359 Feb 21 17:46 rheinmaintv.cpython-311.opt-1.pyc
-rw-r--r-- 1 root root   5359 Feb 21 17:46 rheinmaintv.cpython-311.pyc
-rw-r--r-- 1 root root   3669 Feb 21 17:46 ridehome.cpython-311.opt-1.pyc
-rw-r--r-- 1 root root   3669 Feb 21 17:46 ridehome.cpython-311.pyc
-rw-r--r-- 1 root root   5032 Feb 21 17:46 rinsefm.cpython-311.opt-1.pyc
-rw-r--r-- 1 root root   5032 Feb 21 17:46 rinsefm.cpython-311.pyc
-rw-r--r-- 1 root root   3170 Feb 21 17:46 rmcdecouverte.cpython-311.opt-1.pyc
-rw-r--r-- 1 root root   3170 Feb 21 17:46 rmcdecouverte.cpython-311.pyc
-rw-r--r-- 1 root root   2939 Feb 21 17:46 rockstargames.cpython-311.opt-1.pyc
-rw-r--r-- 1 root root   2939 Feb 21 17:46 rockstargames.cpython-311.pyc
-rw-r--r-- 1 root root  26293 Feb 21 17:46 rokfin.cpython-311.opt-1.pyc
-rw-r--r-- 1 root root  26322 Feb 21 17:46 rokfin.cpython-311.pyc
-rw-r--r-- 1 root root  18439 Feb 21 17:46 roosterteeth.cpython-311.opt-1.pyc
-rw-r--r-- 1 root root  18439 Feb 21 17:46 roosterteeth.cpython-311.pyc
-rw-r--r-- 1 root root   4229 Feb 21 17:46 rottentomatoes.cpython-311.opt-1.pyc
-rw-r--r-- 1 root root   4229 Feb 21 17:46 rottentomatoes.cpython-311.pyc
-rw-r--r-- 1 root root   2204 Feb 21 17:46 roya.cpython-311.opt-1.pyc
-rw-r--r-- 1 root root   2204 Feb 21 17:46 roya.cpython-311.pyc
-rw-r--r-- 1 root root  15256 Feb 21 17:46 rozhlas.cpython-311.opt-1.pyc
-rw-r--r-- 1 root root  15256 Feb 21 17:46 rozhlas.cpython-311.pyc
-rw-r--r-- 1 root root   7208 Feb 21 17:46 rte.cpython-311.opt-1.pyc
-rw-r--r-- 1 root root   7208 Feb 21 17:46 rte.cpython-311.pyc
-rw-r--r-- 1 root root   4069 Feb 21 17:46 rtl2.cpython-311.opt-1.pyc
-rw-r--r-- 1 root root   4069 Feb 21 17:46 rtl2.cpython-311.pyc
-rw-r--r-- 1 root root  12022 Feb 21 17:46 rtlnl.cpython-311.opt-1.pyc
-rw-r--r-- 1 root root  12022 Feb 21 17:46 rtlnl.cpython-311.pyc
-rw-r--r-- 1 root root   9213 Feb 21 17:46 rtnews.cpython-311.opt-1.pyc
-rw-r--r-- 1 root root   9213 Feb 21 17:46 rtnews.cpython-311.pyc
-rw-r--r-- 1 root root  10732 Feb 21 17:46 rtp.cpython-311.opt-1.pyc
-rw-r--r-- 1 root root  10732 Feb 21 17:46 rtp.cpython-311.pyc
-rw-r--r-- 1 root root   2682 Feb 21 17:46 rtrfm.cpython-311.opt-1.pyc
-rw-r--r-- 1 root root   2682 Feb 21 17:46 rtrfm.cpython-311.pyc
-rw-r--r-- 1 root root   9796 Feb 21 17:46 rts.cpython-311.opt-1.pyc
-rw-r--r-- 1 root root   9796 Feb 21 17:46 rts.cpython-311.pyc
-rw-r--r-- 1 root root  12174 Feb 21 17:46 rtvcplay.cpython-311.opt-1.pyc
-rw-r--r-- 1 root root  12174 Feb 21 17:46 rtvcplay.cpython-311.pyc
-rw-r--r-- 1 root root  19901 Feb 21 17:46 rtve.cpython-311.opt-1.pyc
-rw-r--r-- 1 root root  19901 Feb 21 17:46 rtve.cpython-311.pyc
-rw-r--r-- 1 root root   4124 Feb 21 17:46 rtvs.cpython-311.opt-1.pyc
-rw-r--r-- 1 root root   4124 Feb 21 17:46 rtvs.cpython-311.pyc
-rw-r--r-- 1 root root  10510 Feb 21 17:46 rtvslo.cpython-311.opt-1.pyc
-rw-r--r-- 1 root root  10510 Feb 21 17:46 rtvslo.cpython-311.pyc
-rw-r--r-- 1 root root   5178 Feb 21 17:46 rudovideo.cpython-311.opt-1.pyc
-rw-r--r-- 1 root root   5178 Feb 21 17:46 rudovideo.cpython-311.pyc
-rw-r--r-- 1 root root   6078 Feb 21 17:46 rule34video.cpython-311.opt-1.pyc
-rw-r--r-- 1 root root   6078 Feb 21 17:46 rule34video.cpython-311.pyc
-rw-r--r-- 1 root root  17023 Feb 21 17:46 rumble.cpython-311.opt-1.pyc
-rw-r--r-- 1 root root  17023 Feb 21 17:46 rumble.cpython-311.pyc
-rw-r--r-- 1 root root  20881 Feb 21 17:46 rutube.cpython-311.opt-1.pyc
-rw-r--r-- 1 root root  20881 Feb 21 17:46 rutube.cpython-311.pyc
-rw-r--r-- 1 root root  12213 Feb 21 17:46 ruutu.cpython-311.opt-1.pyc
-rw-r--r-- 1 root root  12213 Feb 21 17:46 ruutu.cpython-311.pyc
-rw-r--r-- 1 root root   7970 Feb 21 17:46 ruv.cpython-311.opt-1.pyc
-rw-r--r-- 1 root root   7970 Feb 21 17:46 ruv.cpython-311.pyc
-rw-r--r-- 1 root root   5487 Feb 21 17:46 s4c.cpython-311.opt-1.pyc
-rw-r--r-- 1 root root   5487 Feb 21 17:46 s4c.cpython-311.pyc
-rw-r--r-- 1 root root  12423 Feb 21 17:46 safari.cpython-311.opt-1.pyc
-rw-r--r-- 1 root root  12423 Feb 21 17:46 safari.cpython-311.pyc
-rw-r--r-- 1 root root   3930 Feb 21 17:46 saitosan.cpython-311.opt-1.pyc
-rw-r--r-- 1 root root   3930 Feb 21 17:46 saitosan.cpython-311.pyc
-rw-r--r-- 1 root root   4808 Feb 21 17:46 samplefocus.cpython-311.opt-1.pyc
-rw-r--r-- 1 root root   4808 Feb 21 17:46 samplefocus.cpython-311.pyc
-rw-r--r-- 1 root root   4956 Feb 21 17:46 sapo.cpython-311.opt-1.pyc
-rw-r--r-- 1 root root   4956 Feb 21 17:46 sapo.cpython-311.pyc
-rw-r--r-- 1 root root   2863 Feb 21 17:46 sauceplus.cpython-311.opt-1.pyc
-rw-r--r-- 1 root root   2863 Feb 21 17:46 sauceplus.cpython-311.pyc
-rw-r--r-- 1 root root   7418 Feb 21 17:46 sbs.cpython-311.opt-1.pyc
-rw-r--r-- 1 root root   7418 Feb 21 17:46 sbs.cpython-311.pyc
-rw-r--r-- 1 root root   9136 Feb 21 17:46 sbscokr.cpython-311.opt-1.pyc
-rw-r--r-- 1 root root   9136 Feb 21 17:46 sbscokr.cpython-311.pyc
-rw-r--r-- 1 root root   3065 Feb 21 17:46 screen9.cpython-311.opt-1.pyc
-rw-r--r-- 1 root root   3065 Feb 21 17:46 screen9.cpython-311.pyc
-rw-r--r-- 1 root root   4488 Feb 21 17:46 screencast.cpython-311.opt-1.pyc
-rw-r--r-- 1 root root   4488 Feb 21 17:46 screencast.cpython-311.pyc
-rw-r--r-- 1 root root   3108 Feb 21 17:46 screencastify.cpython-311.opt-1.pyc
-rw-r--r-- 1 root root   3108 Feb 21 17:46 screencastify.cpython-311.pyc
-rw-r--r-- 1 root root   3859 Feb 21 17:46 screencastomatic.cpython-311.opt-1.pyc
-rw-r--r-- 1 root root   3859 Feb 21 17:46 screencastomatic.cpython-311.pyc
-rw-r--r-- 1 root root   1858 Feb 21 17:46 screenrec.cpython-311.opt-1.pyc
-rw-r--r-- 1 root root   1858 Feb 21 17:46 screenrec.cpython-311.pyc
-rw-r--r-- 1 root root   7172 Feb 21 17:46 scrippsnetworks.cpython-311.opt-1.pyc
-rw-r--r-- 1 root root   7172 Feb 21 17:46 scrippsnetworks.cpython-311.pyc
-rw-r--r-- 1 root root   4269 Feb 21 17:46 scrolller.cpython-311.opt-1.pyc
-rw-r--r-- 1 root root   4269 Feb 21 17:46 scrolller.cpython-311.pyc
-rw-r--r-- 1 root root   8724 Feb 21 17:46 sejmpl.cpython-311.opt-1.pyc
-rw-r--r-- 1 root root   8724 Feb 21 17:46 sejmpl.cpython-311.pyc
-rw-r--r-- 1 root root   2392 Feb 21 17:46 sen.cpython-311.opt-1.pyc
-rw-r--r-- 1 root root   2392 Feb 21 17:46 sen.cpython-311.pyc
-rw-r--r-- 1 root root   1669 Feb 21 17:46 senalcolombia.cpython-311.opt-1.pyc
-rw-r--r-- 1 root root   1669 Feb 21 17:46 senalcolombia.cpython-311.pyc
-rw-r--r-- 1 root root  12189 Feb 21 17:46 senategov.cpython-311.opt-1.pyc
-rw-r--r-- 1 root root  12189 Feb 21 17:46 senategov.cpython-311.pyc
-rw-r--r-- 1 root root   4813 Feb 21 17:46 sendtonews.cpython-311.opt-1.pyc
-rw-r--r-- 1 root root   4813 Feb 21 17:46 sendtonews.cpython-311.pyc
-rw-r--r-- 1 root root   7032 Feb 21 17:46 servus.cpython-311.opt-1.pyc
-rw-r--r-- 1 root root   7032 Feb 21 17:46 servus.cpython-311.pyc
-rw-r--r-- 1 root root   6888 Feb 21 17:46 sevenplus.cpython-311.opt-1.pyc
-rw-r--r-- 1 root root   6888 Feb 21 17:46 sevenplus.cpython-311.pyc
-rw-r--r-- 1 root root   2837 Feb 21 17:46 sexu.cpython-311.opt-1.pyc
-rw-r--r-- 1 root root   2837 Feb 21 17:46 sexu.cpython-311.pyc
-rw-r--r-- 1 root root  10324 Feb 21 17:46 seznamzpravy.cpython-311.opt-1.pyc
-rw-r--r-- 1 root root  10324 Feb 21 17:46 seznamzpravy.cpython-311.pyc
-rw-r--r-- 1 root root  11566 Feb 21 17:46 shahid.cpython-311.opt-1.pyc
-rw-r--r-- 1 root root  11566 Feb 21 17:46 shahid.cpython-311.pyc
-rw-r--r-- 1 root root   6561 Feb 21 17:46 sharepoint.cpython-311.opt-1.pyc
-rw-r--r-- 1 root root   6561 Feb 21 17:46 sharepoint.cpython-311.pyc
-rw-r--r-- 1 root root    650 Feb 21 17:46 sharevideos.cpython-311.opt-1.pyc
-rw-r--r-- 1 root root    650 Feb 21 17:46 sharevideos.cpython-311.pyc
-rw-r--r-- 1 root root   5061 Feb 21 17:46 shemaroome.cpython-311.opt-1.pyc
-rw-r--r-- 1 root root   5061 Feb 21 17:46 shemaroome.cpython-311.pyc
-rw-r--r-- 1 root root   2033 Feb 21 17:46 shiey.cpython-311.opt-1.pyc
-rw-r--r-- 1 root root   2033 Feb 21 17:46 shiey.cpython-311.pyc
-rw-r--r-- 1 root root   3908 Feb 21 17:46 showroomlive.cpython-311.opt-1.pyc
-rw-r--r-- 1 root root   3908 Feb 21 17:46 showroomlive.cpython-311.pyc
-rw-r--r-- 1 root root   1009 Feb 21 17:46 sibnet.cpython-311.opt-1.pyc
-rw-r--r-- 1 root root   1009 Feb 21 17:46 sibnet.cpython-311.pyc
-rw-r--r-- 1 root root   9461 Feb 21 17:46 simplecast.cpython-311.opt-1.pyc
-rw-r--r-- 1 root root   9461 Feb 21 17:46 simplecast.cpython-311.pyc
-rw-r--r-- 1 root root   5002 Feb 21 17:46 sina.cpython-311.opt-1.pyc
-rw-r--r-- 1 root root   5002 Feb 21 17:46 sina.cpython-311.pyc
-rw-r--r-- 1 root root   6024 Feb 21 17:46 skeb.cpython-311.opt-1.pyc
-rw-r--r-- 1 root root   6024 Feb 21 17:46 skeb.cpython-311.pyc
-rw-r--r-- 1 root root   7488 Feb 21 17:46 sky.cpython-311.opt-1.pyc
-rw-r--r-- 1 root root   7488 Feb 21 17:46 sky.cpython-311.pyc
-rw-r--r-- 1 root root  15370 Feb 21 17:46 skyit.cpython-311.opt-1.pyc
-rw-r--r-- 1 root root  15370 Feb 21 17:46 skyit.cpython-311.pyc
-rw-r--r-- 1 root root   1894 Feb 21 17:46 skylinewebcams.cpython-311.opt-1.pyc
-rw-r--r-- 1 root root   1894 Feb 21 17:46 skylinewebcams.cpython-311.pyc
-rw-r--r-- 1 root root   7396 Feb 21 17:46 skynewsarabia.cpython-311.opt-1.pyc
-rw-r--r-- 1 root root   7396 Feb 21 17:46 skynewsarabia.cpython-311.pyc
-rw-r--r-- 1 root root   2682 Feb 21 17:46 skynewsau.cpython-311.opt-1.pyc
-rw-r--r-- 1 root root   2682 Feb 21 17:46 skynewsau.cpython-311.pyc
-rw-r--r-- 1 root root   3073 Feb 21 17:46 slideshare.cpython-311.opt-1.pyc
-rw-r--r-- 1 root root   3073 Feb 21 17:46 slideshare.cpython-311.pyc
-rw-r--r-- 1 root root  17487 Feb 21 17:46 slideslive.cpython-311.opt-1.pyc
-rw-r--r-- 1 root root  17543 Feb 21 17:46 slideslive.cpython-311.pyc
-rw-r--r-- 1 root root   2900 Feb 21 17:46 slutload.cpython-311.opt-1.pyc
-rw-r--r-- 1 root root   2900 Feb 21 17:46 slutload.cpython-311.pyc
-rw-r--r-- 1 root root  15975 Feb 21 17:46 smotrim.cpython-311.opt-1.pyc
-rw-r--r-- 1 root root  15975 Feb 21 17:46 smotrim.cpython-311.pyc
-rw-r--r-- 1 root root   4351 Feb 21 17:46 snapchat.cpython-311.opt-1.pyc
-rw-r--r-- 1 root root   4351 Feb 21 17:46 snapchat.cpython-311.pyc
-rw-r--r-- 1 root root   2950 Feb 21 17:46 snotr.cpython-311.opt-1.pyc
-rw-r--r-- 1 root root   2950 Feb 21 17:46 snotr.cpython-311.pyc
-rw-r--r-- 1 root root   4725 Feb 21 17:46 softwhiteunderbelly.cpython-311.opt-1.pyc
-rw-r--r-- 1 root root   4725 Feb 21 17:46 softwhiteunderbelly.cpython-311.pyc
-rw-r--r-- 1 root root  10938 Feb 21 17:46 sohu.cpython-311.opt-1.pyc
-rw-r--r-- 1 root root  10938 Feb 21 17:46 sohu.cpython-311.pyc
-rw-r--r-- 1 root root  15294 Feb 21 17:46 sonyliv.cpython-311.opt-1.pyc
-rw-r--r-- 1 root root  15294 Feb 21 17:46 sonyliv.cpython-311.pyc
-rw-r--r-- 1 root root  54064 Feb 21 17:46 soundcloud.cpython-311.opt-1.pyc
-rw-r--r-- 1 root root  54064 Feb 21 17:46 soundcloud.cpython-311.pyc
-rw-r--r-- 1 root root   3484 Feb 21 17:46 soundgasm.cpython-311.opt-1.pyc
-rw-r--r-- 1 root root   3484 Feb 21 17:46 soundgasm.cpython-311.pyc
-rw-r--r-- 1 root root  12904 Feb 21 17:46 southpark.cpython-311.opt-1.pyc
-rw-r--r-- 1 root root  12904 Feb 21 17:46 southpark.cpython-311.pyc
-rw-r--r-- 1 root root   9472 Feb 21 17:46 sovietscloset.cpython-311.opt-1.pyc
-rw-r--r-- 1 root root   9472 Feb 21 17:46 sovietscloset.cpython-311.pyc
-rw-r--r-- 1 root root   9914 Feb 21 17:46 spankbang.cpython-311.opt-1.pyc
-rw-r--r-- 1 root root   9914 Feb 21 17:46 spankbang.cpython-311.pyc
-rw-r--r-- 1 root root   2758 Feb 21 17:46 spiegel.cpython-311.opt-1.pyc
-rw-r--r-- 1 root root   2758 Feb 21 17:46 spiegel.cpython-311.pyc
-rw-r--r-- 1 root root   4712 Feb 21 17:46 sport5.cpython-311.opt-1.pyc
-rw-r--r-- 1 root root   4712 Feb 21 17:46 sport5.cpython-311.pyc
-rw-r--r-- 1 root root   4154 Feb 21 17:46 sportbox.cpython-311.opt-1.pyc
-rw-r--r-- 1 root root   4154 Feb 21 17:46 sportbox.cpython-311.pyc
-rw-r--r-- 1 root root   6775 Feb 21 17:46 sportdeutschland.cpython-311.opt-1.pyc
-rw-r--r-- 1 root root   6775 Feb 21 17:46 sportdeutschland.cpython-311.pyc
-rw-r--r-- 1 root root   9353 Feb 21 17:46 spreaker.cpython-311.opt-1.pyc
-rw-r--r-- 1 root root   9353 Feb 21 17:46 spreaker.cpython-311.pyc
-rw-r--r-- 1 root root   5301 Feb 21 17:46 springboardplatform.cpython-311.opt-1.pyc
-rw-r--r-- 1 root root   5301 Feb 21 17:46 springboardplatform.cpython-311.pyc
-rw-r--r-- 1 root root  10599 Feb 21 17:46 sproutvideo.cpython-311.opt-1.pyc
-rw-r--r-- 1 root root  10599 Feb 21 17:46 sproutvideo.cpython-311.pyc
-rw-r--r-- 1 root root  11308 Feb 21 17:46 srgssr.cpython-311.opt-1.pyc
-rw-r--r-- 1 root root  11308 Feb 21 17:46 srgssr.cpython-311.pyc
-rw-r--r-- 1 root root   4851 Feb 21 17:46 srmediathek.cpython-311.opt-1.pyc
-rw-r--r-- 1 root root   4851 Feb 21 17:46 srmediathek.cpython-311.pyc
-rw-r--r-- 1 root root  11334 Feb 21 17:46 stacommu.cpython-311.opt-1.pyc
-rw-r--r-- 1 root root  11334 Feb 21 17:46 stacommu.cpython-311.pyc
-rw-r--r-- 1 root root  12248 Feb 21 17:46 stageplus.cpython-311.opt-1.pyc
-rw-r--r-- 1 root root  12248 Feb 21 17:46 stageplus.cpython-311.pyc
-rw-r--r-- 1 root root   4661 Feb 21 17:46 stanfordoc.cpython-311.opt-1.pyc
-rw-r--r-- 1 root root   4661 Feb 21 17:46 stanfordoc.cpython-311.pyc
-rw-r--r-- 1 root root   4121 Feb 21 17:46 startrek.cpython-311.opt-1.pyc
-rw-r--r-- 1 root root   4121 Feb 21 17:46 startrek.cpython-311.pyc
-rw-r--r-- 1 root root   4063 Feb 21 17:46 startv.cpython-311.opt-1.pyc
-rw-r--r-- 1 root root   4063 Feb 21 17:46 startv.cpython-311.pyc
-rw-r--r-- 1 root root   9747 Feb 21 17:46 steam.cpython-311.opt-1.pyc
-rw-r--r-- 1 root root   9747 Feb 21 17:46 steam.cpython-311.pyc
-rw-r--r-- 1 root root   8015 Feb 21 17:46 stitcher.cpython-311.opt-1.pyc
-rw-r--r-- 1 root root   8015 Feb 21 17:46 stitcher.cpython-311.pyc
-rw-r--r-- 1 root root   7192 Feb 21 17:46 storyfire.cpython-311.opt-1.pyc
-rw-r--r-- 1 root root   7192 Feb 21 17:46 storyfire.cpython-311.pyc
-rw-r--r-- 1 root root  11030 Feb 21 17:46 streaks.cpython-311.opt-1.pyc
-rw-r--r-- 1 root root  11030 Feb 21 17:46 streaks.cpython-311.pyc
-rw-r--r-- 1 root root   4744 Feb 21 17:46 streamable.cpython-311.opt-1.pyc
-rw-r--r-- 1 root root   4744 Feb 21 17:46 streamable.cpython-311.pyc
-rw-r--r-- 1 root root   6246 Feb 21 17:46 streamcz.cpython-311.opt-1.pyc
-rw-r--r-- 1 root root   6246 Feb 21 17:46 streamcz.cpython-311.pyc
-rw-r--r-- 1 root root   5253 Feb 21 17:46 streetvoice.cpython-311.opt-1.pyc
-rw-r--r-- 1 root root   5253 Feb 21 17:46 streetvoice.cpython-311.pyc
-rw-r--r-- 1 root root   1745 Feb 21 17:46 stretchinternet.cpython-311.opt-1.pyc
-rw-r--r-- 1 root root   1745 Feb 21 17:46 stretchinternet.cpython-311.pyc
-rw-r--r-- 1 root root   2965 Feb 21 17:46 stripchat.cpython-311.opt-1.pyc
-rw-r--r-- 1 root root   2965 Feb 21 17:46 stripchat.cpython-311.pyc
-rw-r--r-- 1 root root   4883 Feb 21 17:46 stv.cpython-311.opt-1.pyc
-rw-r--r-- 1 root root   4883 Feb 21 17:46 stv.cpython-311.pyc
-rw-r--r-- 1 root root  10143 Feb 21 17:46 subsplash.cpython-311.opt-1.pyc
-rw-r--r-- 1 root root  10143 Feb 21 17:46 subsplash.cpython-311.pyc
-rw-r--r-- 1 root root   7205 Feb 21 17:46 substack.cpython-311.opt-1.pyc
-rw-r--r-- 1 root root   7205 Feb 21 17:46 substack.cpython-311.pyc
-rw-r--r-- 1 root root   3158 Feb 21 17:46 sunporno.cpython-311.opt-1.pyc
-rw-r--r-- 1 root root   3158 Feb 21 17:46 sunporno.cpython-311.pyc
-rw-r--r-- 1 root root   6148 Feb 21 17:46 sverigesradio.cpython-311.opt-1.pyc
-rw-r--r-- 1 root root   6148 Feb 21 17:46 sverigesradio.cpython-311.pyc
-rw-r--r-- 1 root root  19418 Feb 21 17:46 svt.cpython-311.opt-1.pyc
-rw-r--r-- 1 root root  19418 Feb 21 17:46 svt.cpython-311.pyc
-rw-r--r-- 1 root root   2750 Feb 21 17:46 swearnet.cpython-311.opt-1.pyc
-rw-r--r-- 1 root root   2750 Feb 21 17:46 swearnet.cpython-311.pyc
-rw-r--r-- 1 root root   1866 Feb 21 17:46 syvdk.cpython-311.opt-1.pyc
-rw-r--r-- 1 root root   1866 Feb 21 17:46 syvdk.cpython-311.pyc
-rw-r--r-- 1 root root   2135 Feb 21 17:46 sztvhu.cpython-311.opt-1.pyc
-rw-r--r-- 1 root root   2135 Feb 21 17:46 sztvhu.cpython-311.pyc
-rw-r--r-- 1 root root   6868 Feb 21 17:46 tagesschau.cpython-311.opt-1.pyc
-rw-r--r-- 1 root root   6868 Feb 21 17:46 tagesschau.cpython-311.pyc
-rw-r--r-- 1 root root   9330 Feb 21 17:46 taptap.cpython-311.opt-1.pyc
-rw-r--r-- 1 root root   9330 Feb 21 17:46 taptap.cpython-311.pyc
-rw-r--r-- 1 root root  11293 Feb 21 17:46 tarangplus.cpython-311.opt-1.pyc
-rw-r--r-- 1 root root  11293 Feb 21 17:46 tarangplus.cpython-311.pyc
-rw-r--r-- 1 root root   2745 Feb 21 17:46 tass.cpython-311.opt-1.pyc
-rw-r--r-- 1 root root   2745 Feb 21 17:46 tass.cpython-311.pyc
-rw-r--r-- 1 root root   8990 Feb 21 17:46 tbs.cpython-311.opt-1.pyc
-rw-r--r-- 1 root root   8990 Feb 21 17:46 tbs.cpython-311.pyc
-rw-r--r-- 1 root root   9457 Feb 21 17:46 tbsjp.cpython-311.opt-1.pyc
-rw-r--r-- 1 root root   9457 Feb 21 17:46 tbsjp.cpython-311.pyc
-rw-r--r-- 1 root root  14071 Feb 21 17:46 teachable.cpython-311.opt-1.pyc
-rw-r--r-- 1 root root  14071 Feb 21 17:46 teachable.cpython-311.pyc
-rw-r--r-- 1 root root   6239 Feb 21 17:46 teachertube.cpython-311.opt-1.pyc
-rw-r--r-- 1 root root   6239 Feb 21 17:46 teachertube.cpython-311.pyc
-rw-r--r-- 1 root root   1603 Feb 21 17:46 teachingchannel.cpython-311.opt-1.pyc
-rw-r--r-- 1 root root   1603 Feb 21 17:46 teachingchannel.cpython-311.pyc
-rw-r--r-- 1 root root  11132 Feb 21 17:46 teamcoco.cpython-311.opt-1.pyc
-rw-r--r-- 1 root root  11132 Feb 21 17:46 teamcoco.cpython-311.pyc
-rw-r--r-- 1 root root   6519 Feb 21 17:46 teamtreehouse.cpython-311.opt-1.pyc
-rw-r--r-- 1 root root   6519 Feb 21 17:46 teamtreehouse.cpython-311.pyc
-rw-r--r-- 1 root root  15247 Feb 21 17:46 ted.cpython-311.opt-1.pyc
-rw-r--r-- 1 root root  15247 Feb 21 17:46 ted.cpython-311.pyc
-rw-r--r-- 1 root root   3769 Feb 21 17:46 tele13.cpython-311.opt-1.pyc
-rw-r--r-- 1 root root   3769 Feb 21 17:46 tele13.cpython-311.pyc
-rw-r--r-- 1 root root   3621 Feb 21 17:46 tele5.cpython-311.opt-1.pyc
-rw-r--r-- 1 root root   3621 Feb 21 17:46 tele5.cpython-311.pyc
-rw-r--r-- 1 root root   3048 Feb 21 17:46 telebruxelles.cpython-311.opt-1.pyc
-rw-r--r-- 1 root root   3048 Feb 21 17:46 telebruxelles.cpython-311.pyc
-rw-r--r-- 1 root root   4024 Feb 21 17:46 telecaribe.cpython-311.opt-1.pyc
-rw-r--r-- 1 root root   4024 Feb 21 17:46 telecaribe.cpython-311.pyc
-rw-r--r-- 1 root root   9322 Feb 21 17:46 telecinco.cpython-311.opt-1.pyc
-rw-r--r-- 1 root root   9322 Feb 21 17:46 telecinco.cpython-311.pyc
-rw-r--r-- 1 root root   4301 Feb 21 17:46 telegraaf.cpython-311.opt-1.pyc
-rw-r--r-- 1 root root   4301 Feb 21 17:46 telegraaf.cpython-311.pyc
-rw-r--r-- 1 root root   5277 Feb 21 17:46 telegram.cpython-311.opt-1.pyc
-rw-r--r-- 1 root root   5277 Feb 21 17:46 telegram.cpython-311.pyc
-rw-r--r-- 1 root root   3300 Feb 21 17:46 telemb.cpython-311.opt-1.pyc
-rw-r--r-- 1 root root   3300 Feb 21 17:46 telemb.cpython-311.pyc
-rw-r--r-- 1 root root   3688 Feb 21 17:46 telemundo.cpython-311.opt-1.pyc
-rw-r--r-- 1 root root   3688 Feb 21 17:46 telemundo.cpython-311.pyc
-rw-r--r-- 1 root root  11986 Feb 21 17:46 telequebec.cpython-311.opt-1.pyc
-rw-r--r-- 1 root root  11986 Feb 21 17:46 telequebec.cpython-311.pyc
-rw-r--r-- 1 root root   2409 Feb 21 17:46 teletask.cpython-311.opt-1.pyc
-rw-r--r-- 1 root root   2409 Feb 21 17:46 teletask.cpython-311.pyc
-rw-r--r-- 1 root root   7137 Feb 21 17:46 telewebion.cpython-311.opt-1.pyc
-rw-r--r-- 1 root root   7137 Feb 21 17:46 telewebion.cpython-311.pyc
-rw-r--r-- 1 root root   6259 Feb 21 17:46 tempo.cpython-311.opt-1.pyc
-rw-r--r-- 1 root root   6259 Feb 21 17:46 tempo.cpython-311.pyc
-rw-r--r-- 1 root root  24308 Feb 21 17:46 tencent.cpython-311.opt-1.pyc
-rw-r--r-- 1 root root  24308 Feb 21 17:46 tencent.cpython-311.pyc
-rw-r--r-- 1 root root   8592 Feb 21 17:46 tennistv.cpython-311.opt-1.pyc
-rw-r--r-- 1 root root   8592 Feb 21 17:46 tennistv.cpython-311.pyc
-rw-r--r-- 1 root root  17082 Feb 21 17:46 tenplay.cpython-311.opt-1.pyc
-rw-r--r-- 1 root root  17082 Feb 21 17:46 tenplay.cpython-311.pyc
-rw-r--r-- 1 root root   4611 Feb 21 17:46 testurl.cpython-311.opt-1.pyc
-rw-r--r-- 1 root root   4611 Feb 21 17:46 testurl.cpython-311.pyc
-rw-r--r-- 1 root root   4772 Feb 21 17:46 tf1.cpython-311.opt-1.pyc
-rw-r--r-- 1 root root   4772 Feb 21 17:46 tf1.cpython-311.pyc
-rw-r--r-- 1 root root   3192 Feb 21 17:46 tfo.cpython-311.opt-1.pyc
-rw-r--r-- 1 root root   3192 Feb 21 17:46 tfo.cpython-311.pyc
-rw-r--r-- 1 root root   6975 Feb 21 17:46 theguardian.cpython-311.opt-1.pyc
-rw-r--r-- 1 root root   6975 Feb 21 17:46 theguardian.cpython-311.pyc
-rw-r--r-- 1 root root   2353 Feb 21 17:46 thehighwire.cpython-311.opt-1.pyc
-rw-r--r-- 1 root root   2353 Feb 21 17:46 thehighwire.cpython-311.pyc
-rw-r--r-- 1 root root   2181 Feb 21 17:46 theholetv.cpython-311.opt-1.pyc
-rw-r--r-- 1 root root   2181 Feb 21 17:46 theholetv.cpython-311.pyc
-rw-r--r-- 1 root root   2556 Feb 21 17:46 theintercept.cpython-311.opt-1.pyc
-rw-r--r-- 1 root root   2556 Feb 21 17:46 theintercept.cpython-311.pyc
-rw-r--r-- 1 root root  23968 Feb 21 17:46 theplatform.cpython-311.opt-1.pyc
-rw-r--r-- 1 root root  23968 Feb 21 17:46 theplatform.cpython-311.pyc
-rw-r--r-- 1 root root   1809 Feb 21 17:46 thestar.cpython-311.opt-1.pyc
-rw-r--r-- 1 root root   1809 Feb 21 17:46 thestar.cpython-311.pyc
-rw-r--r-- 1 root root   2408 Feb 21 17:46 thesun.cpython-311.opt-1.pyc
-rw-r--r-- 1 root root   2408 Feb 21 17:46 thesun.cpython-311.pyc
-rw-r--r-- 1 root root   5242 Feb 21 17:46 theweatherchannel.cpython-311.opt-1.pyc
-rw-r--r-- 1 root root   5242 Feb 21 17:46 theweatherchannel.cpython-311.pyc
-rw-r--r-- 1 root root   2009 Feb 21 17:46 thisamericanlife.cpython-311.opt-1.pyc
-rw-r--r-- 1 root root   2009 Feb 21 17:46 thisamericanlife.cpython-311.pyc
-rw-r--r-- 1 root root   6771 Feb 21 17:46 thisoldhouse.cpython-311.opt-1.pyc
-rw-r--r-- 1 root root   6771 Feb 21 17:46 thisoldhouse.cpython-311.pyc
-rw-r--r-- 1 root root  10598 Feb 21 17:46 thisvid.cpython-311.opt-1.pyc
-rw-r--r-- 1 root root  10598 Feb 21 17:46 thisvid.cpython-311.pyc
-rw-r--r-- 1 root root   6871 Feb 21 17:46 threeqsdn.cpython-311.opt-1.pyc
-rw-r--r-- 1 root root   6871 Feb 21 17:46 threeqsdn.cpython-311.pyc
-rw-r--r-- 1 root root   6579 Feb 21 17:46 threespeak.cpython-311.opt-1.pyc
-rw-r--r-- 1 root root   6579 Feb 21 17:46 threespeak.cpython-311.pyc
-rw-r--r-- 1 root root  83699 Feb 21 17:46 tiktok.cpython-311.opt-1.pyc
-rw-r--r-- 1 root root  83699 Feb 21 17:46 tiktok.cpython-311.pyc
-rw-r--r-- 1 root root   7276 Feb 21 17:46 tmz.cpython-311.opt-1.pyc
-rw-r--r-- 1 root root   7276 Feb 21 17:46 tmz.cpython-311.pyc
-rw-r--r-- 1 root root  15483 Feb 21 17:46 tnaflix.cpython-311.opt-1.pyc
-rw-r--r-- 1 root root  15483 Feb 21 17:46 tnaflix.cpython-311.pyc
-rw-r--r-- 1 root root   8961 Feb 21 17:46 toggle.cpython-311.opt-1.pyc
-rw-r--r-- 1 root root   8961 Feb 21 17:46 toggle.cpython-311.pyc
-rw-r--r-- 1 root root   5099 Feb 21 17:46 toggo.cpython-311.opt-1.pyc
-rw-r--r-- 1 root root   5099 Feb 21 17:46 toggo.cpython-311.pyc
-rw-r--r-- 1 root root   2611 Feb 21 17:46 tonline.cpython-311.opt-1.pyc
-rw-r--r-- 1 root root   2611 Feb 21 17:46 tonline.cpython-311.pyc
-rw-r--r-- 1 root root   4093 Feb 21 17:46 toongoggles.cpython-311.opt-1.pyc
-rw-r--r-- 1 root root   4093 Feb 21 17:46 toongoggles.cpython-311.pyc
-rw-r--r-- 1 root root   5637 Feb 21 17:46 toutiao.cpython-311.opt-1.pyc
-rw-r--r-- 1 root root   5637 Feb 21 17:46 toutiao.cpython-311.pyc
-rw-r--r-- 1 root root   4904 Feb 21 17:46 toutv.cpython-311.opt-1.pyc
-rw-r--r-- 1 root root   4904 Feb 21 17:46 toutv.cpython-311.pyc
-rw-r--r-- 1 root root   3776 Feb 21 17:46 toypics.cpython-311.opt-1.pyc
-rw-r--r-- 1 root root   3776 Feb 21 17:46 toypics.cpython-311.pyc
-rw-r--r-- 1 root root   3257 Feb 21 17:46 traileraddict.cpython-311.opt-1.pyc
-rw-r--r-- 1 root root   3257 Feb 21 17:46 traileraddict.cpython-311.pyc
-rw-r--r-- 1 root root  16834 Feb 21 17:46 triller.cpython-311.opt-1.pyc
-rw-r--r-- 1 root root  16834 Feb 21 17:46 triller.cpython-311.pyc
-rw-r--r-- 1 root root  15171 Feb 21 17:46 trovo.cpython-311.opt-1.pyc
-rw-r--r-- 1 root root  15171 Feb 21 17:46 trovo.cpython-311.pyc
-rw-r--r-- 1 root root   2661 Feb 21 17:46 trtcocuk.cpython-311.opt-1.pyc
-rw-r--r-- 1 root root   2661 Feb 21 17:46 trtcocuk.cpython-311.pyc
-rw-r--r-- 1 root root   4964 Feb 21 17:46 trtworld.cpython-311.opt-1.pyc
-rw-r--r-- 1 root root   4964 Feb 21 17:46 trtworld.cpython-311.pyc
-rw-r--r-- 1 root root   7573 Feb 21 17:46 trueid.cpython-311.opt-1.pyc
-rw-r--r-- 1 root root   7573 Feb 21 17:46 trueid.cpython-311.pyc
-rw-r--r-- 1 root root   1980 Feb 21 17:46 trunews.cpython-311.opt-1.pyc
-rw-r--r-- 1 root root   1980 Feb 21 17:46 trunews.cpython-311.pyc
-rw-r--r-- 1 root root   3233 Feb 21 17:46 truth.cpython-311.opt-1.pyc
-rw-r--r-- 1 root root   3233 Feb 21 17:46 truth.cpython-311.pyc
-rw-r--r-- 1 root root   7826 Feb 21 17:46 tube8.cpython-311.opt-1.pyc
-rw-r--r-- 1 root root   7826 Feb 21 17:46 tube8.cpython-311.pyc
-rw-r--r-- 1 root root  10896 Feb 21 17:46 tubetugraz.cpython-311.opt-1.pyc
-rw-r--r-- 1 root root  10896 Feb 21 17:46 tubetugraz.cpython-311.pyc
-rw-r--r-- 1 root root  10660 Feb 21 17:46 tubitv.cpython-311.opt-1.pyc
-rw-r--r-- 1 root root  10660 Feb 21 17:46 tubitv.cpython-311.pyc
-rw-r--r-- 1 root root  22481 Feb 21 17:46 tumblr.cpython-311.opt-1.pyc
-rw-r--r-- 1 root root  22481 Feb 21 17:46 tumblr.cpython-311.pyc
-rw-r--r-- 1 root root  13886 Feb 21 17:46 tunein.cpython-311.opt-1.pyc
-rw-r--r-- 1 root root  13886 Feb 21 17:46 tunein.cpython-311.pyc
-rw-r--r-- 1 root root  12551 Feb 21 17:46 turner.cpython-311.opt-1.pyc
-rw-r--r-- 1 root root  12551 Feb 21 17:46 turner.cpython-311.pyc
-rw-r--r-- 1 root root  17690 Feb 21 17:46 tv2.cpython-311.opt-1.pyc
-rw-r--r-- 1 root root  17690 Feb 21 17:46 tv2.cpython-311.pyc
-rw-r--r-- 1 root root   4183 Feb 21 17:46 tv24ua.cpython-311.opt-1.pyc
-rw-r--r-- 1 root root   4183 Feb 21 17:46 tv24ua.cpython-311.pyc
-rw-r--r-- 1 root root   7319 Feb 21 17:46 tv2dk.cpython-311.opt-1.pyc
-rw-r--r-- 1 root root   7319 Feb 21 17:46 tv2dk.cpython-311.pyc
-rw-r--r-- 1 root root   5447 Feb 21 17:46 tv2hu.cpython-311.opt-1.pyc
-rw-r--r-- 1 root root   5447 Feb 21 17:46 tv2hu.cpython-311.pyc
-rw-r--r-- 1 root root   6086 Feb 21 17:46 tv4.cpython-311.opt-1.pyc
-rw-r--r-- 1 root root   6086 Feb 21 17:46 tv4.cpython-311.pyc
-rw-r--r-- 1 root root   8465 Feb 21 17:46 tv5mondeplus.cpython-311.opt-1.pyc
-rw-r--r-- 1 root root   8465 Feb 21 17:46 tv5mondeplus.cpython-311.pyc
-rw-r--r-- 1 root root   6422 Feb 21 17:46 tv5unis.cpython-311.opt-1.pyc
-rw-r--r-- 1 root root   6422 Feb 21 17:46 tv5unis.cpython-311.pyc
-rw-r--r-- 1 root root   3905 Feb 21 17:46 tva.cpython-311.opt-1.pyc
-rw-r--r-- 1 root root   3905 Feb 21 17:46 tva.cpython-311.pyc
-rw-r--r-- 1 root root   4055 Feb 21 17:46 tvanouvelles.cpython-311.opt-1.pyc
-rw-r--r-- 1 root root   4055 Feb 21 17:46 tvanouvelles.cpython-311.pyc
-rw-r--r-- 1 root root   4778 Feb 21 17:46 tvc.cpython-311.opt-1.pyc
-rw-r--r-- 1 root root   4778 Feb 21 17:46 tvc.cpython-311.pyc
-rw-r--r-- 1 root root  17398 Feb 21 17:46 tver.cpython-311.opt-1.pyc
-rw-r--r-- 1 root root  17398 Feb 21 17:46 tver.cpython-311.pyc
-rw-r--r-- 1 root root   5780 Feb 21 17:46 tvigle.cpython-311.opt-1.pyc
-rw-r--r-- 1 root root   5780 Feb 21 17:46 tvigle.cpython-311.pyc
-rw-r--r-- 1 root root   3697 Feb 21 17:46 tviplayer.cpython-311.opt-1.pyc
-rw-r--r-- 1 root root   3697 Feb 21 17:46 tviplayer.cpython-311.pyc
-rw-r--r-- 1 root root   4662 Feb 21 17:46 tvn24.cpython-311.opt-1.pyc
-rw-r--r-- 1 root root   4662 Feb 21 17:46 tvn24.cpython-311.pyc
-rw-r--r-- 1 root root   4239 Feb 21 17:46 tvnoe.cpython-311.opt-1.pyc
-rw-r--r-- 1 root root   4239 Feb 21 17:46 tvnoe.cpython-311.pyc
-rw-r--r-- 1 root root   6154 Feb 21 17:46 tvo.cpython-311.opt-1.pyc
-rw-r--r-- 1 root root   6154 Feb 21 17:46 tvo.cpython-311.pyc
-rw-r--r-- 1 root root   7254 Feb 21 17:46 tvopengr.cpython-311.opt-1.pyc
-rw-r--r-- 1 root root   7254 Feb 21 17:46 tvopengr.cpython-311.pyc
-rw-r--r-- 1 root root  29254 Feb 21 17:46 tvp.cpython-311.opt-1.pyc
-rw-r--r-- 1 root root  29254 Feb 21 17:46 tvp.cpython-311.pyc
-rw-r--r-- 1 root root  13785 Feb 21 17:46 tvplay.cpython-311.opt-1.pyc
-rw-r--r-- 1 root root  13785 Feb 21 17:46 tvplay.cpython-311.pyc
-rw-r--r-- 1 root root   3712 Feb 21 17:46 tvplayer.cpython-311.opt-1.pyc
-rw-r--r-- 1 root root   3712 Feb 21 17:46 tvplayer.cpython-311.pyc
-rw-r--r-- 1 root root   9649 Feb 21 17:46 tvw.cpython-311.opt-1.pyc
-rw-r--r-- 1 root root   9649 Feb 21 17:46 tvw.cpython-311.pyc
-rw-r--r-- 1 root root   2926 Feb 21 17:46 tweakers.cpython-311.opt-1.pyc
-rw-r--r-- 1 root root   2926 Feb 21 17:46 tweakers.cpython-311.pyc
-rw-r--r-- 1 root root   3925 Feb 21 17:46 twentymin.cpython-311.opt-1.pyc
-rw-r--r-- 1 root root   3925 Feb 21 17:46 twentymin.cpython-311.pyc
-rw-r--r-- 1 root root   4551 Feb 21 17:46 twentythreevideo.cpython-311.opt-1.pyc
-rw-r--r-- 1 root root   4551 Feb 21 17:46 twentythreevideo.cpython-311.pyc
-rw-r--r-- 1 root root  15467 Feb 21 17:46 twitcasting.cpython-311.opt-1.pyc
-rw-r--r-- 1 root root  15467 Feb 21 17:46 twitcasting.cpython-311.pyc
-rw-r--r-- 1 root root  53926 Feb 21 17:46 twitch.cpython-311.opt-1.pyc
-rw-r--r-- 1 root root  54156 Feb 21 17:46 twitch.cpython-311.pyc
-rw-r--r-- 1 root root  73284 Feb 21 17:46 twitter.cpython-311.opt-1.pyc
-rw-r--r-- 1 root root  73284 Feb 21 17:46 twitter.cpython-311.pyc
-rw-r--r-- 1 root root  13610 Feb 21 17:46 txxx.cpython-311.opt-1.pyc
-rw-r--r-- 1 root root  13610 Feb 21 17:46 txxx.cpython-311.pyc
-rw-r--r-- 1 root root  25514 Feb 21 17:46 udemy.cpython-311.opt-1.pyc
-rw-r--r-- 1 root root  25514 Feb 21 17:46 udemy.cpython-311.pyc
-rw-r--r-- 1 root root   4680 Feb 21 17:46 udn.cpython-311.opt-1.pyc
-rw-r--r-- 1 root root   4680 Feb 21 17:46 udn.cpython-311.pyc
-rw-r--r-- 1 root root    984 Feb 21 17:46 ufctv.cpython-311.opt-1.pyc
-rw-r--r-- 1 root root    984 Feb 21 17:46 ufctv.cpython-311.pyc
-rw-r--r-- 1 root root   3107 Feb 21 17:46 ukcolumn.cpython-311.opt-1.pyc
-rw-r--r-- 1 root root   3107 Feb 21 17:46 ukcolumn.cpython-311.pyc
-rw-r--r-- 1 root root   1715 Feb 21 17:46 uktvplay.cpython-311.opt-1.pyc
-rw-r--r-- 1 root root   1715 Feb 21 17:46 uktvplay.cpython-311.pyc
-rw-r--r-- 1 root root   5347 Feb 21 17:46 uliza.cpython-311.opt-1.pyc
-rw-r--r-- 1 root root   5347 Feb 21 17:46 uliza.cpython-311.pyc
-rw-r--r-- 1 root root   2700 Feb 21 17:46 umg.cpython-311.opt-1.pyc
-rw-r--r-- 1 root root   2700 Feb 21 17:46 umg.cpython-311.pyc
-rw-r--r-- 1 root root   2614 Feb 21 17:46 unistra.cpython-311.opt-1.pyc
-rw-r--r-- 1 root root   2614 Feb 21 17:46 unistra.cpython-311.pyc
-rw-r--r-- 1 root root   1923 Feb 21 17:46 unitednations.cpython-311.opt-1.pyc
-rw-r--r-- 1 root root   1923 Feb 21 17:46 unitednations.cpython-311.pyc
-rw-r--r-- 1 root root   1823 Feb 21 17:46 unity.cpython-311.opt-1.pyc
-rw-r--r-- 1 root root   1823 Feb 21 17:46 unity.cpython-311.pyc
-rw-r--r-- 1 root root   9677 Feb 21 17:46 unsupported.cpython-311.opt-1.pyc
-rw-r--r-- 1 root root   9677 Feb 21 17:46 unsupported.cpython-311.pyc
-rw-r--r-- 1 root root   5913 Feb 21 17:46 uol.cpython-311.opt-1.pyc
-rw-r--r-- 1 root root   5913 Feb 21 17:46 uol.cpython-311.pyc
-rw-r--r-- 1 root root   5020 Feb 21 17:46 uplynk.cpython-311.opt-1.pyc
-rw-r--r-- 1 root root   5020 Feb 21 17:46 uplynk.cpython-311.pyc
-rw-r--r-- 1 root root   3118 Feb 21 17:46 urort.cpython-311.opt-1.pyc
-rw-r--r-- 1 root root   3118 Feb 21 17:46 urort.cpython-311.pyc
-rw-r--r-- 1 root root   9357 Feb 21 17:46 urplay.cpython-311.opt-1.pyc
-rw-r--r-- 1 root root   9357 Feb 21 17:46 urplay.cpython-311.pyc
-rw-r--r-- 1 root root   1023 Feb 21 17:46 usanetwork.cpython-311.opt-1.pyc
-rw-r--r-- 1 root root   1023 Feb 21 17:46 usanetwork.cpython-311.pyc
-rw-r--r-- 1 root root   3355 Feb 21 17:46 usatoday.cpython-311.opt-1.pyc
-rw-r--r-- 1 root root   3355 Feb 21 17:46 usatoday.cpython-311.pyc
-rw-r--r-- 1 root root  13641 Feb 21 17:46 ustream.cpython-311.opt-1.pyc
-rw-r--r-- 1 root root  13641 Feb 21 17:46 ustream.cpython-311.pyc
-rw-r--r-- 1 root root   5887 Feb 21 17:46 ustudio.cpython-311.opt-1.pyc
-rw-r--r-- 1 root root   5887 Feb 21 17:46 ustudio.cpython-311.pyc
-rw-r--r-- 1 root root   4185 Feb 21 17:46 utreon.cpython-311.opt-1.pyc
-rw-r--r-- 1 root root   4185 Feb 21 17:46 utreon.cpython-311.pyc
-rw-r--r-- 1 root root   3605 Feb 21 17:46 varzesh3.cpython-311.opt-1.pyc
-rw-r--r-- 1 root root   3605 Feb 21 17:46 varzesh3.cpython-311.pyc
-rw-r--r-- 1 root root   5507 Feb 21 17:46 vbox7.cpython-311.opt-1.pyc
-rw-r--r-- 1 root root   5507 Feb 21 17:46 vbox7.cpython-311.pyc
-rw-r--r-- 1 root root   3481 Feb 21 17:46 veo.cpython-311.opt-1.pyc
-rw-r--r-- 1 root root   3481 Feb 21 17:46 veo.cpython-311.pyc
-rw-r--r-- 1 root root  15212 Feb 21 17:46 vevo.cpython-311.opt-1.pyc
-rw-r--r-- 1 root root  15212 Feb 21 17:46 vevo.cpython-311.pyc
-rw-r--r-- 1 root root  11135 Feb 21 17:46 vgtv.cpython-311.opt-1.pyc
-rw-r--r-- 1 root root  11135 Feb 21 17:46 vgtv.cpython-311.pyc
-rw-r--r-- 1 root root   2098 Feb 21 17:46 vh1.cpython-311.opt-1.pyc
-rw-r--r-- 1 root root   2098 Feb 21 17:46 vh1.cpython-311.pyc
-rw-r--r-- 1 root root  15293 Feb 21 17:46 vice.cpython-311.opt-1.pyc
-rw-r--r-- 1 root root  15293 Feb 21 17:46 vice.cpython-311.pyc
-rw-r--r-- 1 root root   6007 Feb 21 17:46 viddler.cpython-311.opt-1.pyc
-rw-r--r-- 1 root root   6007 Feb 21 17:46 viddler.cpython-311.pyc
-rw-r--r-- 1 root root   8696 Feb 21 17:46 videa.cpython-311.opt-1.pyc
-rw-r--r-- 1 root root   8696 Feb 21 17:46 videa.cpython-311.pyc
-rw-r--r-- 1 root root  11412 Feb 21 17:46 videocampus_sachsen.cpython-311.opt-1.pyc
-rw-r--r-- 1 root root  11412 Feb 21 17:46 videocampus_sachsen.cpython-311.pyc
-rw-r--r-- 1 root root   1426 Feb 21 17:46 videodetective.cpython-311.opt-1.pyc
-rw-r--r-- 1 root root   1426 Feb 21 17:46 videodetective.cpython-311.pyc
-rw-r--r-- 1 root root   2659 Feb 21 17:46 videofyme.cpython-311.opt-1.pyc
-rw-r--r-- 1 root root   2659 Feb 21 17:46 videofyme.cpython-311.pyc
-rw-r--r-- 1 root root  16385 Feb 21 17:46 videoken.cpython-311.opt-1.pyc
-rw-r--r-- 1 root root  16385 Feb 21 17:46 videoken.cpython-311.pyc
-rw-r--r-- 1 root root  13156 Feb 21 17:46 videomore.cpython-311.opt-1.pyc
-rw-r--r-- 1 root root  13156 Feb 21 17:46 videomore.cpython-311.pyc
-rw-r--r-- 1 root root   4512 Feb 21 17:46 videopress.cpython-311.opt-1.pyc
-rw-r--r-- 1 root root   4512 Feb 21 17:46 videopress.cpython-311.pyc
-rw-r--r-- 1 root root   6214 Feb 21 17:46 vidflex.cpython-311.opt-1.pyc
-rw-r--r-- 1 root root   6214 Feb 21 17:46 vidflex.cpython-311.pyc
-rw-r--r-- 1 root root  18562 Feb 21 17:46 vidio.cpython-311.opt-1.pyc
-rw-r--r-- 1 root root  18562 Feb 21 17:46 vidio.cpython-311.pyc
-rw-r--r-- 1 root root   6499 Feb 21 17:46 vidlii.cpython-311.opt-1.pyc
-rw-r--r-- 1 root root   6499 Feb 21 17:46 vidlii.cpython-311.pyc
-rw-r--r-- 1 root root   3498 Feb 21 17:46 vidly.cpython-311.opt-1.pyc
-rw-r--r-- 1 root root   3498 Feb 21 17:46 vidly.cpython-311.pyc
-rw-r--r-- 1 root root  18280 Feb 21 17:46 vidyard.cpython-311.opt-1.pyc
-rw-r--r-- 1 root root  18280 Feb 21 17:46 vidyard.cpython-311.pyc
-rw-r--r-- 1 root root  16392 Feb 21 17:46 viewlift.cpython-311.opt-1.pyc
-rw-r--r-- 1 root root  16392 Feb 21 17:46 viewlift.cpython-311.pyc
-rw-r--r-- 1 root root   8402 Feb 21 17:46 viidea.cpython-311.opt-1.pyc
-rw-r--r-- 1 root root   8402 Feb 21 17:46 viidea.cpython-311.pyc
-rw-r--r-- 1 root root  98677 Feb 21 17:46 vimeo.cpython-311.opt-1.pyc
-rw-r--r-- 1 root root  98677 Feb 21 17:46 vimeo.cpython-311.pyc
-rw-r--r-- 1 root root   2850 Feb 21 17:46 vimm.cpython-311.opt-1.pyc
-rw-r--r-- 1 root root   2850 Feb 21 17:46 vimm.cpython-311.pyc
-rw-r--r-- 1 root root   3457 Feb 21 17:46 viously.cpython-311.opt-1.pyc
-rw-r--r-- 1 root root   3457 Feb 21 17:46 viously.cpython-311.pyc
-rw-r--r-- 1 root root   4282 Feb 21 17:46 viqeo.cpython-311.opt-1.pyc
-rw-r--r-- 1 root root   4282 Feb 21 17:46 viqeo.cpython-311.pyc
-rw-r--r-- 1 root root   5532 Feb 21 17:46 visir.cpython-311.opt-1.pyc
-rw-r--r-- 1 root root   5532 Feb 21 17:46 visir.cpython-311.pyc
-rw-r--r-- 1 root root  25769 Feb 21 17:46 viu.cpython-311.opt-1.pyc
-rw-r--r-- 1 root root  25769 Feb 21 17:46 viu.cpython-311.pyc
-rw-r--r-- 1 root root  40933 Feb 21 17:46 vk.cpython-311.opt-1.pyc
-rw-r--r-- 1 root root  40933 Feb 21 17:46 vk.cpython-311.pyc
-rw-r--r-- 1 root root   2438 Feb 21 17:46 vocaroo.cpython-311.opt-1.pyc
-rw-r--r-- 1 root root   2438 Feb 21 17:46 vocaroo.cpython-311.pyc
-rw-r--r-- 1 root root   1514 Feb 21 17:46 vodpl.cpython-311.opt-1.pyc
-rw-r--r-- 1 root root   1514 Feb 21 17:46 vodpl.cpython-311.pyc
-rw-r--r-- 1 root root   2249 Feb 21 17:46 vodplatform.cpython-311.opt-1.pyc
-rw-r--r-- 1 root root   2249 Feb 21 17:46 vodplatform.cpython-311.pyc
-rw-r--r-- 1 root root   8173 Feb 21 17:46 voicy.cpython-311.opt-1.pyc
-rw-r--r-- 1 root root   8190 Feb 21 17:46 voicy.cpython-311.pyc
-rw-r--r-- 1 root root   8905 Feb 21 17:46 volejtv.cpython-311.opt-1.pyc
-rw-r--r-- 1 root root   8905 Feb 21 17:46 volejtv.cpython-311.pyc
-rw-r--r-- 1 root root   9916 Feb 21 17:46 voxmedia.cpython-311.opt-1.pyc
-rw-r--r-- 1 root root   9916 Feb 21 17:46 voxmedia.cpython-311.pyc
-rw-r--r-- 1 root root   9038 Feb 21 17:46 vrsquare.cpython-311.opt-1.pyc
-rw-r--r-- 1 root root   9038 Feb 21 17:46 vrsquare.cpython-311.pyc
-rw-r--r-- 1 root root  29140 Feb 21 17:46 vrt.cpython-311.opt-1.pyc
-rw-r--r-- 1 root root  29140 Feb 21 17:46 vrt.cpython-311.pyc
-rw-r--r-- 1 root root   2756 Feb 21 17:46 vtm.cpython-311.opt-1.pyc
-rw-r--r-- 1 root root   2756 Feb 21 17:46 vtm.cpython-311.pyc
-rw-r--r-- 1 root root   5694 Feb 21 17:46 vtv.cpython-311.opt-1.pyc
-rw-r--r-- 1 root root   5694 Feb 21 17:46 vtv.cpython-311.pyc
-rw-r--r-- 1 root root   3056 Feb 21 17:46 vuclip.cpython-311.opt-1.pyc
-rw-r--r-- 1 root root   3056 Feb 21 17:46 vuclip.cpython-311.pyc
-rw-r--r-- 1 root root  14737 Feb 21 17:46 vvvvid.cpython-311.opt-1.pyc
-rw-r--r-- 1 root root  14737 Feb 21 17:46 vvvvid.cpython-311.pyc
-rw-r--r-- 1 root root   3403 Feb 21 17:46 walla.cpython-311.opt-1.pyc
-rw-r--r-- 1 root root   3403 Feb 21 17:46 walla.cpython-311.pyc
-rw-r--r-- 1 root root   6730 Feb 21 17:46 washingtonpost.cpython-311.opt-1.pyc
-rw-r--r-- 1 root root   6730 Feb 21 17:46 washingtonpost.cpython-311.pyc
-rw-r--r-- 1 root root   5908 Feb 21 17:46 wat.cpython-311.opt-1.pyc
-rw-r--r-- 1 root root   5908 Feb 21 17:46 wat.cpython-311.pyc
-rw-r--r-- 1 root root  15579 Feb 21 17:46 wdr.cpython-311.opt-1.pyc
-rw-r--r-- 1 root root  15579 Feb 21 17:46 wdr.cpython-311.pyc
-rw-r--r-- 1 root root   2109 Feb 21 17:46 webcamerapl.cpython-311.opt-1.pyc
-rw-r--r-- 1 root root   2109 Feb 21 17:46 webcamerapl.cpython-311.pyc
-rw-r--r-- 1 root root   5055 Feb 21 17:46 webcaster.cpython-311.opt-1.pyc
-rw-r--r-- 1 root root   5055 Feb 21 17:46 webcaster.cpython-311.pyc
-rw-r--r-- 1 root root   6170 Feb 21 17:46 webofstories.cpython-311.opt-1.pyc
-rw-r--r-- 1 root root   6170 Feb 21 17:46 webofstories.cpython-311.pyc
-rw-r--r-- 1 root root  19207 Feb 21 17:46 weibo.cpython-311.opt-1.pyc
-rw-r--r-- 1 root root  19207 Feb 21 17:46 weibo.cpython-311.pyc
-rw-r--r-- 1 root root   2071 Feb 21 17:46 weiqitv.cpython-311.opt-1.pyc
-rw-r--r-- 1 root root   2071 Feb 21 17:46 weiqitv.cpython-311.pyc
-rw-r--r-- 1 root root  39098 Feb 21 17:46 weverse.cpython-311.opt-1.pyc
-rw-r--r-- 1 root root  39098 Feb 21 17:46 weverse.cpython-311.pyc
-rw-r--r-- 1 root root   4378 Feb 21 17:46 wevidi.cpython-311.opt-1.pyc
-rw-r--r-- 1 root root   4378 Feb 21 17:46 wevidi.cpython-311.pyc
-rw-r--r-- 1 root root   3616 Feb 21 17:46 weyyak.cpython-311.opt-1.pyc
-rw-r--r-- 1 root root   3616 Feb 21 17:46 weyyak.cpython-311.pyc
-rw-r--r-- 1 root root   6473 Feb 21 17:46 whowatch.cpython-311.opt-1.pyc
-rw-r--r-- 1 root root   6473 Feb 21 17:46 whowatch.cpython-311.pyc
-rw-r--r-- 1 root root   3009 Feb 21 17:46 whyp.cpython-311.opt-1.pyc
-rw-r--r-- 1 root root   3009 Feb 21 17:46 whyp.cpython-311.pyc
-rw-r--r-- 1 root root   3328 Feb 21 17:46 wikimedia.cpython-311.opt-1.pyc
-rw-r--r-- 1 root root   3328 Feb 21 17:46 wikimedia.cpython-311.pyc
-rw-r--r-- 1 root root   2421 Feb 21 17:46 wimbledon.cpython-311.opt-1.pyc
-rw-r--r-- 1 root root   2421 Feb 21 17:46 wimbledon.cpython-311.pyc
-rw-r--r-- 1 root root   7224 Feb 21 17:46 wimtv.cpython-311.opt-1.pyc
-rw-r--r-- 1 root root   7224 Feb 21 17:46 wimtv.cpython-311.pyc
-rw-r--r-- 1 root root  20784 Feb 21 17:46 wistia.cpython-311.opt-1.pyc
-rw-r--r-- 1 root root  20784 Feb 21 17:46 wistia.cpython-311.pyc
-rw-r--r-- 1 root root   7564 Feb 21 17:46 wordpress.cpython-311.opt-1.pyc
-rw-r--r-- 1 root root   7564 Feb 21 17:46 wordpress.cpython-311.pyc
-rw-r--r-- 1 root root   1941 Feb 21 17:46 worldstarhiphop.cpython-311.opt-1.pyc
-rw-r--r-- 1 root root   1941 Feb 21 17:46 worldstarhiphop.cpython-311.pyc
-rw-r--r-- 1 root root   8963 Feb 21 17:46 wppilot.cpython-311.opt-1.pyc
-rw-r--r-- 1 root root   8963 Feb 21 17:46 wppilot.cpython-311.pyc
-rw-r--r-- 1 root root  17297 Feb 21 17:46 wrestleuniverse.cpython-311.opt-1.pyc
-rw-r--r-- 1 root root  17297 Feb 21 17:46 wrestleuniverse.cpython-311.pyc
-rw-r--r-- 1 root root   6337 Feb 21 17:46 wsj.cpython-311.opt-1.pyc
-rw-r--r-- 1 root root   6337 Feb 21 17:46 wsj.cpython-311.pyc
-rw-r--r-- 1 root root   6659 Feb 21 17:46 wwe.cpython-311.opt-1.pyc
-rw-r--r-- 1 root root   6659 Feb 21 17:46 wwe.cpython-311.pyc
-rw-r--r-- 1 root root  13264 Feb 21 17:46 wykop.cpython-311.opt-1.pyc
-rw-r--r-- 1 root root  13264 Feb 21 17:46 wykop.cpython-311.pyc
-rw-r--r-- 1 root root   3337 Feb 21 17:46 xboxclips.cpython-311.opt-1.pyc
-rw-r--r-- 1 root root   3337 Feb 21 17:46 xboxclips.cpython-311.pyc
-rw-r--r-- 1 root root  30614 Feb 21 17:46 xhamster.cpython-311.opt-1.pyc
-rw-r--r-- 1 root root  30614 Feb 21 17:46 xhamster.cpython-311.pyc
-rw-r--r-- 1 root root   5859 Feb 21 17:46 xiaohongshu.cpython-311.opt-1.pyc
-rw-r--r-- 1 root root   5859 Feb 21 17:46 xiaohongshu.cpython-311.pyc
-rw-r--r-- 1 root root  11891 Feb 21 17:46 ximalaya.cpython-311.opt-1.pyc
-rw-r--r-- 1 root root  11891 Feb 21 17:46 ximalaya.cpython-311.pyc
-rw-r--r-- 1 root root   5336 Feb 21 17:46 xinpianchang.cpython-311.opt-1.pyc
-rw-r--r-- 1 root root   5336 Feb 21 17:46 xinpianchang.cpython-311.pyc
-rw-r--r-- 1 root root   3875 Feb 21 17:46 xminus.cpython-311.opt-1.pyc
-rw-r--r-- 1 root root   3875 Feb 21 17:46 xminus.cpython-311.pyc
-rw-r--r-- 1 root root   3854 Feb 21 17:46 xnxx.cpython-311.opt-1.pyc
-rw-r--r-- 1 root root   3854 Feb 21 17:46 xnxx.cpython-311.pyc
-rw-r--r-- 1 root root   5392 Feb 21 17:46 xstream.cpython-311.opt-1.pyc
-rw-r--r-- 1 root root   5392 Feb 21 17:46 xstream.cpython-311.pyc
-rw-r--r-- 1 root root   8746 Feb 21 17:46 xvideos.cpython-311.opt-1.pyc
-rw-r--r-- 1 root root   8746 Feb 21 17:46 xvideos.cpython-311.pyc
-rw-r--r-- 1 root root   3213 Feb 21 17:46 xxxymovies.cpython-311.opt-1.pyc
-rw-r--r-- 1 root root   3213 Feb 21 17:46 xxxymovies.cpython-311.pyc
-rw-r--r-- 1 root root  18548 Feb 21 17:46 yahoo.cpython-311.opt-1.pyc
-rw-r--r-- 1 root root  18548 Feb 21 17:46 yahoo.cpython-311.pyc
-rw-r--r-- 1 root root   6872 Feb 21 17:46 yandexdisk.cpython-311.opt-1.pyc
-rw-r--r-- 1 root root   6872 Feb 21 17:46 yandexdisk.cpython-311.pyc
-rw-r--r-- 1 root root  24260 Feb 21 17:46 yandexmusic.cpython-311.opt-1.pyc
-rw-r--r-- 1 root root  24280 Feb 21 17:46 yandexmusic.cpython-311.pyc
-rw-r--r-- 1 root root  19036 Feb 21 17:46 yandexvideo.cpython-311.opt-1.pyc
-rw-r--r-- 1 root root  19036 Feb 21 17:46 yandexvideo.cpython-311.pyc
-rw-r--r-- 1 root root   3833 Feb 21 17:46 yapfiles.cpython-311.opt-1.pyc
-rw-r--r-- 1 root root   3833 Feb 21 17:46 yapfiles.cpython-311.pyc
-rw-r--r-- 1 root root   6975 Feb 21 17:46 yappy.cpython-311.opt-1.pyc
-rw-r--r-- 1 root root   6975 Feb 21 17:46 yappy.cpython-311.pyc
-rw-r--r-- 1 root root   2941 Feb 21 17:46 yfanefa.cpython-311.opt-1.pyc
-rw-r--r-- 1 root root   2941 Feb 21 17:46 yfanefa.cpython-311.pyc
-rw-r--r-- 1 root root   7600 Feb 21 17:46 yle_areena.cpython-311.opt-1.pyc
-rw-r--r-- 1 root root   7600 Feb 21 17:46 yle_areena.cpython-311.pyc
-rw-r--r-- 1 root root   3861 Feb 21 17:46 youjizz.cpython-311.opt-1.pyc
-rw-r--r-- 1 root root   3861 Feb 21 17:46 youjizz.cpython-311.pyc
-rw-r--r-- 1 root root  12597 Feb 21 17:46 youku.cpython-311.opt-1.pyc
-rw-r--r-- 1 root root  12597 Feb 21 17:46 youku.cpython-311.pyc
-rw-r--r-- 1 root root   9635 Feb 21 17:46 younow.cpython-311.opt-1.pyc
-rw-r--r-- 1 root root   9635 Feb 21 17:46 younow.cpython-311.pyc
-rw-r--r-- 1 root root  25747 Feb 21 17:46 youporn.cpython-311.opt-1.pyc
-rw-r--r-- 1 root root  25747 Feb 21 17:46 youporn.cpython-311.pyc
-rw-r--r-- 1 root root   8563 Feb 21 17:46 zaiko.cpython-311.opt-1.pyc
-rw-r--r-- 1 root root   8563 Feb 21 17:46 zaiko.cpython-311.pyc
-rw-r--r-- 1 root root   5083 Feb 21 17:46 zapiks.cpython-311.opt-1.pyc
-rw-r--r-- 1 root root   5083 Feb 21 17:46 zapiks.cpython-311.pyc
-rw-r--r-- 1 root root  43399 Feb 21 17:46 zattoo.cpython-311.opt-1.pyc
-rw-r--r-- 1 root root  43412 Feb 21 17:46 zattoo.cpython-311.pyc
-rw-r--r-- 1 root root  32038 Feb 21 17:46 zdf.cpython-311.opt-1.pyc
-rw-r--r-- 1 root root  32123 Feb 21 17:46 zdf.cpython-311.pyc
-rw-r--r-- 1 root root  15251 Feb 21 17:46 zee5.cpython-311.opt-1.pyc
-rw-r--r-- 1 root root  15251 Feb 21 17:46 zee5.cpython-311.pyc
-rw-r--r-- 1 root root   3615 Feb 21 17:46 zeenews.cpython-311.opt-1.pyc
-rw-r--r-- 1 root root   3615 Feb 21 17:46 zeenews.cpython-311.pyc
-rw-r--r-- 1 root root   5485 Feb 21 17:46 zenporn.cpython-311.opt-1.pyc
-rw-r--r-- 1 root root   5485 Feb 21 17:46 zenporn.cpython-311.pyc
-rw-r--r-- 1 root root   4362 Feb 21 17:46 zetland.cpython-311.opt-1.pyc
-rw-r--r-- 1 root root   4362 Feb 21 17:46 zetland.cpython-311.pyc
-rw-r--r-- 1 root root   3822 Feb 21 17:46 zhihu.cpython-311.opt-1.pyc
-rw-r--r-- 1 root root   3822 Feb 21 17:46 zhihu.cpython-311.pyc
-rw-r--r-- 1 root root  28277 Feb 21 17:46 zingmp3.cpython-311.opt-1.pyc
-rw-r--r-- 1 root root  28277 Feb 21 17:46 zingmp3.cpython-311.pyc
-rw-r--r-- 1 root root   8625 Feb 21 17:46 zoom.cpython-311.opt-1.pyc
-rw-r--r-- 1 root root   8625 Feb 21 17:46 zoom.cpython-311.pyc
-rw-r--r-- 1 root root   7110 Feb 21 17:46 zype.cpython-311.opt-1.pyc
-rw-r--r-- 1 root root   7110 Feb 21 17:46 zype.cpython-311.pyc

/home/sektor/projects/slackbuilds/ap/yt-dlp/pkg/usr/lib/python3.11/site-packages/yt_dlp/extractor/youtube:
total 424
-rw-r--r-- 1 root root   1408 Feb 21 17:46 __init__.py
drwxr-xr-x 1 root root    952 Feb 21 17:46 __pycache__
-rw-r--r-- 1 root root  54031 Feb 21 17:46 _base.py
-rw-r--r-- 1 root root   3073 Feb 21 17:46 _clip.py
-rw-r--r-- 1 root root   2142 Feb 21 17:46 _mistakes.py
-rw-r--r-- 1 root root   4585 Feb 21 17:46 _notifications.py
-rw-r--r-- 1 root root   9005 Feb 21 17:46 _redirect.py
-rw-r--r-- 1 root root   6044 Feb 21 17:46 _search.py
-rw-r--r-- 1 root root 115490 Feb 21 17:46 _tab.py
-rw-r--r-- 1 root root 216356 Feb 21 17:46 _video.py
drwxr-xr-x 1 root root    130 Feb 21 17:46 jsc
drwxr-xr-x 1 root root    186 Feb 21 17:46 pot

/home/sektor/projects/slackbuilds/ap/yt-dlp/pkg/usr/lib/python3.11/site-packages/yt_dlp/extractor/youtube/__pycache__:
total 832
-rw-r--r-- 1 root root   1534 Feb 21 17:46 __init__.cpython-311.opt-1.pyc
-rw-r--r-- 1 root root   1534 Feb 21 17:46 __init__.cpython-311.pyc
-rw-r--r-- 1 root root  62226 Feb 21 17:46 _base.cpython-311.opt-1.pyc
-rw-r--r-- 1 root root  62226 Feb 21 17:46 _base.cpython-311.pyc
-rw-r--r-- 1 root root   3427 Feb 21 17:46 _clip.cpython-311.opt-1.pyc
-rw-r--r-- 1 root root   3427 Feb 21 17:46 _clip.cpython-311.pyc
-rw-r--r-- 1 root root   2718 Feb 21 17:46 _mistakes.cpython-311.opt-1.pyc
-rw-r--r-- 1 root root   2718 Feb 21 17:46 _mistakes.cpython-311.pyc
-rw-r--r-- 1 root root   5911 Feb 21 17:46 _notifications.cpython-311.opt-1.pyc
-rw-r--r-- 1 root root   5911 Feb 21 17:46 _notifications.cpython-311.pyc
-rw-r--r-- 1 root root  12483 Feb 21 17:46 _redirect.cpython-311.opt-1.pyc
-rw-r--r-- 1 root root  12483 Feb 21 17:46 _redirect.cpython-311.pyc
-rw-r--r-- 1 root root   6462 Feb 21 17:46 _search.cpython-311.opt-1.pyc
-rw-r--r-- 1 root root   6462 Feb 21 17:46 _search.cpython-311.pyc
-rw-r--r-- 1 root root 106584 Feb 21 17:46 _tab.cpython-311.opt-1.pyc
-rw-r--r-- 1 root root 106584 Feb 21 17:46 _tab.cpython-311.pyc
-rw-r--r-- 1 root root 201425 Feb 21 17:46 _video.cpython-311.opt-1.pyc
-rw-r--r-- 1 root root 201561 Feb 21 17:46 _video.cpython-311.pyc

/home/sektor/projects/slackbuilds/ap/yt-dlp/pkg/usr/lib/python3.11/site-packages/yt_dlp/extractor/youtube/jsc:
total 32
-rw-r--r-- 1 root root   289 Feb 21 17:46 __init__.py
drwxr-xr-x 1 root root   440 Feb 21 17:46 __pycache__
drwxr-xr-x 1 root root   128 Feb 21 17:46 _builtin
-rw-r--r-- 1 root root 13167 Feb 21 17:46 _director.py
-rw-r--r-- 1 root root   102 Feb 21 17:46 _registry.py
-rw-r--r-- 1 root root  5002 Feb 21 17:46 provider.py

/home/sektor/projects/slackbuilds/ap/yt-dlp/pkg/usr/lib/python3.11/site-packages/yt_dlp/extractor/youtube/jsc/__pycache__:
total 88
-rw-r--r-- 1 root root   471 Feb 21 17:46 __init__.cpython-311.opt-1.pyc
-rw-r--r-- 1 root root   471 Feb 21 17:46 __init__.cpython-311.pyc
-rw-r--r-- 1 root root 21258 Feb 21 17:46 _director.cpython-311.opt-1.pyc
-rw-r--r-- 1 root root 21333 Feb 21 17:46 _director.cpython-311.pyc
-rw-r--r-- 1 root root   377 Feb 21 17:46 _registry.cpython-311.opt-1.pyc
-rw-r--r-- 1 root root   377 Feb 21 17:46 _registry.cpython-311.pyc
-rw-r--r-- 1 root root  8950 Feb 21 17:46 provider.cpython-311.opt-1.pyc
-rw-r--r-- 1 root root  8950 Feb 21 17:46 provider.cpython-311.pyc

/home/sektor/projects/slackbuilds/ap/yt-dlp/pkg/usr/lib/python3.11/site-packages/yt_dlp/extractor/youtube/jsc/_builtin:
total 40
-rw-r--r-- 1 root root     0 Feb 21 17:46 __init__.py
drwxr-xr-x 1 root root   572 Feb 21 17:46 __pycache__
-rw-r--r-- 1 root root  6065 Feb 21 17:46 bun.py
-rw-r--r-- 1 root root  5549 Feb 21 17:46 deno.py
-rw-r--r-- 1 root root 13915 Feb 21 17:46 ejs.py
-rw-r--r-- 1 root root  2300 Feb 21 17:46 node.py
-rw-r--r-- 1 root root  2233 Feb 21 17:46 quickjs.py
drwxr-xr-x 1 root root   176 Feb 21 17:46 vendor

/home/sektor/projects/slackbuilds/ap/yt-dlp/pkg/usr/lib/python3.11/site-packages/yt_dlp/extractor/youtube/jsc/_builtin/__pycache__:
total 128
-rw-r--r-- 1 root root   192 Feb 21 17:46 __init__.cpython-311.opt-1.pyc
-rw-r--r-- 1 root root   192 Feb 21 17:46 __init__.cpython-311.pyc
-rw-r--r-- 1 root root  8434 Feb 21 17:46 bun.cpython-311.opt-1.pyc
-rw-r--r-- 1 root root  8434 Feb 21 17:46 bun.cpython-311.pyc
-rw-r--r-- 1 root root  8732 Feb 21 17:46 deno.cpython-311.opt-1.pyc
-rw-r--r-- 1 root root  8732 Feb 21 17:46 deno.cpython-311.pyc
-rw-r--r-- 1 root root 20957 Feb 21 17:46 ejs.cpython-311.opt-1.pyc
-rw-r--r-- 1 root root 20957 Feb 21 17:46 ejs.cpython-311.pyc
-rw-r--r-- 1 root root  4243 Feb 21 17:46 node.cpython-311.opt-1.pyc
-rw-r--r-- 1 root root  4243 Feb 21 17:46 node.cpython-311.pyc
-rw-r--r-- 1 root root  3893 Feb 21 17:46 quickjs.cpython-311.opt-1.pyc
-rw-r--r-- 1 root root  3893 Feb 21 17:46 quickjs.cpython-311.pyc

/home/sektor/projects/slackbuilds/ap/yt-dlp/pkg/usr/lib/python3.11/site-packages/yt_dlp/extractor/youtube/jsc/_builtin/vendor:
total 44
-rw-r--r-- 1 root root   518 Feb 21 17:46 __init__.py
drwxr-xr-x 1 root root   204 Feb 21 17:46 __pycache__
-rw-r--r-- 1 root root  1056 Feb 21 17:46 _info.py
-rw-r--r-- 1 root root   237 Feb 21 17:46 yt.solver.bun.lib.js
-rw-r--r-- 1 root root 27127 Feb 21 17:46 yt.solver.core.js
-rw-r--r-- 1 root root   245 Feb 21 17:46 yt.solver.deno.lib.js

/home/sektor/projects/slackbuilds/ap/yt-dlp/pkg/usr/lib/python3.11/site-packages/yt_dlp/extractor/youtube/jsc/_builtin/vendor/__pycache__:
total 16
-rw-r--r-- 1 root root 1133 Feb 21 17:46 __init__.cpython-311.opt-1.pyc
-rw-r--r-- 1 root root 1133 Feb 21 17:46 __init__.cpython-311.pyc
-rw-r--r-- 1 root root 1197 Feb 21 17:46 _info.cpython-311.opt-1.pyc
-rw-r--r-- 1 root root 1197 Feb 21 17:46 _info.cpython-311.pyc

/home/sektor/projects/slackbuilds/ap/yt-dlp/pkg/usr/lib/python3.11/site-packages/yt_dlp/extractor/youtube/pot:
total 56
-rw-r--r-- 1 root root   194 Feb 21 17:46 __init__.py
drwxr-xr-x 1 root root   744 Feb 21 17:46 __pycache__
drwxr-xr-x 1 root root   110 Feb 21 17:46 _builtin
-rw-r--r-- 1 root root 20469 Feb 21 17:46 _director.py
-rw-r--r-- 1 root root  5355 Feb 21 17:46 _provider.py
-rw-r--r-- 1 root root   255 Feb 21 17:46 _registry.py
-rw-r--r-- 1 root root  2686 Feb 21 17:46 cache.py
-rw-r--r-- 1 root root 10428 Feb 21 17:46 provider.py
-rw-r--r-- 1 root root  2329 Feb 21 17:46 utils.py

/home/sektor/projects/slackbuilds/ap/yt-dlp/pkg/usr/lib/python3.11/site-packages/yt_dlp/extractor/youtube/pot/__pycache__:
total 168
-rw-r--r-- 1 root root   356 Feb 21 17:46 __init__.cpython-311.opt-1.pyc
-rw-r--r-- 1 root root   356 Feb 21 17:46 __init__.cpython-311.pyc
-rw-r--r-- 1 root root 34351 Feb 21 17:46 _director.cpython-311.opt-1.pyc
-rw-r--r-- 1 root root 34426 Feb 21 17:46 _director.cpython-311.pyc
-rw-r--r-- 1 root root  9514 Feb 21 17:46 _provider.cpython-311.opt-1.pyc
-rw-r--r-- 1 root root 10558 Feb 21 17:46 _provider.cpython-311.pyc
-rw-r--r-- 1 root root   637 Feb 21 17:46 _registry.cpython-311.opt-1.pyc
-rw-r--r-- 1 root root   637 Feb 21 17:46 _registry.cpython-311.pyc
-rw-r--r-- 1 root root  5154 Feb 21 17:46 cache.cpython-311.opt-1.pyc
-rw-r--r-- 1 root root  5154 Feb 21 17:46 cache.cpython-311.pyc
-rw-r--r-- 1 root root 13771 Feb 21 17:46 provider.cpython-311.opt-1.pyc
-rw-r--r-- 1 root root 13771 Feb 21 17:46 provider.cpython-311.pyc
-rw-r--r-- 1 root root  3250 Feb 21 17:46 utils.cpython-311.opt-1.pyc
-rw-r--r-- 1 root root  3250 Feb 21 17:46 utils.cpython-311.pyc

/home/sektor/projects/slackbuilds/ap/yt-dlp/pkg/usr/lib/python3.11/site-packages/yt_dlp/extractor/youtube/pot/_builtin:
total 8
-rw-r--r-- 1 root root    0 Feb 21 17:46 __init__.py
drwxr-xr-x 1 root root  368 Feb 21 17:46 __pycache__
-rw-r--r-- 1 root root 2496 Feb 21 17:46 memory_cache.py
-rw-r--r-- 1 root root 1811 Feb 21 17:46 webpo_cachespec.py

/home/sektor/projects/slackbuilds/ap/yt-dlp/pkg/usr/lib/python3.11/site-packages/yt_dlp/extractor/youtube/pot/_builtin/__pycache__:
total 32
-rw-r--r-- 1 root root  192 Feb 21 17:46 __init__.cpython-311.opt-1.pyc
-rw-r--r-- 1 root root  192 Feb 21 17:46 __init__.cpython-311.pyc
-rw-r--r-- 1 root root 5380 Feb 21 17:46 memory_cache.cpython-311.opt-1.pyc
-rw-r--r-- 1 root root 5380 Feb 21 17:46 memory_cache.cpython-311.pyc
-rw-r--r-- 1 root root 2311 Feb 21 17:46 webpo_cachespec.cpython-311.opt-1.pyc
-rw-r--r-- 1 root root 2311 Feb 21 17:46 webpo_cachespec.cpython-311.pyc

/home/sektor/projects/slackbuilds/ap/yt-dlp/pkg/usr/lib/python3.11/site-packages/yt_dlp/networking:
total 116
-rw-r--r-- 1 root root   862 Feb 21 17:46 __init__.py
drwxr-xr-x 1 root root  1108 Feb 21 17:46 __pycache__
-rw-r--r-- 1 root root 13655 Feb 21 17:46 _curlcffi.py
-rw-r--r-- 1 root root 10019 Feb 21 17:46 _helper.py
-rw-r--r-- 1 root root 15694 Feb 21 17:46 _requests.py
-rw-r--r-- 1 root root 17128 Feb 21 17:46 _urllib.py
-rw-r--r-- 1 root root  7483 Feb 21 17:46 _websockets.py
-rw-r--r-- 1 root root 22886 Feb 21 17:46 common.py
-rw-r--r-- 1 root root  2846 Feb 21 17:46 exceptions.py
-rw-r--r-- 1 root root  6242 Feb 21 17:46 impersonate.py
-rw-r--r-- 1 root root   510 Feb 21 17:46 websocket.py

/home/sektor/projects/slackbuilds/ap/yt-dlp/pkg/usr/lib/python3.11/site-packages/yt_dlp/networking/__pycache__:
total 320
-rw-r--r-- 1 root root  1704 Feb 21 17:46 __init__.cpython-311.opt-1.pyc
-rw-r--r-- 1 root root  1704 Feb 21 17:46 __init__.cpython-311.pyc
-rw-r--r-- 1 root root 17697 Feb 21 17:46 _curlcffi.cpython-311.opt-1.pyc
-rw-r--r-- 1 root root 17697 Feb 21 17:46 _curlcffi.cpython-311.pyc
-rw-r--r-- 1 root root 13240 Feb 21 17:46 _helper.cpython-311.opt-1.pyc
-rw-r--r-- 1 root root 13240 Feb 21 17:46 _helper.cpython-311.pyc
-rw-r--r-- 1 root root 23284 Feb 21 17:46 _requests.cpython-311.opt-1.pyc
-rw-r--r-- 1 root root 23284 Feb 21 17:46 _requests.cpython-311.pyc
-rw-r--r-- 1 root root 24296 Feb 21 17:46 _urllib.cpython-311.opt-1.pyc
-rw-r--r-- 1 root root 24484 Feb 21 17:46 _urllib.cpython-311.pyc
-rw-r--r-- 1 root root 11035 Feb 21 17:46 _websockets.cpython-311.opt-1.pyc
-rw-r--r-- 1 root root 11035 Feb 21 17:46 _websockets.cpython-311.pyc
-rw-r--r-- 1 root root 32888 Feb 21 17:46 common.cpython-311.opt-1.pyc
-rw-r--r-- 1 root root 34608 Feb 21 17:46 common.cpython-311.pyc
-rw-r--r-- 1 root root  6505 Feb 21 17:46 exceptions.cpython-311.opt-1.pyc
-rw-r--r-- 1 root root  6505 Feb 21 17:46 exceptions.cpython-311.pyc
-rw-r--r-- 1 root root 10325 Feb 21 17:46 impersonate.cpython-311.opt-1.pyc
-rw-r--r-- 1 root root 10507 Feb 21 17:46 impersonate.cpython-311.pyc
-rw-r--r-- 1 root root  1356 Feb 21 17:46 websocket.cpython-311.opt-1.pyc
-rw-r--r-- 1 root root  1356 Feb 21 17:46 websocket.cpython-311.pyc

/home/sektor/projects/slackbuilds/ap/yt-dlp/pkg/usr/lib/python3.11/site-packages/yt_dlp/postprocessor:
total 124
-rw-r--r-- 1 root root  1921 Feb 21 17:46 __init__.py
drwxr-xr-x 1 root root  1192 Feb 21 17:46 __pycache__
-rw-r--r-- 1 root root  8424 Feb 21 17:46 common.py
-rw-r--r-- 1 root root 10530 Feb 21 17:46 embedthumbnail.py
-rw-r--r-- 1 root root  1542 Feb 21 17:46 exec.py
-rw-r--r-- 1 root root 48251 Feb 21 17:46 ffmpeg.py
-rw-r--r-- 1 root root  4551 Feb 21 17:46 metadataparser.py
-rw-r--r-- 1 root root 17827 Feb 21 17:46 modify_chapters.py
-rw-r--r-- 1 root root  1838 Feb 21 17:46 movefilesafterdownload.py
-rw-r--r-- 1 root root  4289 Feb 21 17:46 sponsorblock.py
-rw-r--r-- 1 root root  3305 Feb 21 17:46 xattrpp.py

/home/sektor/projects/slackbuilds/ap/yt-dlp/pkg/usr/lib/python3.11/site-packages/yt_dlp/postprocessor/__pycache__:
total 328
-rw-r--r-- 1 root root  3492 Feb 21 17:46 __init__.cpython-311.opt-1.pyc
-rw-r--r-- 1 root root  3492 Feb 21 17:46 __init__.cpython-311.pyc
-rw-r--r-- 1 root root 14474 Feb 21 17:46 common.cpython-311.opt-1.pyc
-rw-r--r-- 1 root root 14474 Feb 21 17:46 common.cpython-311.pyc
-rw-r--r-- 1 root root 13651 Feb 21 17:46 embedthumbnail.cpython-311.opt-1.pyc
-rw-r--r-- 1 root root 13651 Feb 21 17:46 embedthumbnail.cpython-311.pyc
-rw-r--r-- 1 root root  3012 Feb 21 17:46 exec.cpython-311.opt-1.pyc
-rw-r--r-- 1 root root  3012 Feb 21 17:46 exec.cpython-311.pyc
-rw-r--r-- 1 root root 75525 Feb 21 17:46 ffmpeg.cpython-311.opt-1.pyc
-rw-r--r-- 1 root root 75635 Feb 21 17:46 ffmpeg.cpython-311.pyc
-rw-r--r-- 1 root root  8970 Feb 21 17:46 metadataparser.cpython-311.opt-1.pyc
-rw-r--r-- 1 root root  9016 Feb 21 17:46 metadataparser.cpython-311.pyc
-rw-r--r-- 1 root root 19066 Feb 21 17:46 modify_chapters.cpython-311.opt-1.pyc
-rw-r--r-- 1 root root 19317 Feb 21 17:46 modify_chapters.cpython-311.pyc
-rw-r--r-- 1 root root  3573 Feb 21 17:46 movefilesafterdownload.cpython-311.opt-1.pyc
-rw-r--r-- 1 root root  3573 Feb 21 17:46 movefilesafterdownload.cpython-311.pyc
-rw-r--r-- 1 root root  6331 Feb 21 17:46 sponsorblock.cpython-311.opt-1.pyc
-rw-r--r-- 1 root root  6331 Feb 21 17:46 sponsorblock.cpython-311.pyc
-rw-r--r-- 1 root root  3975 Feb 21 17:46 xattrpp.cpython-311.opt-1.pyc
-rw-r--r-- 1 root root  3975 Feb 21 17:46 xattrpp.cpython-311.pyc

/home/sektor/projects/slackbuilds/ap/yt-dlp/pkg/usr/lib/python3.11/site-packages/yt_dlp/utils:
total 248
-rw-r--r-- 1 root root    283 Feb 21 17:46 __init__.py
drwxr-xr-x 1 root root    884 Feb 21 17:46 __pycache__
-rw-r--r-- 1 root root   1300 Feb 21 17:46 _deprecated.py
-rw-r--r-- 1 root root   4623 Feb 21 17:46 _jsruntime.py
-rw-r--r-- 1 root root   7858 Feb 21 17:46 _legacy.py
-rw-r--r-- 1 root root 191193 Feb 21 17:46 _utils.py
drwxr-xr-x 1 root root     64 Feb 21 17:46 jslib
-rw-r--r-- 1 root root   8651 Feb 21 17:46 networking.py
-rw-r--r-- 1 root root   3261 Feb 21 17:46 progress.py
-rw-r--r-- 1 root root  18265 Feb 21 17:46 traversal.py

/home/sektor/projects/slackbuilds/ap/yt-dlp/pkg/usr/lib/python3.11/site-packages/yt_dlp/utils/__pycache__:
total 764
-rw-r--r-- 1 root root    484 Feb 21 17:46 __init__.cpython-311.opt-1.pyc
-rw-r--r-- 1 root root    484 Feb 21 17:46 __init__.cpython-311.pyc
-rw-r--r-- 1 root root   2842 Feb 21 17:46 _deprecated.cpython-311.opt-1.pyc
-rw-r--r-- 1 root root   2842 Feb 21 17:46 _deprecated.cpython-311.pyc
-rw-r--r-- 1 root root   8288 Feb 21 17:46 _jsruntime.cpython-311.opt-1.pyc
-rw-r--r-- 1 root root   8288 Feb 21 17:46 _jsruntime.cpython-311.pyc
-rw-r--r-- 1 root root  12242 Feb 21 17:46 _legacy.cpython-311.opt-1.pyc
-rw-r--r-- 1 root root  12388 Feb 21 17:46 _legacy.cpython-311.pyc
-rw-r--r-- 1 root root 298992 Feb 21 17:46 _utils.cpython-311.opt-1.pyc
-rw-r--r-- 1 root root 300601 Feb 21 17:46 _utils.cpython-311.pyc
-rw-r--r-- 1 root root  15484 Feb 21 17:46 networking.cpython-311.opt-1.pyc
-rw-r--r-- 1 root root  15484 Feb 21 17:46 networking.cpython-311.pyc
-rw-r--r-- 1 root root   6145 Feb 21 17:46 progress.cpython-311.opt-1.pyc
-rw-r--r-- 1 root root   6145 Feb 21 17:46 progress.cpython-311.pyc
-rw-r--r-- 1 root root  27639 Feb 21 17:46 traversal.cpython-311.opt-1.pyc
-rw-r--r-- 1 root root  28869 Feb 21 17:46 traversal.cpython-311.pyc

/home/sektor/projects/slackbuilds/ap/yt-dlp/pkg/usr/lib/python3.11/site-packages/yt_dlp/utils/jslib:
total 12
-rw-r--r-- 1 root root   87 Feb 21 17:46 __init__.py
drwxr-xr-x 1 root root  212 Feb 21 17:46 __pycache__
-rw-r--r-- 1 root root 5583 Feb 21 17:46 devalue.py

/home/sektor/projects/slackbuilds/ap/yt-dlp/pkg/usr/lib/python3.11/site-packages/yt_dlp/utils/jslib/__pycache__:
total 24
-rw-r--r-- 1 root root  173 Feb 21 17:46 __init__.cpython-311.opt-1.pyc
-rw-r--r-- 1 root root  173 Feb 21 17:46 __init__.cpython-311.pyc
-rw-r--r-- 1 root root 7072 Feb 21 17:46 devalue.cpython-311.opt-1.pyc
-rw-r--r-- 1 root root 7072 Feb 21 17:46 devalue.cpython-311.pyc

/home/sektor/projects/slackbuilds/ap/yt-dlp/pkg/usr/lib/python3.11/site-packages/yt_dlp-2026.2.21.dist-info:
total 284
-rw-r--r-- 1 root root 181847 Feb 21 17:46 METADATA
-rw-r--r-- 1 root root  96662 Feb 21 17:46 RECORD
-rw-r--r-- 1 root root     87 Feb 21 17:46 WHEEL
-rw-r--r-- 1 root root    103 Feb 21 17:46 entry_points.txt
drwxr-xr-x 1 root root     14 Feb 21 17:46 licenses

/home/sektor/projects/slackbuilds/ap/yt-dlp/pkg/usr/lib/python3.11/site-packages/yt_dlp-2026.2.21.dist-info/licenses:
total 4
-rw-r--r-- 1 root root 1211 Feb 21 17:46 LICENSE

/home/sektor/projects/slackbuilds/ap/yt-dlp/pkg/usr/man:
total 0
drwxr-xr-x 1 root root 22 Feb 21 17:46 man1

/home/sektor/projects/slackbuilds/ap/yt-dlp/pkg/usr/man/man1:
total 44
-rw-r--r-- 1 root root 42997 Feb 21 17:46 yt-dlp.1.gz

/home/sektor/projects/slackbuilds/ap/yt-dlp/pkg/usr/src:
total 0
drwxr-xr-x 1 root root 16 Feb 21 17:46 yt-dlp-2026.02.21

/home/sektor/projects/slackbuilds/ap/yt-dlp/pkg/usr/src/yt-dlp-2026.02.21:
total 4
-rw-r--r-- 1 root root 1188 Feb 21 17:46 SLKBUILD

Slackware package maker, version 3.14159265.

Searching for symbolic links:

No symbolic links were found, so we won't make an installation script.
You can make your own later in ./install/doinst.sh and rebuild the
package if you like.

This next step is optional - you can set the directories in your package
to some sane permissions. If any of the directories in your package have
special permissions, then DO NOT reset them here!

Would you like to reset all directory permissions to 755 (drwxr-xr-x) and
directory ownerships to root:root ([y]es, [n]o)? n


Creating Slackware package:  /home/sektor/projects/slackbuilds/ap/yt-dlp/yt-dlp-2026.02.21-x86_64-1slint.txz

./
install/
install/slack-desc
usr/
usr/bin/
usr/bin/yt-dlp
usr/doc/
usr/doc/yt-dlp-2026.02.21/
usr/doc/yt-dlp-2026.02.21/CONTRIBUTING.md
usr/doc/yt-dlp-2026.02.21/Changelog.md
usr/doc/yt-dlp-2026.02.21/LICENSE
usr/doc/yt-dlp-2026.02.21/Maintainers.md
usr/doc/yt-dlp-2026.02.21/README.md
usr/doc/yt-dlp-2026.02.21/supportedsites.md
usr/lib/
usr/lib/python3.11/
usr/lib/python3.11/site-packages/
usr/lib/python3.11/site-packages/yt_dlp/
usr/lib/python3.11/site-packages/yt_dlp-2026.2.21.dist-info/
usr/lib/python3.11/site-packages/yt_dlp-2026.2.21.dist-info/METADATA
usr/lib/python3.11/site-packages/yt_dlp-2026.2.21.dist-info/RECORD
usr/lib/python3.11/site-packages/yt_dlp-2026.2.21.dist-info/WHEEL
usr/lib/python3.11/site-packages/yt_dlp-2026.2.21.dist-info/entry_points.txt
usr/lib/python3.11/site-packages/yt_dlp-2026.2.21.dist-info/licenses/
usr/lib/python3.11/site-packages/yt_dlp-2026.2.21.dist-info/licenses/LICENSE
usr/lib/python3.11/site-packages/yt_dlp/YoutubeDL.py
usr/lib/python3.11/site-packages/yt_dlp/__init__.py
usr/lib/python3.11/site-packages/yt_dlp/__main__.py
usr/lib/python3.11/site-packages/yt_dlp/__pycache__/
usr/lib/python3.11/site-packages/yt_dlp/__pycache__/YoutubeDL.cpython-311.opt-1.pyc
usr/lib/python3.11/site-packages/yt_dlp/__pycache__/YoutubeDL.cpython-311.pyc
usr/lib/python3.11/site-packages/yt_dlp/__pycache__/__init__.cpython-311.opt-1.pyc
usr/lib/python3.11/site-packages/yt_dlp/__pycache__/__init__.cpython-311.pyc
usr/lib/python3.11/site-packages/yt_dlp/__pycache__/__main__.cpython-311.opt-1.pyc
usr/lib/python3.11/site-packages/yt_dlp/__pycache__/__main__.cpython-311.pyc
usr/lib/python3.11/site-packages/yt_dlp/__pycache__/aes.cpython-311.opt-1.pyc
usr/lib/python3.11/site-packages/yt_dlp/__pycache__/aes.cpython-311.pyc
usr/lib/python3.11/site-packages/yt_dlp/__pycache__/cache.cpython-311.opt-1.pyc
usr/lib/python3.11/site-packages/yt_dlp/__pycache__/cache.cpython-311.pyc
usr/lib/python3.11/site-packages/yt_dlp/__pycache__/cookies.cpython-311.opt-1.pyc
usr/lib/python3.11/site-packages/yt_dlp/__pycache__/cookies.cpython-311.pyc
usr/lib/python3.11/site-packages/yt_dlp/__pycache__/globals.cpython-311.opt-1.pyc
usr/lib/python3.11/site-packages/yt_dlp/__pycache__/globals.cpython-311.pyc
usr/lib/python3.11/site-packages/yt_dlp/__pycache__/jsinterp.cpython-311.opt-1.pyc
usr/lib/python3.11/site-packages/yt_dlp/__pycache__/jsinterp.cpython-311.pyc
usr/lib/python3.11/site-packages/yt_dlp/__pycache__/minicurses.cpython-311.opt-1.pyc
usr/lib/python3.11/site-packages/yt_dlp/__pycache__/minicurses.cpython-311.pyc
usr/lib/python3.11/site-packages/yt_dlp/__pycache__/options.cpython-311.opt-1.pyc
usr/lib/python3.11/site-packages/yt_dlp/__pycache__/options.cpython-311.pyc
usr/lib/python3.11/site-packages/yt_dlp/__pycache__/plugins.cpython-311.opt-1.pyc
usr/lib/python3.11/site-packages/yt_dlp/__pycache__/plugins.cpython-311.pyc
usr/lib/python3.11/site-packages/yt_dlp/__pycache__/socks.cpython-311.opt-1.pyc
usr/lib/python3.11/site-packages/yt_dlp/__pycache__/socks.cpython-311.pyc
usr/lib/python3.11/site-packages/yt_dlp/__pycache__/update.cpython-311.opt-1.pyc
usr/lib/python3.11/site-packages/yt_dlp/__pycache__/update.cpython-311.pyc
usr/lib/python3.11/site-packages/yt_dlp/__pycache__/version.cpython-311.opt-1.pyc
usr/lib/python3.11/site-packages/yt_dlp/__pycache__/version.cpython-311.pyc
usr/lib/python3.11/site-packages/yt_dlp/__pycache__/webvtt.cpython-311.opt-1.pyc
usr/lib/python3.11/site-packages/yt_dlp/__pycache__/webvtt.cpython-311.pyc
usr/lib/python3.11/site-packages/yt_dlp/__pyinstaller/
usr/lib/python3.11/site-packages/yt_dlp/__pyinstaller/__init__.py
usr/lib/python3.11/site-packages/yt_dlp/__pyinstaller/__pycache__/
usr/lib/python3.11/site-packages/yt_dlp/__pyinstaller/__pycache__/__init__.cpython-311.opt-1.pyc
usr/lib/python3.11/site-packages/yt_dlp/__pyinstaller/__pycache__/__init__.cpython-311.pyc
usr/lib/python3.11/site-packages/yt_dlp/__pyinstaller/__pycache__/hook-yt_dlp.cpython-311.opt-1.pyc
usr/lib/python3.11/site-packages/yt_dlp/__pyinstaller/__pycache__/hook-yt_dlp.cpython-311.pyc
usr/lib/python3.11/site-packages/yt_dlp/__pyinstaller/hook-yt_dlp.py
usr/lib/python3.11/site-packages/yt_dlp/aes.py
usr/lib/python3.11/site-packages/yt_dlp/cache.py
usr/lib/python3.11/site-packages/yt_dlp/compat/
usr/lib/python3.11/site-packages/yt_dlp/compat/__init__.py
usr/lib/python3.11/site-packages/yt_dlp/compat/__pycache__/
usr/lib/python3.11/site-packages/yt_dlp/compat/__pycache__/__init__.cpython-311.opt-1.pyc
usr/lib/python3.11/site-packages/yt_dlp/compat/__pycache__/__init__.cpython-311.pyc
usr/lib/python3.11/site-packages/yt_dlp/compat/__pycache__/_deprecated.cpython-311.opt-1.pyc
usr/lib/python3.11/site-packages/yt_dlp/compat/__pycache__/_deprecated.cpython-311.pyc
usr/lib/python3.11/site-packages/yt_dlp/compat/__pycache__/_legacy.cpython-311.opt-1.pyc
usr/lib/python3.11/site-packages/yt_dlp/compat/__pycache__/_legacy.cpython-311.pyc
usr/lib/python3.11/site-packages/yt_dlp/compat/__pycache__/compat_utils.cpython-311.opt-1.pyc
usr/lib/python3.11/site-packages/yt_dlp/compat/__pycache__/compat_utils.cpython-311.pyc
usr/lib/python3.11/site-packages/yt_dlp/compat/__pycache__/imghdr.cpython-311.opt-1.pyc
usr/lib/python3.11/site-packages/yt_dlp/compat/__pycache__/imghdr.cpython-311.pyc
usr/lib/python3.11/site-packages/yt_dlp/compat/__pycache__/shutil.cpython-311.opt-1.pyc
usr/lib/python3.11/site-packages/yt_dlp/compat/__pycache__/shutil.cpython-311.pyc
usr/lib/python3.11/site-packages/yt_dlp/compat/_deprecated.py
usr/lib/python3.11/site-packages/yt_dlp/compat/_legacy.py
usr/lib/python3.11/site-packages/yt_dlp/compat/compat_utils.py
usr/lib/python3.11/site-packages/yt_dlp/compat/imghdr.py
usr/lib/python3.11/site-packages/yt_dlp/compat/shutil.py
usr/lib/python3.11/site-packages/yt_dlp/compat/urllib/
usr/lib/python3.11/site-packages/yt_dlp/compat/urllib/__init__.py
usr/lib/python3.11/site-packages/yt_dlp/compat/urllib/__pycache__/
usr/lib/python3.11/site-packages/yt_dlp/compat/urllib/__pycache__/__init__.cpython-311.opt-1.pyc
usr/lib/python3.11/site-packages/yt_dlp/compat/urllib/__pycache__/__init__.cpython-311.pyc
usr/lib/python3.11/site-packages/yt_dlp/compat/urllib/__pycache__/request.cpython-311.opt-1.pyc
usr/lib/python3.11/site-packages/yt_dlp/compat/urllib/__pycache__/request.cpython-311.pyc
usr/lib/python3.11/site-packages/yt_dlp/compat/urllib/request.py
usr/lib/python3.11/site-packages/yt_dlp/cookies.py
usr/lib/python3.11/site-packages/yt_dlp/dependencies/
usr/lib/python3.11/site-packages/yt_dlp/dependencies/Cryptodome.py
usr/lib/python3.11/site-packages/yt_dlp/dependencies/__init__.py
usr/lib/python3.11/site-packages/yt_dlp/dependencies/__pycache__/
usr/lib/python3.11/site-packages/yt_dlp/dependencies/__pycache__/Cryptodome.cpython-311.opt-1.pyc
usr/lib/python3.11/site-packages/yt_dlp/dependencies/__pycache__/Cryptodome.cpython-311.pyc
usr/lib/python3.11/site-packages/yt_dlp/dependencies/__pycache__/__init__.cpython-311.opt-1.pyc
usr/lib/python3.11/site-packages/yt_dlp/dependencies/__pycache__/__init__.cpython-311.pyc
usr/lib/python3.11/site-packages/yt_dlp/downloader/
usr/lib/python3.11/site-packages/yt_dlp/downloader/__init__.py
usr/lib/python3.11/site-packages/yt_dlp/downloader/__pycache__/
usr/lib/python3.11/site-packages/yt_dlp/downloader/__pycache__/__init__.cpython-311.opt-1.pyc
usr/lib/python3.11/site-packages/yt_dlp/downloader/__pycache__/__init__.cpython-311.pyc
usr/lib/python3.11/site-packages/yt_dlp/downloader/__pycache__/bunnycdn.cpython-311.opt-1.pyc
usr/lib/python3.11/site-packages/yt_dlp/downloader/__pycache__/bunnycdn.cpython-311.pyc
usr/lib/python3.11/site-packages/yt_dlp/downloader/__pycache__/common.cpython-311.opt-1.pyc
usr/lib/python3.11/site-packages/yt_dlp/downloader/__pycache__/common.cpython-311.pyc
usr/lib/python3.11/site-packages/yt_dlp/downloader/__pycache__/dash.cpython-311.opt-1.pyc
usr/lib/python3.11/site-packages/yt_dlp/downloader/__pycache__/dash.cpython-311.pyc
usr/lib/python3.11/site-packages/yt_dlp/downloader/__pycache__/external.cpython-311.opt-1.pyc
usr/lib/python3.11/site-packages/yt_dlp/downloader/__pycache__/external.cpython-311.pyc
usr/lib/python3.11/site-packages/yt_dlp/downloader/__pycache__/f4m.cpython-311.opt-1.pyc
usr/lib/python3.11/site-packages/yt_dlp/downloader/__pycache__/f4m.cpython-311.pyc
usr/lib/python3.11/site-packages/yt_dlp/downloader/__pycache__/fc2.cpython-311.opt-1.pyc
usr/lib/python3.11/site-packages/yt_dlp/downloader/__pycache__/fc2.cpython-311.pyc
usr/lib/python3.11/site-packages/yt_dlp/downloader/__pycache__/fragment.cpython-311.opt-1.pyc
usr/lib/python3.11/site-packages/yt_dlp/downloader/__pycache__/fragment.cpython-311.pyc
usr/lib/python3.11/site-packages/yt_dlp/downloader/__pycache__/hls.cpython-311.opt-1.pyc
usr/lib/python3.11/site-packages/yt_dlp/downloader/__pycache__/hls.cpython-311.pyc
usr/lib/python3.11/site-packages/yt_dlp/downloader/__pycache__/http.cpython-311.opt-1.pyc
usr/lib/python3.11/site-packages/yt_dlp/downloader/__pycache__/http.cpython-311.pyc
usr/lib/python3.11/site-packages/yt_dlp/downloader/__pycache__/ism.cpython-311.opt-1.pyc
usr/lib/python3.11/site-packages/yt_dlp/downloader/__pycache__/ism.cpython-311.pyc
usr/lib/python3.11/site-packages/yt_dlp/downloader/__pycache__/mhtml.cpython-311.opt-1.pyc
usr/lib/python3.11/site-packages/yt_dlp/downloader/__pycache__/mhtml.cpython-311.pyc
usr/lib/python3.11/site-packages/yt_dlp/downloader/__pycache__/niconico.cpython-311.opt-1.pyc
usr/lib/python3.11/site-packages/yt_dlp/downloader/__pycache__/niconico.cpython-311.pyc
usr/lib/python3.11/site-packages/yt_dlp/downloader/__pycache__/rtmp.cpython-311.opt-1.pyc
usr/lib/python3.11/site-packages/yt_dlp/downloader/__pycache__/rtmp.cpython-311.pyc
usr/lib/python3.11/site-packages/yt_dlp/downloader/__pycache__/rtsp.cpython-311.opt-1.pyc
usr/lib/python3.11/site-packages/yt_dlp/downloader/__pycache__/rtsp.cpython-311.pyc
usr/lib/python3.11/site-packages/yt_dlp/downloader/__pycache__/soop.cpython-311.opt-1.pyc
usr/lib/python3.11/site-packages/yt_dlp/downloader/__pycache__/soop.cpython-311.pyc
usr/lib/python3.11/site-packages/yt_dlp/downloader/__pycache__/websocket.cpython-311.opt-1.pyc
usr/lib/python3.11/site-packages/yt_dlp/downloader/__pycache__/websocket.cpython-311.pyc
usr/lib/python3.11/site-packages/yt_dlp/downloader/__pycache__/youtube_live_chat.cpython-311.opt-1.pyc
usr/lib/python3.11/site-packages/yt_dlp/downloader/__pycache__/youtube_live_chat.cpython-311.pyc
usr/lib/python3.11/site-packages/yt_dlp/downloader/bunnycdn.py
usr/lib/python3.11/site-packages/yt_dlp/downloader/common.py
usr/lib/python3.11/site-packages/yt_dlp/downloader/dash.py
usr/lib/python3.11/site-packages/yt_dlp/downloader/external.py
usr/lib/python3.11/site-packages/yt_dlp/downloader/f4m.py
usr/lib/python3.11/site-packages/yt_dlp/downloader/fc2.py
usr/lib/python3.11/site-packages/yt_dlp/downloader/fragment.py
usr/lib/python3.11/site-packages/yt_dlp/downloader/hls.py
usr/lib/python3.11/site-packages/yt_dlp/downloader/http.py
usr/lib/python3.11/site-packages/yt_dlp/downloader/ism.py
usr/lib/python3.11/site-packages/yt_dlp/downloader/mhtml.py
usr/lib/python3.11/site-packages/yt_dlp/downloader/niconico.py
usr/lib/python3.11/site-packages/yt_dlp/downloader/rtmp.py
usr/lib/python3.11/site-packages/yt_dlp/downloader/rtsp.py
usr/lib/python3.11/site-packages/yt_dlp/downloader/soop.py
usr/lib/python3.11/site-packages/yt_dlp/downloader/websocket.py
usr/lib/python3.11/site-packages/yt_dlp/downloader/youtube_live_chat.py
usr/lib/python3.11/site-packages/yt_dlp/extractor/
usr/lib/python3.11/site-packages/yt_dlp/extractor/__init__.py
usr/lib/python3.11/site-packages/yt_dlp/extractor/__pycache__/
usr/lib/python3.11/site-packages/yt_dlp/extractor/__pycache__/__init__.cpython-311.opt-1.pyc
usr/lib/python3.11/site-packages/yt_dlp/extractor/__pycache__/__init__.cpython-311.pyc
usr/lib/python3.11/site-packages/yt_dlp/extractor/__pycache__/_extractors.cpython-311.opt-1.pyc
usr/lib/python3.11/site-packages/yt_dlp/extractor/__pycache__/_extractors.cpython-311.pyc
usr/lib/python3.11/site-packages/yt_dlp/extractor/__pycache__/abc.cpython-311.opt-1.pyc
usr/lib/python3.11/site-packages/yt_dlp/extractor/__pycache__/abc.cpython-311.pyc
usr/lib/python3.11/site-packages/yt_dlp/extractor/__pycache__/abcnews.cpython-311.opt-1.pyc
usr/lib/python3.11/site-packages/yt_dlp/extractor/__pycache__/abcnews.cpython-311.pyc
usr/lib/python3.11/site-packages/yt_dlp/extractor/__pycache__/abcotvs.cpython-311.opt-1.pyc
usr/lib/python3.11/site-packages/yt_dlp/extractor/__pycache__/abcotvs.cpython-311.pyc
usr/lib/python3.11/site-packages/yt_dlp/extractor/__pycache__/abematv.cpython-311.opt-1.pyc
usr/lib/python3.11/site-packages/yt_dlp/extractor/__pycache__/abematv.cpython-311.pyc
usr/lib/python3.11/site-packages/yt_dlp/extractor/__pycache__/academicearth.cpython-311.opt-1.pyc
usr/lib/python3.11/site-packages/yt_dlp/extractor/__pycache__/academicearth.cpython-311.pyc
usr/lib/python3.11/site-packages/yt_dlp/extractor/__pycache__/acast.cpython-311.opt-1.pyc
usr/lib/python3.11/site-packages/yt_dlp/extractor/__pycache__/acast.cpython-311.pyc
usr/lib/python3.11/site-packages/yt_dlp/extractor/__pycache__/acfun.cpython-311.opt-1.pyc
usr/lib/python3.11/site-packages/yt_dlp/extractor/__pycache__/acfun.cpython-311.pyc
usr/lib/python3.11/site-packages/yt_dlp/extractor/__pycache__/adn.cpython-311.opt-1.pyc
usr/lib/python3.11/site-packages/yt_dlp/extractor/__pycache__/adn.cpython-311.pyc
usr/lib/python3.11/site-packages/yt_dlp/extractor/__pycache__/adobeconnect.cpython-311.opt-1.pyc
usr/lib/python3.11/site-packages/yt_dlp/extractor/__pycache__/adobeconnect.cpython-311.pyc
usr/lib/python3.11/site-packages/yt_dlp/extractor/__pycache__/adobepass.cpython-311.opt-1.pyc
usr/lib/python3.11/site-packages/yt_dlp/extractor/__pycache__/adobepass.cpython-311.pyc
usr/lib/python3.11/site-packages/yt_dlp/extractor/__pycache__/adobetv.cpython-311.opt-1.pyc
usr/lib/python3.11/site-packages/yt_dlp/extractor/__pycache__/adobetv.cpython-311.pyc
usr/lib/python3.11/site-packages/yt_dlp/extractor/__pycache__/adultswim.cpython-311.opt-1.pyc
usr/lib/python3.11/site-packages/yt_dlp/extractor/__pycache__/adultswim.cpython-311.pyc
usr/lib/python3.11/site-packages/yt_dlp/extractor/__pycache__/aenetworks.cpython-311.opt-1.pyc
usr/lib/python3.11/site-packages/yt_dlp/extractor/__pycache__/aenetworks.cpython-311.pyc
usr/lib/python3.11/site-packages/yt_dlp/extractor/__pycache__/aeonco.cpython-311.opt-1.pyc
usr/lib/python3.11/site-packages/yt_dlp/extractor/__pycache__/aeonco.cpython-311.pyc
usr/lib/python3.11/site-packages/yt_dlp/extractor/__pycache__/afreecatv.cpython-311.opt-1.pyc
usr/lib/python3.11/site-packages/yt_dlp/extractor/__pycache__/afreecatv.cpython-311.pyc
usr/lib/python3.11/site-packages/yt_dlp/extractor/__pycache__/agalega.cpython-311.opt-1.pyc
usr/lib/python3.11/site-packages/yt_dlp/extractor/__pycache__/agalega.cpython-311.pyc
usr/lib/python3.11/site-packages/yt_dlp/extractor/__pycache__/agora.cpython-311.opt-1.pyc
usr/lib/python3.11/site-packages/yt_dlp/extractor/__pycache__/agora.cpython-311.pyc
usr/lib/python3.11/site-packages/yt_dlp/extractor/__pycache__/airtv.cpython-311.opt-1.pyc
usr/lib/python3.11/site-packages/yt_dlp/extractor/__pycache__/airtv.cpython-311.pyc
usr/lib/python3.11/site-packages/yt_dlp/extractor/__pycache__/aitube.cpython-311.opt-1.pyc
usr/lib/python3.11/site-packages/yt_dlp/extractor/__pycache__/aitube.cpython-311.pyc
usr/lib/python3.11/site-packages/yt_dlp/extractor/__pycache__/alibaba.cpython-311.opt-1.pyc
usr/lib/python3.11/site-packages/yt_dlp/extractor/__pycache__/alibaba.cpython-311.pyc
usr/lib/python3.11/site-packages/yt_dlp/extractor/__pycache__/aliexpress.cpython-311.opt-1.pyc
usr/lib/python3.11/site-packages/yt_dlp/extractor/__pycache__/aliexpress.cpython-311.pyc
usr/lib/python3.11/site-packages/yt_dlp/extractor/__pycache__/aljazeera.cpython-311.opt-1.pyc
usr/lib/python3.11/site-packages/yt_dlp/extractor/__pycache__/aljazeera.cpython-311.pyc
usr/lib/python3.11/site-packages/yt_dlp/extractor/__pycache__/allocine.cpython-311.opt-1.pyc
usr/lib/python3.11/site-packages/yt_dlp/extractor/__pycache__/allocine.cpython-311.pyc
usr/lib/python3.11/site-packages/yt_dlp/extractor/__pycache__/allstar.cpython-311.opt-1.pyc
usr/lib/python3.11/site-packages/yt_dlp/extractor/__pycache__/allstar.cpython-311.pyc
usr/lib/python3.11/site-packages/yt_dlp/extractor/__pycache__/alphaporno.cpython-311.opt-1.pyc
usr/lib/python3.11/site-packages/yt_dlp/extractor/__pycache__/alphaporno.cpython-311.pyc
usr/lib/python3.11/site-packages/yt_dlp/extractor/__pycache__/alsace20tv.cpython-311.opt-1.pyc
usr/lib/python3.11/site-packages/yt_dlp/extractor/__pycache__/alsace20tv.cpython-311.pyc
usr/lib/python3.11/site-packages/yt_dlp/extractor/__pycache__/altcensored.cpython-311.opt-1.pyc
usr/lib/python3.11/site-packages/yt_dlp/extractor/__pycache__/altcensored.cpython-311.pyc
usr/lib/python3.11/site-packages/yt_dlp/extractor/__pycache__/alura.cpython-311.opt-1.pyc
usr/lib/python3.11/site-packages/yt_dlp/extractor/__pycache__/alura.cpython-311.pyc
usr/lib/python3.11/site-packages/yt_dlp/extractor/__pycache__/amadeustv.cpython-311.opt-1.pyc
usr/lib/python3.11/site-packages/yt_dlp/extractor/__pycache__/amadeustv.cpython-311.pyc
usr/lib/python3.11/site-packages/yt_dlp/extractor/__pycache__/amara.cpython-311.opt-1.pyc
usr/lib/python3.11/site-packages/yt_dlp/extractor/__pycache__/amara.cpython-311.pyc
usr/lib/python3.11/site-packages/yt_dlp/extractor/__pycache__/amazon.cpython-311.opt-1.pyc
usr/lib/python3.11/site-packages/yt_dlp/extractor/__pycache__/amazon.cpython-311.pyc
usr/lib/python3.11/site-packages/yt_dlp/extractor/__pycache__/amazonminitv.cpython-311.opt-1.pyc
usr/lib/python3.11/site-packages/yt_dlp/extractor/__pycache__/amazonminitv.cpython-311.pyc
usr/lib/python3.11/site-packages/yt_dlp/extractor/__pycache__/amcnetworks.cpython-311.opt-1.pyc
usr/lib/python3.11/site-packages/yt_dlp/extractor/__pycache__/amcnetworks.cpython-311.pyc
usr/lib/python3.11/site-packages/yt_dlp/extractor/__pycache__/americastestkitchen.cpython-311.opt-1.pyc
usr/lib/python3.11/site-packages/yt_dlp/extractor/__pycache__/americastestkitchen.cpython-311.pyc
usr/lib/python3.11/site-packages/yt_dlp/extractor/__pycache__/amp.cpython-311.opt-1.pyc
usr/lib/python3.11/site-packages/yt_dlp/extractor/__pycache__/amp.cpython-311.pyc
usr/lib/python3.11/site-packages/yt_dlp/extractor/__pycache__/anchorfm.cpython-311.opt-1.pyc
usr/lib/python3.11/site-packages/yt_dlp/extractor/__pycache__/anchorfm.cpython-311.pyc
usr/lib/python3.11/site-packages/yt_dlp/extractor/__pycache__/angel.cpython-311.opt-1.pyc
usr/lib/python3.11/site-packages/yt_dlp/extractor/__pycache__/angel.cpython-311.pyc
usr/lib/python3.11/site-packages/yt_dlp/extractor/__pycache__/antenna.cpython-311.opt-1.pyc
usr/lib/python3.11/site-packages/yt_dlp/extractor/__pycache__/antenna.cpython-311.pyc
usr/lib/python3.11/site-packages/yt_dlp/extractor/__pycache__/anvato.cpython-311.opt-1.pyc
usr/lib/python3.11/site-packages/yt_dlp/extractor/__pycache__/anvato.cpython-311.pyc
usr/lib/python3.11/site-packages/yt_dlp/extractor/__pycache__/aol.cpython-311.opt-1.pyc
usr/lib/python3.11/site-packages/yt_dlp/extractor/__pycache__/aol.cpython-311.pyc
usr/lib/python3.11/site-packages/yt_dlp/extractor/__pycache__/apa.cpython-311.opt-1.pyc
usr/lib/python3.11/site-packages/yt_dlp/extractor/__pycache__/apa.cpython-311.pyc
usr/lib/python3.11/site-packages/yt_dlp/extractor/__pycache__/aparat.cpython-311.opt-1.pyc
usr/lib/python3.11/site-packages/yt_dlp/extractor/__pycache__/aparat.cpython-311.pyc
usr/lib/python3.11/site-packages/yt_dlp/extractor/__pycache__/appleconnect.cpython-311.opt-1.pyc
usr/lib/python3.11/site-packages/yt_dlp/extractor/__pycache__/appleconnect.cpython-311.pyc
usr/lib/python3.11/site-packages/yt_dlp/extractor/__pycache__/applepodcasts.cpython-311.opt-1.pyc
usr/lib/python3.11/site-packages/yt_dlp/extractor/__pycache__/applepodcasts.cpython-311.pyc
usr/lib/python3.11/site-packages/yt_dlp/extractor/__pycache__/appletrailers.cpython-311.opt-1.pyc
usr/lib/python3.11/site-packages/yt_dlp/extractor/__pycache__/appletrailers.cpython-311.pyc
usr/lib/python3.11/site-packages/yt_dlp/extractor/__pycache__/archiveorg.cpython-311.opt-1.pyc
usr/lib/python3.11/site-packages/yt_dlp/extractor/__pycache__/archiveorg.cpython-311.pyc
usr/lib/python3.11/site-packages/yt_dlp/extractor/__pycache__/arcpublishing.cpython-311.opt-1.pyc
usr/lib/python3.11/site-packages/yt_dlp/extractor/__pycache__/arcpublishing.cpython-311.pyc
usr/lib/python3.11/site-packages/yt_dlp/extractor/__pycache__/ard.cpython-311.opt-1.pyc
usr/lib/python3.11/site-packages/yt_dlp/extractor/__pycache__/ard.cpython-311.pyc
usr/lib/python3.11/site-packages/yt_dlp/extractor/__pycache__/arnes.cpython-311.opt-1.pyc
usr/lib/python3.11/site-packages/yt_dlp/extractor/__pycache__/arnes.cpython-311.pyc
usr/lib/python3.11/site-packages/yt_dlp/extractor/__pycache__/art19.cpython-311.opt-1.pyc
usr/lib/python3.11/site-packages/yt_dlp/extractor/__pycache__/art19.cpython-311.pyc
usr/lib/python3.11/site-packages/yt_dlp/extractor/__pycache__/arte.cpython-311.opt-1.pyc
usr/lib/python3.11/site-packages/yt_dlp/extractor/__pycache__/arte.cpython-311.pyc
usr/lib/python3.11/site-packages/yt_dlp/extractor/__pycache__/asobichannel.cpython-311.opt-1.pyc
usr/lib/python3.11/site-packages/yt_dlp/extractor/__pycache__/asobichannel.cpython-311.pyc
usr/lib/python3.11/site-packages/yt_dlp/extractor/__pycache__/asobistage.cpython-311.opt-1.pyc
usr/lib/python3.11/site-packages/yt_dlp/extractor/__pycache__/asobistage.cpython-311.pyc
usr/lib/python3.11/site-packages/yt_dlp/extractor/__pycache__/atresplayer.cpython-311.opt-1.pyc
usr/lib/python3.11/site-packages/yt_dlp/extractor/__pycache__/atresplayer.cpython-311.pyc
usr/lib/python3.11/site-packages/yt_dlp/extractor/__pycache__/atscaleconf.cpython-311.opt-1.pyc
usr/lib/python3.11/site-packages/yt_dlp/extractor/__pycache__/atscaleconf.cpython-311.pyc
usr/lib/python3.11/site-packages/yt_dlp/extractor/__pycache__/atvat.cpython-311.opt-1.pyc
usr/lib/python3.11/site-packages/yt_dlp/extractor/__pycache__/atvat.cpython-311.pyc
usr/lib/python3.11/site-packages/yt_dlp/extractor/__pycache__/audimedia.cpython-311.opt-1.pyc
usr/lib/python3.11/site-packages/yt_dlp/extractor/__pycache__/audimedia.cpython-311.pyc
usr/lib/python3.11/site-packages/yt_dlp/extractor/__pycache__/audioboom.cpython-311.opt-1.pyc
usr/lib/python3.11/site-packages/yt_dlp/extractor/__pycache__/audioboom.cpython-311.pyc
usr/lib/python3.11/site-packages/yt_dlp/extractor/__pycache__/audiodraft.cpython-311.opt-1.pyc
usr/lib/python3.11/site-packages/yt_dlp/extractor/__pycache__/audiodraft.cpython-311.pyc
usr/lib/python3.11/site-packages/yt_dlp/extractor/__pycache__/audiomack.cpython-311.opt-1.pyc
usr/lib/python3.11/site-packages/yt_dlp/extractor/__pycache__/audiomack.cpython-311.pyc
usr/lib/python3.11/site-packages/yt_dlp/extractor/__pycache__/audius.cpython-311.opt-1.pyc
usr/lib/python3.11/site-packages/yt_dlp/extractor/__pycache__/audius.cpython-311.pyc
usr/lib/python3.11/site-packages/yt_dlp/extractor/__pycache__/awaan.cpython-311.opt-1.pyc
usr/lib/python3.11/site-packages/yt_dlp/extractor/__pycache__/awaan.cpython-311.pyc
usr/lib/python3.11/site-packages/yt_dlp/extractor/__pycache__/aws.cpython-311.opt-1.pyc
usr/lib/python3.11/site-packages/yt_dlp/extractor/__pycache__/aws.cpython-311.pyc
usr/lib/python3.11/site-packages/yt_dlp/extractor/__pycache__/axs.cpython-311.opt-1.pyc
usr/lib/python3.11/site-packages/yt_dlp/extractor/__pycache__/axs.cpython-311.pyc
usr/lib/python3.11/site-packages/yt_dlp/extractor/__pycache__/azmedien.cpython-311.opt-1.pyc
usr/lib/python3.11/site-packages/yt_dlp/extractor/__pycache__/azmedien.cpython-311.pyc
usr/lib/python3.11/site-packages/yt_dlp/extractor/__pycache__/baidu.cpython-311.opt-1.pyc
usr/lib/python3.11/site-packages/yt_dlp/extractor/__pycache__/baidu.cpython-311.pyc
usr/lib/python3.11/site-packages/yt_dlp/extractor/__pycache__/banbye.cpython-311.opt-1.pyc
usr/lib/python3.11/site-packages/yt_dlp/extractor/__pycache__/banbye.cpython-311.pyc
usr/lib/python3.11/site-packages/yt_dlp/extractor/__pycache__/bandcamp.cpython-311.opt-1.pyc
usr/lib/python3.11/site-packages/yt_dlp/extractor/__pycache__/bandcamp.cpython-311.pyc
usr/lib/python3.11/site-packages/yt_dlp/extractor/__pycache__/bandlab.cpython-311.opt-1.pyc
usr/lib/python3.11/site-packages/yt_dlp/extractor/__pycache__/bandlab.cpython-311.pyc
usr/lib/python3.11/site-packages/yt_dlp/extractor/__pycache__/bannedvideo.cpython-311.opt-1.pyc
usr/lib/python3.11/site-packages/yt_dlp/extractor/__pycache__/bannedvideo.cpython-311.pyc
usr/lib/python3.11/site-packages/yt_dlp/extractor/__pycache__/bbc.cpython-311.opt-1.pyc
usr/lib/python3.11/site-packages/yt_dlp/extractor/__pycache__/bbc.cpython-311.pyc
usr/lib/python3.11/site-packages/yt_dlp/extractor/__pycache__/beacon.cpython-311.opt-1.pyc
usr/lib/python3.11/site-packages/yt_dlp/extractor/__pycache__/beacon.cpython-311.pyc
usr/lib/python3.11/site-packages/yt_dlp/extractor/__pycache__/beatbump.cpython-311.opt-1.pyc
usr/lib/python3.11/site-packages/yt_dlp/extractor/__pycache__/beatbump.cpython-311.pyc
usr/lib/python3.11/site-packages/yt_dlp/extractor/__pycache__/beatport.cpython-311.opt-1.pyc
usr/lib/python3.11/site-packages/yt_dlp/extractor/__pycache__/beatport.cpython-311.pyc
usr/lib/python3.11/site-packages/yt_dlp/extractor/__pycache__/beeg.cpython-311.opt-1.pyc
usr/lib/python3.11/site-packages/yt_dlp/extractor/__pycache__/beeg.cpython-311.pyc
usr/lib/python3.11/site-packages/yt_dlp/extractor/__pycache__/behindkink.cpython-311.opt-1.pyc
usr/lib/python3.11/site-packages/yt_dlp/extractor/__pycache__/behindkink.cpython-311.pyc
usr/lib/python3.11/site-packages/yt_dlp/extractor/__pycache__/berufetv.cpython-311.opt-1.pyc
usr/lib/python3.11/site-packages/yt_dlp/extractor/__pycache__/berufetv.cpython-311.pyc
usr/lib/python3.11/site-packages/yt_dlp/extractor/__pycache__/bet.cpython-311.opt-1.pyc
usr/lib/python3.11/site-packages/yt_dlp/extractor/__pycache__/bet.cpython-311.pyc
usr/lib/python3.11/site-packages/yt_dlp/extractor/__pycache__/bfi.cpython-311.opt-1.pyc
usr/lib/python3.11/site-packages/yt_dlp/extractor/__pycache__/bfi.cpython-311.pyc
usr/lib/python3.11/site-packages/yt_dlp/extractor/__pycache__/bfmtv.cpython-311.opt-1.pyc
usr/lib/python3.11/site-packages/yt_dlp/extractor/__pycache__/bfmtv.cpython-311.pyc
usr/lib/python3.11/site-packages/yt_dlp/extractor/__pycache__/bibeltv.cpython-311.opt-1.pyc
usr/lib/python3.11/site-packages/yt_dlp/extractor/__pycache__/bibeltv.cpython-311.pyc
usr/lib/python3.11/site-packages/yt_dlp/extractor/__pycache__/bigflix.cpython-311.opt-1.pyc
usr/lib/python3.11/site-packages/yt_dlp/extractor/__pycache__/bigflix.cpython-311.pyc
usr/lib/python3.11/site-packages/yt_dlp/extractor/__pycache__/bigo.cpython-311.opt-1.pyc
usr/lib/python3.11/site-packages/yt_dlp/extractor/__pycache__/bigo.cpython-311.pyc
usr/lib/python3.11/site-packages/yt_dlp/extractor/__pycache__/bild.cpython-311.opt-1.pyc
usr/lib/python3.11/site-packages/yt_dlp/extractor/__pycache__/bild.cpython-311.pyc
usr/lib/python3.11/site-packages/yt_dlp/extractor/__pycache__/bilibili.cpython-311.opt-1.pyc
usr/lib/python3.11/site-packages/yt_dlp/extractor/__pycache__/bilibili.cpython-311.pyc
usr/lib/python3.11/site-packages/yt_dlp/extractor/__pycache__/biobiochiletv.cpython-311.opt-1.pyc
usr/lib/python3.11/site-packages/yt_dlp/extractor/__pycache__/biobiochiletv.cpython-311.pyc
usr/lib/python3.11/site-packages/yt_dlp/extractor/__pycache__/bitchute.cpython-311.opt-1.pyc
usr/lib/python3.11/site-packages/yt_dlp/extractor/__pycache__/bitchute.cpython-311.pyc
usr/lib/python3.11/site-packages/yt_dlp/extractor/__pycache__/bitmovin.cpython-311.opt-1.pyc
usr/lib/python3.11/site-packages/yt_dlp/extractor/__pycache__/bitmovin.cpython-311.pyc
usr/lib/python3.11/site-packages/yt_dlp/extractor/__pycache__/blackboardcollaborate.cpython-311.opt-1.pyc
usr/lib/python3.11/site-packages/yt_dlp/extractor/__pycache__/blackboardcollaborate.cpython-311.pyc
usr/lib/python3.11/site-packages/yt_dlp/extractor/__pycache__/bleacherreport.cpython-311.opt-1.pyc
usr/lib/python3.11/site-packages/yt_dlp/extractor/__pycache__/bleacherreport.cpython-311.pyc
usr/lib/python3.11/site-packages/yt_dlp/extractor/__pycache__/blerp.cpython-311.opt-1.pyc
usr/lib/python3.11/site-packages/yt_dlp/extractor/__pycache__/blerp.cpython-311.pyc
usr/lib/python3.11/site-packages/yt_dlp/extractor/__pycache__/blogger.cpython-311.opt-1.pyc
usr/lib/python3.11/site-packages/yt_dlp/extractor/__pycache__/blogger.cpython-311.pyc
usr/lib/python3.11/site-packages/yt_dlp/extractor/__pycache__/bloomberg.cpython-311.opt-1.pyc
usr/lib/python3.11/site-packages/yt_dlp/extractor/__pycache__/bloomberg.cpython-311.pyc
usr/lib/python3.11/site-packages/yt_dlp/extractor/__pycache__/bluesky.cpython-311.opt-1.pyc
usr/lib/python3.11/site-packages/yt_dlp/extractor/__pycache__/bluesky.cpython-311.pyc
usr/lib/python3.11/site-packages/yt_dlp/extractor/__pycache__/bokecc.cpython-311.opt-1.pyc
usr/lib/python3.11/site-packages/yt_dlp/extractor/__pycache__/bokecc.cpython-311.pyc
usr/lib/python3.11/site-packages/yt_dlp/extractor/__pycache__/bongacams.cpython-311.opt-1.pyc
usr/lib/python3.11/site-packages/yt_dlp/extractor/__pycache__/bongacams.cpython-311.pyc
usr/lib/python3.11/site-packages/yt_dlp/extractor/__pycache__/boosty.cpython-311.opt-1.pyc
usr/lib/python3.11/site-packages/yt_dlp/extractor/__pycache__/boosty.cpython-311.pyc
usr/lib/python3.11/site-packages/yt_dlp/extractor/__pycache__/bostonglobe.cpython-311.opt-1.pyc
usr/lib/python3.11/site-packages/yt_dlp/extractor/__pycache__/bostonglobe.cpython-311.pyc
usr/lib/python3.11/site-packages/yt_dlp/extractor/__pycache__/box.cpython-311.opt-1.pyc
usr/lib/python3.11/site-packages/yt_dlp/extractor/__pycache__/box.cpython-311.pyc
usr/lib/python3.11/site-packages/yt_dlp/extractor/__pycache__/boxcast.cpython-311.opt-1.pyc
usr/lib/python3.11/site-packages/yt_dlp/extractor/__pycache__/boxcast.cpython-311.pyc
usr/lib/python3.11/site-packages/yt_dlp/extractor/__pycache__/bpb.cpython-311.opt-1.pyc
usr/lib/python3.11/site-packages/yt_dlp/extractor/__pycache__/bpb.cpython-311.pyc
usr/lib/python3.11/site-packages/yt_dlp/extractor/__pycache__/br.cpython-311.opt-1.pyc
usr/lib/python3.11/site-packages/yt_dlp/extractor/__pycache__/br.cpython-311.pyc
usr/lib/python3.11/site-packages/yt_dlp/extractor/__pycache__/brainpop.cpython-311.opt-1.pyc
usr/lib/python3.11/site-packages/yt_dlp/extractor/__pycache__/brainpop.cpython-311.pyc
usr/lib/python3.11/site-packages/yt_dlp/extractor/__pycache__/breitbart.cpython-311.opt-1.pyc
usr/lib/python3.11/site-packages/yt_dlp/extractor/__pycache__/breitbart.cpython-311.pyc
usr/lib/python3.11/site-packages/yt_dlp/extractor/__pycache__/brightcove.cpython-311.opt-1.pyc
usr/lib/python3.11/site-packages/yt_dlp/extractor/__pycache__/brightcove.cpython-311.pyc
usr/lib/python3.11/site-packages/yt_dlp/extractor/__pycache__/brilliantpala.cpython-311.opt-1.pyc
usr/lib/python3.11/site-packages/yt_dlp/extractor/__pycache__/brilliantpala.cpython-311.pyc
usr/lib/python3.11/site-packages/yt_dlp/extractor/__pycache__/btvplus.cpython-311.opt-1.pyc
usr/lib/python3.11/site-packages/yt_dlp/extractor/__pycache__/btvplus.cpython-311.pyc
usr/lib/python3.11/site-packages/yt_dlp/extractor/__pycache__/bundesliga.cpython-311.opt-1.pyc
usr/lib/python3.11/site-packages/yt_dlp/extractor/__pycache__/bundesliga.cpython-311.pyc
usr/lib/python3.11/site-packages/yt_dlp/extractor/__pycache__/bundestag.cpython-311.opt-1.pyc
usr/lib/python3.11/site-packages/yt_dlp/extractor/__pycache__/bundestag.cpython-311.pyc
usr/lib/python3.11/site-packages/yt_dlp/extractor/__pycache__/bunnycdn.cpython-311.opt-1.pyc
usr/lib/python3.11/site-packages/yt_dlp/extractor/__pycache__/bunnycdn.cpython-311.pyc
usr/lib/python3.11/site-packages/yt_dlp/extractor/__pycache__/businessinsider.cpython-311.opt-1.pyc
usr/lib/python3.11/site-packages/yt_dlp/extractor/__pycache__/businessinsider.cpython-311.pyc
usr/lib/python3.11/site-packages/yt_dlp/extractor/__pycache__/buzzfeed.cpython-311.opt-1.pyc
usr/lib/python3.11/site-packages/yt_dlp/extractor/__pycache__/buzzfeed.cpython-311.pyc
usr/lib/python3.11/site-packages/yt_dlp/extractor/__pycache__/byutv.cpython-311.opt-1.pyc
usr/lib/python3.11/site-packages/yt_dlp/extractor/__pycache__/byutv.cpython-311.pyc
usr/lib/python3.11/site-packages/yt_dlp/extractor/__pycache__/c56.cpython-311.opt-1.pyc
usr/lib/python3.11/site-packages/yt_dlp/extractor/__pycache__/c56.cpython-311.pyc
usr/lib/python3.11/site-packages/yt_dlp/extractor/__pycache__/caffeinetv.cpython-311.opt-1.pyc
usr/lib/python3.11/site-packages/yt_dlp/extractor/__pycache__/caffeinetv.cpython-311.pyc
usr/lib/python3.11/site-packages/yt_dlp/extractor/__pycache__/callin.cpython-311.opt-1.pyc
usr/lib/python3.11/site-packages/yt_dlp/extractor/__pycache__/callin.cpython-311.pyc
usr/lib/python3.11/site-packages/yt_dlp/extractor/__pycache__/caltrans.cpython-311.opt-1.pyc
usr/lib/python3.11/site-packages/yt_dlp/extractor/__pycache__/caltrans.cpython-311.pyc
usr/lib/python3.11/site-packages/yt_dlp/extractor/__pycache__/cam4.cpython-311.opt-1.pyc
usr/lib/python3.11/site-packages/yt_dlp/extractor/__pycache__/cam4.cpython-311.pyc
usr/lib/python3.11/site-packages/yt_dlp/extractor/__pycache__/camdemy.cpython-311.opt-1.pyc
usr/lib/python3.11/site-packages/yt_dlp/extractor/__pycache__/camdemy.cpython-311.pyc
usr/lib/python3.11/site-packages/yt_dlp/extractor/__pycache__/camfm.cpython-311.opt-1.pyc
usr/lib/python3.11/site-packages/yt_dlp/extractor/__pycache__/camfm.cpython-311.pyc
usr/lib/python3.11/site-packages/yt_dlp/extractor/__pycache__/cammodels.cpython-311.opt-1.pyc
usr/lib/python3.11/site-packages/yt_dlp/extractor/__pycache__/cammodels.cpython-311.pyc
usr/lib/python3.11/site-packages/yt_dlp/extractor/__pycache__/camsoda.cpython-311.opt-1.pyc
usr/lib/python3.11/site-packages/yt_dlp/extractor/__pycache__/camsoda.cpython-311.pyc
usr/lib/python3.11/site-packages/yt_dlp/extractor/__pycache__/camtasia.cpython-311.opt-1.pyc
usr/lib/python3.11/site-packages/yt_dlp/extractor/__pycache__/camtasia.cpython-311.pyc
usr/lib/python3.11/site-packages/yt_dlp/extractor/__pycache__/canal1.cpython-311.opt-1.pyc
usr/lib/python3.11/site-packages/yt_dlp/extractor/__pycache__/canal1.cpython-311.pyc
usr/lib/python3.11/site-packages/yt_dlp/extractor/__pycache__/canalalpha.cpython-311.opt-1.pyc
usr/lib/python3.11/site-packages/yt_dlp/extractor/__pycache__/canalalpha.cpython-311.pyc
usr/lib/python3.11/site-packages/yt_dlp/extractor/__pycache__/canalc2.cpython-311.opt-1.pyc
usr/lib/python3.11/site-packages/yt_dlp/extractor/__pycache__/canalc2.cpython-311.pyc
usr/lib/python3.11/site-packages/yt_dlp/extractor/__pycache__/canalplus.cpython-311.opt-1.pyc
usr/lib/python3.11/site-packages/yt_dlp/extractor/__pycache__/canalplus.cpython-311.pyc
usr/lib/python3.11/site-packages/yt_dlp/extractor/__pycache__/canalsurmas.cpython-311.opt-1.pyc
usr/lib/python3.11/site-packages/yt_dlp/extractor/__pycache__/canalsurmas.cpython-311.pyc
usr/lib/python3.11/site-packages/yt_dlp/extractor/__pycache__/caracoltv.cpython-311.opt-1.pyc
usr/lib/python3.11/site-packages/yt_dlp/extractor/__pycache__/caracoltv.cpython-311.pyc
usr/lib/python3.11/site-packages/yt_dlp/extractor/__pycache__/cbc.cpython-311.opt-1.pyc
usr/lib/python3.11/site-packages/yt_dlp/extractor/__pycache__/cbc.cpython-311.pyc
usr/lib/python3.11/site-packages/yt_dlp/extractor/__pycache__/cbs.cpython-311.opt-1.pyc
usr/lib/python3.11/site-packages/yt_dlp/extractor/__pycache__/cbs.cpython-311.pyc
usr/lib/python3.11/site-packages/yt_dlp/extractor/__pycache__/cbsnews.cpython-311.opt-1.pyc
usr/lib/python3.11/site-packages/yt_dlp/extractor/__pycache__/cbsnews.cpython-311.pyc
usr/lib/python3.11/site-packages/yt_dlp/extractor/__pycache__/cbssports.cpython-311.opt-1.pyc
usr/lib/python3.11/site-packages/yt_dlp/extractor/__pycache__/cbssports.cpython-311.pyc
usr/lib/python3.11/site-packages/yt_dlp/extractor/__pycache__/ccc.cpython-311.opt-1.pyc
usr/lib/python3.11/site-packages/yt_dlp/extractor/__pycache__/ccc.cpython-311.pyc
usr/lib/python3.11/site-packages/yt_dlp/extractor/__pycache__/ccma.cpython-311.opt-1.pyc
usr/lib/python3.11/site-packages/yt_dlp/extractor/__pycache__/ccma.cpython-311.pyc
usr/lib/python3.11/site-packages/yt_dlp/extractor/__pycache__/cctv.cpython-311.opt-1.pyc
usr/lib/python3.11/site-packages/yt_dlp/extractor/__pycache__/cctv.cpython-311.pyc
usr/lib/python3.11/site-packages/yt_dlp/extractor/__pycache__/cda.cpython-311.opt-1.pyc
usr/lib/python3.11/site-packages/yt_dlp/extractor/__pycache__/cda.cpython-311.pyc
usr/lib/python3.11/site-packages/yt_dlp/extractor/__pycache__/cellebrite.cpython-311.opt-1.pyc
usr/lib/python3.11/site-packages/yt_dlp/extractor/__pycache__/cellebrite.cpython-311.pyc
usr/lib/python3.11/site-packages/yt_dlp/extractor/__pycache__/ceskatelevize.cpython-311.opt-1.pyc
usr/lib/python3.11/site-packages/yt_dlp/extractor/__pycache__/ceskatelevize.cpython-311.pyc
usr/lib/python3.11/site-packages/yt_dlp/extractor/__pycache__/cgtn.cpython-311.opt-1.pyc
usr/lib/python3.11/site-packages/yt_dlp/extractor/__pycache__/cgtn.cpython-311.pyc
usr/lib/python3.11/site-packages/yt_dlp/extractor/__pycache__/charlierose.cpython-311.opt-1.pyc
usr/lib/python3.11/site-packages/yt_dlp/extractor/__pycache__/charlierose.cpython-311.pyc
usr/lib/python3.11/site-packages/yt_dlp/extractor/__pycache__/chaturbate.cpython-311.opt-1.pyc
usr/lib/python3.11/site-packages/yt_dlp/extractor/__pycache__/chaturbate.cpython-311.pyc
usr/lib/python3.11/site-packages/yt_dlp/extractor/__pycache__/chilloutzone.cpython-311.opt-1.pyc
usr/lib/python3.11/site-packages/yt_dlp/extractor/__pycache__/chilloutzone.cpython-311.pyc
usr/lib/python3.11/site-packages/yt_dlp/extractor/__pycache__/chzzk.cpython-311.opt-1.pyc
usr/lib/python3.11/site-packages/yt_dlp/extractor/__pycache__/chzzk.cpython-311.pyc
usr/lib/python3.11/site-packages/yt_dlp/extractor/__pycache__/cinemax.cpython-311.opt-1.pyc
usr/lib/python3.11/site-packages/yt_dlp/extractor/__pycache__/cinemax.cpython-311.pyc
usr/lib/python3.11/site-packages/yt_dlp/extractor/__pycache__/cinetecamilano.cpython-311.opt-1.pyc
usr/lib/python3.11/site-packages/yt_dlp/extractor/__pycache__/cinetecamilano.cpython-311.pyc
usr/lib/python3.11/site-packages/yt_dlp/extractor/__pycache__/cineverse.cpython-311.opt-1.pyc
usr/lib/python3.11/site-packages/yt_dlp/extractor/__pycache__/cineverse.cpython-311.pyc
usr/lib/python3.11/site-packages/yt_dlp/extractor/__pycache__/ciscolive.cpython-311.opt-1.pyc
usr/lib/python3.11/site-packages/yt_dlp/extractor/__pycache__/ciscolive.cpython-311.pyc
usr/lib/python3.11/site-packages/yt_dlp/extractor/__pycache__/ciscowebex.cpython-311.opt-1.pyc
usr/lib/python3.11/site-packages/yt_dlp/extractor/__pycache__/ciscowebex.cpython-311.pyc
usr/lib/python3.11/site-packages/yt_dlp/extractor/__pycache__/cjsw.cpython-311.opt-1.pyc
usr/lib/python3.11/site-packages/yt_dlp/extractor/__pycache__/cjsw.cpython-311.pyc
usr/lib/python3.11/site-packages/yt_dlp/extractor/__pycache__/clipchamp.cpython-311.opt-1.pyc
usr/lib/python3.11/site-packages/yt_dlp/extractor/__pycache__/clipchamp.cpython-311.pyc
usr/lib/python3.11/site-packages/yt_dlp/extractor/__pycache__/clippit.cpython-311.opt-1.pyc
usr/lib/python3.11/site-packages/yt_dlp/extractor/__pycache__/clippit.cpython-311.pyc
usr/lib/python3.11/site-packages/yt_dlp/extractor/__pycache__/cliprs.cpython-311.opt-1.pyc
usr/lib/python3.11/site-packages/yt_dlp/extractor/__pycache__/cliprs.cpython-311.pyc
usr/lib/python3.11/site-packages/yt_dlp/extractor/__pycache__/closertotruth.cpython-311.opt-1.pyc
usr/lib/python3.11/site-packages/yt_dlp/extractor/__pycache__/closertotruth.cpython-311.pyc
usr/lib/python3.11/site-packages/yt_dlp/extractor/__pycache__/cloudflarestream.cpython-311.opt-1.pyc
usr/lib/python3.11/site-packages/yt_dlp/extractor/__pycache__/cloudflarestream.cpython-311.pyc
usr/lib/python3.11/site-packages/yt_dlp/extractor/__pycache__/cloudycdn.cpython-311.opt-1.pyc
usr/lib/python3.11/site-packages/yt_dlp/extractor/__pycache__/cloudycdn.cpython-311.pyc
usr/lib/python3.11/site-packages/yt_dlp/extractor/__pycache__/clubic.cpython-311.opt-1.pyc
usr/lib/python3.11/site-packages/yt_dlp/extractor/__pycache__/clubic.cpython-311.pyc
usr/lib/python3.11/site-packages/yt_dlp/extractor/__pycache__/clyp.cpython-311.opt-1.pyc
usr/lib/python3.11/site-packages/yt_dlp/extractor/__pycache__/clyp.cpython-311.pyc
usr/lib/python3.11/site-packages/yt_dlp/extractor/__pycache__/cnbc.cpython-311.opt-1.pyc
usr/lib/python3.11/site-packages/yt_dlp/extractor/__pycache__/cnbc.cpython-311.pyc
usr/lib/python3.11/site-packages/yt_dlp/extractor/__pycache__/cnn.cpython-311.opt-1.pyc
usr/lib/python3.11/site-packages/yt_dlp/extractor/__pycache__/cnn.cpython-311.pyc
usr/lib/python3.11/site-packages/yt_dlp/extractor/__pycache__/comedycentral.cpython-311.opt-1.pyc
usr/lib/python3.11/site-packages/yt_dlp/extractor/__pycache__/comedycentral.cpython-311.pyc
usr/lib/python3.11/site-packages/yt_dlp/extractor/__pycache__/common.cpython-311.opt-1.pyc
usr/lib/python3.11/site-packages/yt_dlp/extractor/__pycache__/common.cpython-311.pyc
usr/lib/python3.11/site-packages/yt_dlp/extractor/__pycache__/commonmistakes.cpython-311.opt-1.pyc
usr/lib/python3.11/site-packages/yt_dlp/extractor/__pycache__/commonmistakes.cpython-311.pyc
usr/lib/python3.11/site-packages/yt_dlp/extractor/__pycache__/commonprotocols.cpython-311.opt-1.pyc
usr/lib/python3.11/site-packages/yt_dlp/extractor/__pycache__/commonprotocols.cpython-311.pyc
usr/lib/python3.11/site-packages/yt_dlp/extractor/__pycache__/condenast.cpython-311.opt-1.pyc
usr/lib/python3.11/site-packages/yt_dlp/extractor/__pycache__/condenast.cpython-311.pyc
usr/lib/python3.11/site-packages/yt_dlp/extractor/__pycache__/contv.cpython-311.opt-1.pyc
usr/lib/python3.11/site-packages/yt_dlp/extractor/__pycache__/contv.cpython-311.pyc
usr/lib/python3.11/site-packages/yt_dlp/extractor/__pycache__/corus.cpython-311.opt-1.pyc
usr/lib/python3.11/site-packages/yt_dlp/extractor/__pycache__/corus.cpython-311.pyc
usr/lib/python3.11/site-packages/yt_dlp/extractor/__pycache__/coub.cpython-311.opt-1.pyc
usr/lib/python3.11/site-packages/yt_dlp/extractor/__pycache__/coub.cpython-311.pyc
usr/lib/python3.11/site-packages/yt_dlp/extractor/__pycache__/cozytv.cpython-311.opt-1.pyc
usr/lib/python3.11/site-packages/yt_dlp/extractor/__pycache__/cozytv.cpython-311.pyc
usr/lib/python3.11/site-packages/yt_dlp/extractor/__pycache__/cpac.cpython-311.opt-1.pyc
usr/lib/python3.11/site-packages/yt_dlp/extractor/__pycache__/cpac.cpython-311.pyc
usr/lib/python3.11/site-packages/yt_dlp/extractor/__pycache__/cracked.cpython-311.opt-1.pyc
usr/lib/python3.11/site-packages/yt_dlp/extractor/__pycache__/cracked.cpython-311.pyc
usr/lib/python3.11/site-packages/yt_dlp/extractor/__pycache__/craftsy.cpython-311.opt-1.pyc
usr/lib/python3.11/site-packages/yt_dlp/extractor/__pycache__/craftsy.cpython-311.pyc
usr/lib/python3.11/site-packages/yt_dlp/extractor/__pycache__/croatianfilm.cpython-311.opt-1.pyc
usr/lib/python3.11/site-packages/yt_dlp/extractor/__pycache__/croatianfilm.cpython-311.pyc
usr/lib/python3.11/site-packages/yt_dlp/extractor/__pycache__/crooksandliars.cpython-311.opt-1.pyc
usr/lib/python3.11/site-packages/yt_dlp/extractor/__pycache__/crooksandliars.cpython-311.pyc
usr/lib/python3.11/site-packages/yt_dlp/extractor/__pycache__/crowdbunker.cpython-311.opt-1.pyc
usr/lib/python3.11/site-packages/yt_dlp/extractor/__pycache__/crowdbunker.cpython-311.pyc
usr/lib/python3.11/site-packages/yt_dlp/extractor/__pycache__/crtvg.cpython-311.opt-1.pyc
usr/lib/python3.11/site-packages/yt_dlp/extractor/__pycache__/crtvg.cpython-311.pyc
usr/lib/python3.11/site-packages/yt_dlp/extractor/__pycache__/cspan.cpython-311.opt-1.pyc
usr/lib/python3.11/site-packages/yt_dlp/extractor/__pycache__/cspan.cpython-311.pyc
usr/lib/python3.11/site-packages/yt_dlp/extractor/__pycache__/ctsnews.cpython-311.opt-1.pyc
usr/lib/python3.11/site-packages/yt_dlp/extractor/__pycache__/ctsnews.cpython-311.pyc
usr/lib/python3.11/site-packages/yt_dlp/extractor/__pycache__/ctvnews.cpython-311.opt-1.pyc
usr/lib/python3.11/site-packages/yt_dlp/extractor/__pycache__/ctvnews.cpython-311.pyc
usr/lib/python3.11/site-packages/yt_dlp/extractor/__pycache__/cultureunplugged.cpython-311.opt-1.pyc
usr/lib/python3.11/site-packages/yt_dlp/extractor/__pycache__/cultureunplugged.cpython-311.pyc
usr/lib/python3.11/site-packages/yt_dlp/extractor/__pycache__/curiositystream.cpython-311.opt-1.pyc
usr/lib/python3.11/site-packages/yt_dlp/extractor/__pycache__/curiositystream.cpython-311.pyc
usr/lib/python3.11/site-packages/yt_dlp/extractor/__pycache__/cybrary.cpython-311.opt-1.pyc
usr/lib/python3.11/site-packages/yt_dlp/extractor/__pycache__/cybrary.cpython-311.pyc
usr/lib/python3.11/site-packages/yt_dlp/extractor/__pycache__/dacast.cpython-311.opt-1.pyc
usr/lib/python3.11/site-packages/yt_dlp/extractor/__pycache__/dacast.cpython-311.pyc
usr/lib/python3.11/site-packages/yt_dlp/extractor/__pycache__/dailymail.cpython-311.opt-1.pyc
usr/lib/python3.11/site-packages/yt_dlp/extractor/__pycache__/dailymail.cpython-311.pyc
usr/lib/python3.11/site-packages/yt_dlp/extractor/__pycache__/dailymotion.cpython-311.opt-1.pyc
usr/lib/python3.11/site-packages/yt_dlp/extractor/__pycache__/dailymotion.cpython-311.pyc
usr/lib/python3.11/site-packages/yt_dlp/extractor/__pycache__/dailywire.cpython-311.opt-1.pyc
usr/lib/python3.11/site-packages/yt_dlp/extractor/__pycache__/dailywire.cpython-311.pyc
usr/lib/python3.11/site-packages/yt_dlp/extractor/__pycache__/damtomo.cpython-311.opt-1.pyc
usr/lib/python3.11/site-packages/yt_dlp/extractor/__pycache__/damtomo.cpython-311.pyc
usr/lib/python3.11/site-packages/yt_dlp/extractor/__pycache__/dangalplay.cpython-311.opt-1.pyc
usr/lib/python3.11/site-packages/yt_dlp/extractor/__pycache__/dangalplay.cpython-311.pyc
usr/lib/python3.11/site-packages/yt_dlp/extractor/__pycache__/daum.cpython-311.opt-1.pyc
usr/lib/python3.11/site-packages/yt_dlp/extractor/__pycache__/daum.cpython-311.pyc
usr/lib/python3.11/site-packages/yt_dlp/extractor/__pycache__/daystar.cpython-311.opt-1.pyc
usr/lib/python3.11/site-packages/yt_dlp/extractor/__pycache__/daystar.cpython-311.pyc
usr/lib/python3.11/site-packages/yt_dlp/extractor/__pycache__/dbtv.cpython-311.opt-1.pyc
usr/lib/python3.11/site-packages/yt_dlp/extractor/__pycache__/dbtv.cpython-311.pyc
usr/lib/python3.11/site-packages/yt_dlp/extractor/__pycache__/dctp.cpython-311.opt-1.pyc
usr/lib/python3.11/site-packages/yt_dlp/extractor/__pycache__/dctp.cpython-311.pyc
usr/lib/python3.11/site-packages/yt_dlp/extractor/__pycache__/democracynow.cpython-311.opt-1.pyc
usr/lib/python3.11/site-packages/yt_dlp/extractor/__pycache__/democracynow.cpython-311.pyc
usr/lib/python3.11/site-packages/yt_dlp/extractor/__pycache__/detik.cpython-311.opt-1.pyc
usr/lib/python3.11/site-packages/yt_dlp/extractor/__pycache__/detik.cpython-311.pyc
usr/lib/python3.11/site-packages/yt_dlp/extractor/__pycache__/deuxm.cpython-311.opt-1.pyc
usr/lib/python3.11/site-packages/yt_dlp/extractor/__pycache__/deuxm.cpython-311.pyc
usr/lib/python3.11/site-packages/yt_dlp/extractor/__pycache__/dfb.cpython-311.opt-1.pyc
usr/lib/python3.11/site-packages/yt_dlp/extractor/__pycache__/dfb.cpython-311.pyc
usr/lib/python3.11/site-packages/yt_dlp/extractor/__pycache__/dhm.cpython-311.opt-1.pyc
usr/lib/python3.11/site-packages/yt_dlp/extractor/__pycache__/dhm.cpython-311.pyc
usr/lib/python3.11/site-packages/yt_dlp/extractor/__pycache__/digitalconcerthall.cpython-311.opt-1.pyc
usr/lib/python3.11/site-packages/yt_dlp/extractor/__pycache__/digitalconcerthall.cpython-311.pyc
usr/lib/python3.11/site-packages/yt_dlp/extractor/__pycache__/digiteka.cpython-311.opt-1.pyc
usr/lib/python3.11/site-packages/yt_dlp/extractor/__pycache__/digiteka.cpython-311.pyc
usr/lib/python3.11/site-packages/yt_dlp/extractor/__pycache__/digiview.cpython-311.opt-1.pyc
usr/lib/python3.11/site-packages/yt_dlp/extractor/__pycache__/digiview.cpython-311.pyc
usr/lib/python3.11/site-packages/yt_dlp/extractor/__pycache__/discogs.cpython-311.opt-1.pyc
usr/lib/python3.11/site-packages/yt_dlp/extractor/__pycache__/discogs.cpython-311.pyc
usr/lib/python3.11/site-packages/yt_dlp/extractor/__pycache__/disney.cpython-311.opt-1.pyc
usr/lib/python3.11/site-packages/yt_dlp/extractor/__pycache__/disney.cpython-311.pyc
usr/lib/python3.11/site-packages/yt_dlp/extractor/__pycache__/dispeak.cpython-311.opt-1.pyc
usr/lib/python3.11/site-packages/yt_dlp/extractor/__pycache__/dispeak.cpython-311.pyc
usr/lib/python3.11/site-packages/yt_dlp/extractor/__pycache__/dlf.cpython-311.opt-1.pyc
usr/lib/python3.11/site-packages/yt_dlp/extractor/__pycache__/dlf.cpython-311.pyc
usr/lib/python3.11/site-packages/yt_dlp/extractor/__pycache__/dlive.cpython-311.opt-1.pyc
usr/lib/python3.11/site-packages/yt_dlp/extractor/__pycache__/dlive.cpython-311.pyc
usr/lib/python3.11/site-packages/yt_dlp/extractor/__pycache__/douyutv.cpython-311.opt-1.pyc
usr/lib/python3.11/site-packages/yt_dlp/extractor/__pycache__/douyutv.cpython-311.pyc
usr/lib/python3.11/site-packages/yt_dlp/extractor/__pycache__/dplay.cpython-311.opt-1.pyc
usr/lib/python3.11/site-packages/yt_dlp/extractor/__pycache__/dplay.cpython-311.pyc
usr/lib/python3.11/site-packages/yt_dlp/extractor/__pycache__/drbonanza.cpython-311.opt-1.pyc
usr/lib/python3.11/site-packages/yt_dlp/extractor/__pycache__/drbonanza.cpython-311.pyc
usr/lib/python3.11/site-packages/yt_dlp/extractor/__pycache__/dreisat.cpython-311.opt-1.pyc
usr/lib/python3.11/site-packages/yt_dlp/extractor/__pycache__/dreisat.cpython-311.pyc
usr/lib/python3.11/site-packages/yt_dlp/extractor/__pycache__/drooble.cpython-311.opt-1.pyc
usr/lib/python3.11/site-packages/yt_dlp/extractor/__pycache__/drooble.cpython-311.pyc
usr/lib/python3.11/site-packages/yt_dlp/extractor/__pycache__/dropbox.cpython-311.opt-1.pyc
usr/lib/python3.11/site-packages/yt_dlp/extractor/__pycache__/dropbox.cpython-311.pyc
usr/lib/python3.11/site-packages/yt_dlp/extractor/__pycache__/dropout.cpython-311.opt-1.pyc
usr/lib/python3.11/site-packages/yt_dlp/extractor/__pycache__/dropout.cpython-311.pyc
usr/lib/python3.11/site-packages/yt_dlp/extractor/__pycache__/drtalks.cpython-311.opt-1.pyc
usr/lib/python3.11/site-packages/yt_dlp/extractor/__pycache__/drtalks.cpython-311.pyc
usr/lib/python3.11/site-packages/yt_dlp/extractor/__pycache__/drtuber.cpython-311.opt-1.pyc
usr/lib/python3.11/site-packages/yt_dlp/extractor/__pycache__/drtuber.cpython-311.pyc
usr/lib/python3.11/site-packages/yt_dlp/extractor/__pycache__/drtv.cpython-311.opt-1.pyc
usr/lib/python3.11/site-packages/yt_dlp/extractor/__pycache__/drtv.cpython-311.pyc
usr/lib/python3.11/site-packages/yt_dlp/extractor/__pycache__/dtube.cpython-311.opt-1.pyc
usr/lib/python3.11/site-packages/yt_dlp/extractor/__pycache__/dtube.cpython-311.pyc
usr/lib/python3.11/site-packages/yt_dlp/extractor/__pycache__/duboku.cpython-311.opt-1.pyc
usr/lib/python3.11/site-packages/yt_dlp/extractor/__pycache__/duboku.cpython-311.pyc
usr/lib/python3.11/site-packages/yt_dlp/extractor/__pycache__/dumpert.cpython-311.opt-1.pyc
usr/lib/python3.11/site-packages/yt_dlp/extractor/__pycache__/dumpert.cpython-311.pyc
usr/lib/python3.11/site-packages/yt_dlp/extractor/__pycache__/duoplay.cpython-311.opt-1.pyc
usr/lib/python3.11/site-packages/yt_dlp/extractor/__pycache__/duoplay.cpython-311.pyc
usr/lib/python3.11/site-packages/yt_dlp/extractor/__pycache__/dvtv.cpython-311.opt-1.pyc
usr/lib/python3.11/site-packages/yt_dlp/extractor/__pycache__/dvtv.cpython-311.pyc
usr/lib/python3.11/site-packages/yt_dlp/extractor/__pycache__/dw.cpython-311.opt-1.pyc
usr/lib/python3.11/site-packages/yt_dlp/extractor/__pycache__/dw.cpython-311.pyc
usr/lib/python3.11/site-packages/yt_dlp/extractor/__pycache__/ebaumsworld.cpython-311.opt-1.pyc
usr/lib/python3.11/site-packages/yt_dlp/extractor/__pycache__/ebaumsworld.cpython-311.pyc
usr/lib/python3.11/site-packages/yt_dlp/extractor/__pycache__/ebay.cpython-311.opt-1.pyc
usr/lib/python3.11/site-packages/yt_dlp/extractor/__pycache__/ebay.cpython-311.pyc
usr/lib/python3.11/site-packages/yt_dlp/extractor/__pycache__/egghead.cpython-311.opt-1.pyc
usr/lib/python3.11/site-packages/yt_dlp/extractor/__pycache__/egghead.cpython-311.pyc
usr/lib/python3.11/site-packages/yt_dlp/extractor/__pycache__/eggs.cpython-311.opt-1.pyc
usr/lib/python3.11/site-packages/yt_dlp/extractor/__pycache__/eggs.cpython-311.pyc
usr/lib/python3.11/site-packages/yt_dlp/extractor/__pycache__/eighttracks.cpython-311.opt-1.pyc
usr/lib/python3.11/site-packages/yt_dlp/extractor/__pycache__/eighttracks.cpython-311.pyc
usr/lib/python3.11/site-packages/yt_dlp/extractor/__pycache__/eitb.cpython-311.opt-1.pyc
usr/lib/python3.11/site-packages/yt_dlp/extractor/__pycache__/eitb.cpython-311.pyc
usr/lib/python3.11/site-packages/yt_dlp/extractor/__pycache__/elementorembed.cpython-311.opt-1.pyc
usr/lib/python3.11/site-packages/yt_dlp/extractor/__pycache__/elementorembed.cpython-311.pyc
usr/lib/python3.11/site-packages/yt_dlp/extractor/__pycache__/elonet.cpython-311.opt-1.pyc
usr/lib/python3.11/site-packages/yt_dlp/extractor/__pycache__/elonet.cpython-311.pyc
usr/lib/python3.11/site-packages/yt_dlp/extractor/__pycache__/elpais.cpython-311.opt-1.pyc
usr/lib/python3.11/site-packages/yt_dlp/extractor/__pycache__/elpais.cpython-311.pyc
usr/lib/python3.11/site-packages/yt_dlp/extractor/__pycache__/eltrecetv.cpython-311.opt-1.pyc
usr/lib/python3.11/site-packages/yt_dlp/extractor/__pycache__/eltrecetv.cpython-311.pyc
usr/lib/python3.11/site-packages/yt_dlp/extractor/__pycache__/embedly.cpython-311.opt-1.pyc
usr/lib/python3.11/site-packages/yt_dlp/extractor/__pycache__/embedly.cpython-311.pyc
usr/lib/python3.11/site-packages/yt_dlp/extractor/__pycache__/epicon.cpython-311.opt-1.pyc
usr/lib/python3.11/site-packages/yt_dlp/extractor/__pycache__/epicon.cpython-311.pyc
usr/lib/python3.11/site-packages/yt_dlp/extractor/__pycache__/epidemicsound.cpython-311.opt-1.pyc
usr/lib/python3.11/site-packages/yt_dlp/extractor/__pycache__/epidemicsound.cpython-311.pyc
usr/lib/python3.11/site-packages/yt_dlp/extractor/__pycache__/eplus.cpython-311.opt-1.pyc
usr/lib/python3.11/site-packages/yt_dlp/extractor/__pycache__/eplus.cpython-311.pyc
usr/lib/python3.11/site-packages/yt_dlp/extractor/__pycache__/epoch.cpython-311.opt-1.pyc
usr/lib/python3.11/site-packages/yt_dlp/extractor/__pycache__/epoch.cpython-311.pyc
usr/lib/python3.11/site-packages/yt_dlp/extractor/__pycache__/eporner.cpython-311.opt-1.pyc
usr/lib/python3.11/site-packages/yt_dlp/extractor/__pycache__/eporner.cpython-311.pyc
usr/lib/python3.11/site-packages/yt_dlp/extractor/__pycache__/erocast.cpython-311.opt-1.pyc
usr/lib/python3.11/site-packages/yt_dlp/extractor/__pycache__/erocast.cpython-311.pyc
usr/lib/python3.11/site-packages/yt_dlp/extractor/__pycache__/eroprofile.cpython-311.opt-1.pyc
usr/lib/python3.11/site-packages/yt_dlp/extractor/__pycache__/eroprofile.cpython-311.pyc
usr/lib/python3.11/site-packages/yt_dlp/extractor/__pycache__/err.cpython-311.opt-1.pyc
usr/lib/python3.11/site-packages/yt_dlp/extractor/__pycache__/err.cpython-311.pyc
usr/lib/python3.11/site-packages/yt_dlp/extractor/__pycache__/ertgr.cpython-311.opt-1.pyc
usr/lib/python3.11/site-packages/yt_dlp/extractor/__pycache__/ertgr.cpython-311.pyc
usr/lib/python3.11/site-packages/yt_dlp/extractor/__pycache__/espn.cpython-311.opt-1.pyc
usr/lib/python3.11/site-packages/yt_dlp/extractor/__pycache__/espn.cpython-311.pyc
usr/lib/python3.11/site-packages/yt_dlp/extractor/__pycache__/ettutv.cpython-311.opt-1.pyc
usr/lib/python3.11/site-packages/yt_dlp/extractor/__pycache__/ettutv.cpython-311.pyc
usr/lib/python3.11/site-packages/yt_dlp/extractor/__pycache__/europa.cpython-311.opt-1.pyc
usr/lib/python3.11/site-packages/yt_dlp/extractor/__pycache__/europa.cpython-311.pyc
usr/lib/python3.11/site-packages/yt_dlp/extractor/__pycache__/europeantour.cpython-311.opt-1.pyc
usr/lib/python3.11/site-packages/yt_dlp/extractor/__pycache__/europeantour.cpython-311.pyc
usr/lib/python3.11/site-packages/yt_dlp/extractor/__pycache__/eurosport.cpython-311.opt-1.pyc
usr/lib/python3.11/site-packages/yt_dlp/extractor/__pycache__/eurosport.cpython-311.pyc
usr/lib/python3.11/site-packages/yt_dlp/extractor/__pycache__/euscreen.cpython-311.opt-1.pyc
usr/lib/python3.11/site-packages/yt_dlp/extractor/__pycache__/euscreen.cpython-311.pyc
usr/lib/python3.11/site-packages/yt_dlp/extractor/__pycache__/expressen.cpython-311.opt-1.pyc
usr/lib/python3.11/site-packages/yt_dlp/extractor/__pycache__/expressen.cpython-311.pyc
usr/lib/python3.11/site-packages/yt_dlp/extractor/__pycache__/extractors.cpython-311.opt-1.pyc
usr/lib/python3.11/site-packages/yt_dlp/extractor/__pycache__/extractors.cpython-311.pyc
usr/lib/python3.11/site-packages/yt_dlp/extractor/__pycache__/eyedotv.cpython-311.opt-1.pyc
usr/lib/python3.11/site-packages/yt_dlp/extractor/__pycache__/eyedotv.cpython-311.pyc
usr/lib/python3.11/site-packages/yt_dlp/extractor/__pycache__/facebook.cpython-311.opt-1.pyc
usr/lib/python3.11/site-packages/yt_dlp/extractor/__pycache__/facebook.cpython-311.pyc
usr/lib/python3.11/site-packages/yt_dlp/extractor/__pycache__/fancode.cpython-311.opt-1.pyc
usr/lib/python3.11/site-packages/yt_dlp/extractor/__pycache__/fancode.cpython-311.pyc
usr/lib/python3.11/site-packages/yt_dlp/extractor/__pycache__/fathom.cpython-311.opt-1.pyc
usr/lib/python3.11/site-packages/yt_dlp/extractor/__pycache__/fathom.cpython-311.pyc
usr/lib/python3.11/site-packages/yt_dlp/extractor/__pycache__/faulio.cpython-311.opt-1.pyc
usr/lib/python3.11/site-packages/yt_dlp/extractor/__pycache__/faulio.cpython-311.pyc
usr/lib/python3.11/site-packages/yt_dlp/extractor/__pycache__/faz.cpython-311.opt-1.pyc
usr/lib/python3.11/site-packages/yt_dlp/extractor/__pycache__/faz.cpython-311.pyc
usr/lib/python3.11/site-packages/yt_dlp/extractor/__pycache__/fc2.cpython-311.opt-1.pyc
usr/lib/python3.11/site-packages/yt_dlp/extractor/__pycache__/fc2.cpython-311.pyc
usr/lib/python3.11/site-packages/yt_dlp/extractor/__pycache__/fczenit.cpython-311.opt-1.pyc
usr/lib/python3.11/site-packages/yt_dlp/extractor/__pycache__/fczenit.cpython-311.pyc
usr/lib/python3.11/site-packages/yt_dlp/extractor/__pycache__/fifa.cpython-311.opt-1.pyc
usr/lib/python3.11/site-packages/yt_dlp/extractor/__pycache__/fifa.cpython-311.pyc
usr/lib/python3.11/site-packages/yt_dlp/extractor/__pycache__/filmarchiv.cpython-311.opt-1.pyc
usr/lib/python3.11/site-packages/yt_dlp/extractor/__pycache__/filmarchiv.cpython-311.pyc
usr/lib/python3.11/site-packages/yt_dlp/extractor/__pycache__/filmon.cpython-311.opt-1.pyc
usr/lib/python3.11/site-packages/yt_dlp/extractor/__pycache__/filmon.cpython-311.pyc
usr/lib/python3.11/site-packages/yt_dlp/extractor/__pycache__/filmweb.cpython-311.opt-1.pyc
usr/lib/python3.11/site-packages/yt_dlp/extractor/__pycache__/filmweb.cpython-311.pyc
usr/lib/python3.11/site-packages/yt_dlp/extractor/__pycache__/firsttv.cpython-311.opt-1.pyc
usr/lib/python3.11/site-packages/yt_dlp/extractor/__pycache__/firsttv.cpython-311.pyc
usr/lib/python3.11/site-packages/yt_dlp/extractor/__pycache__/fivetv.cpython-311.opt-1.pyc
usr/lib/python3.11/site-packages/yt_dlp/extractor/__pycache__/fivetv.cpython-311.pyc
usr/lib/python3.11/site-packages/yt_dlp/extractor/__pycache__/flextv.cpython-311.opt-1.pyc
usr/lib/python3.11/site-packages/yt_dlp/extractor/__pycache__/flextv.cpython-311.pyc
usr/lib/python3.11/site-packages/yt_dlp/extractor/__pycache__/flickr.cpython-311.opt-1.pyc
usr/lib/python3.11/site-packages/yt_dlp/extractor/__pycache__/flickr.cpython-311.pyc
usr/lib/python3.11/site-packages/yt_dlp/extractor/__pycache__/floatplane.cpython-311.opt-1.pyc
usr/lib/python3.11/site-packages/yt_dlp/extractor/__pycache__/floatplane.cpython-311.pyc
usr/lib/python3.11/site-packages/yt_dlp/extractor/__pycache__/folketinget.cpython-311.opt-1.pyc
usr/lib/python3.11/site-packages/yt_dlp/extractor/__pycache__/folketinget.cpython-311.pyc
usr/lib/python3.11/site-packages/yt_dlp/extractor/__pycache__/footyroom.cpython-311.opt-1.pyc
usr/lib/python3.11/site-packages/yt_dlp/extractor/__pycache__/footyroom.cpython-311.pyc
usr/lib/python3.11/site-packages/yt_dlp/extractor/__pycache__/formula1.cpython-311.opt-1.pyc
usr/lib/python3.11/site-packages/yt_dlp/extractor/__pycache__/formula1.cpython-311.pyc
usr/lib/python3.11/site-packages/yt_dlp/extractor/__pycache__/fourtube.cpython-311.opt-1.pyc
usr/lib/python3.11/site-packages/yt_dlp/extractor/__pycache__/fourtube.cpython-311.pyc
usr/lib/python3.11/site-packages/yt_dlp/extractor/__pycache__/fox.cpython-311.opt-1.pyc
usr/lib/python3.11/site-packages/yt_dlp/extractor/__pycache__/fox.cpython-311.pyc
usr/lib/python3.11/site-packages/yt_dlp/extractor/__pycache__/fox9.cpython-311.opt-1.pyc
usr/lib/python3.11/site-packages/yt_dlp/extractor/__pycache__/fox9.cpython-311.pyc
usr/lib/python3.11/site-packages/yt_dlp/extractor/__pycache__/foxnews.cpython-311.opt-1.pyc
usr/lib/python3.11/site-packages/yt_dlp/extractor/__pycache__/foxnews.cpython-311.pyc
usr/lib/python3.11/site-packages/yt_dlp/extractor/__pycache__/foxsports.cpython-311.opt-1.pyc
usr/lib/python3.11/site-packages/yt_dlp/extractor/__pycache__/foxsports.cpython-311.pyc
usr/lib/python3.11/site-packages/yt_dlp/extractor/__pycache__/fptplay.cpython-311.opt-1.pyc
usr/lib/python3.11/site-packages/yt_dlp/extractor/__pycache__/fptplay.cpython-311.pyc
usr/lib/python3.11/site-packages/yt_dlp/extractor/__pycache__/francaisfacile.cpython-311.opt-1.pyc
usr/lib/python3.11/site-packages/yt_dlp/extractor/__pycache__/francaisfacile.cpython-311.pyc
usr/lib/python3.11/site-packages/yt_dlp/extractor/__pycache__/franceinter.cpython-311.opt-1.pyc
usr/lib/python3.11/site-packages/yt_dlp/extractor/__pycache__/franceinter.cpython-311.pyc
usr/lib/python3.11/site-packages/yt_dlp/extractor/__pycache__/francetv.cpython-311.opt-1.pyc
usr/lib/python3.11/site-packages/yt_dlp/extractor/__pycache__/francetv.cpython-311.pyc
usr/lib/python3.11/site-packages/yt_dlp/extractor/__pycache__/freesound.cpython-311.opt-1.pyc
usr/lib/python3.11/site-packages/yt_dlp/extractor/__pycache__/freesound.cpython-311.pyc
usr/lib/python3.11/site-packages/yt_dlp/extractor/__pycache__/freespeech.cpython-311.opt-1.pyc
usr/lib/python3.11/site-packages/yt_dlp/extractor/__pycache__/freespeech.cpython-311.pyc
usr/lib/python3.11/site-packages/yt_dlp/extractor/__pycache__/freetv.cpython-311.opt-1.pyc
usr/lib/python3.11/site-packages/yt_dlp/extractor/__pycache__/freetv.cpython-311.pyc
usr/lib/python3.11/site-packages/yt_dlp/extractor/__pycache__/frontendmasters.cpython-311.opt-1.pyc
usr/lib/python3.11/site-packages/yt_dlp/extractor/__pycache__/frontendmasters.cpython-311.pyc
usr/lib/python3.11/site-packages/yt_dlp/extractor/__pycache__/frontro.cpython-311.opt-1.pyc
usr/lib/python3.11/site-packages/yt_dlp/extractor/__pycache__/frontro.cpython-311.pyc
usr/lib/python3.11/site-packages/yt_dlp/extractor/__pycache__/fujitv.cpython-311.opt-1.pyc
usr/lib/python3.11/site-packages/yt_dlp/extractor/__pycache__/fujitv.cpython-311.pyc
usr/lib/python3.11/site-packages/yt_dlp/extractor/__pycache__/funk.cpython-311.opt-1.pyc
usr/lib/python3.11/site-packages/yt_dlp/extractor/__pycache__/funk.cpython-311.pyc
usr/lib/python3.11/site-packages/yt_dlp/extractor/__pycache__/funker530.cpython-311.opt-1.pyc
usr/lib/python3.11/site-packages/yt_dlp/extractor/__pycache__/funker530.cpython-311.pyc
usr/lib/python3.11/site-packages/yt_dlp/extractor/__pycache__/fuyintv.cpython-311.opt-1.pyc
usr/lib/python3.11/site-packages/yt_dlp/extractor/__pycache__/fuyintv.cpython-311.pyc
usr/lib/python3.11/site-packages/yt_dlp/extractor/__pycache__/gab.cpython-311.opt-1.pyc
usr/lib/python3.11/site-packages/yt_dlp/extractor/__pycache__/gab.cpython-311.pyc
usr/lib/python3.11/site-packages/yt_dlp/extractor/__pycache__/gaia.cpython-311.opt-1.pyc
usr/lib/python3.11/site-packages/yt_dlp/extractor/__pycache__/gaia.cpython-311.pyc
usr/lib/python3.11/site-packages/yt_dlp/extractor/__pycache__/gamedevtv.cpython-311.opt-1.pyc
usr/lib/python3.11/site-packages/yt_dlp/extractor/__pycache__/gamedevtv.cpython-311.pyc
usr/lib/python3.11/site-packages/yt_dlp/extractor/__pycache__/gamejolt.cpython-311.opt-1.pyc
usr/lib/python3.11/site-packages/yt_dlp/extractor/__pycache__/gamejolt.cpython-311.pyc
usr/lib/python3.11/site-packages/yt_dlp/extractor/__pycache__/gamespot.cpython-311.opt-1.pyc
usr/lib/python3.11/site-packages/yt_dlp/extractor/__pycache__/gamespot.cpython-311.pyc
usr/lib/python3.11/site-packages/yt_dlp/extractor/__pycache__/gamestar.cpython-311.opt-1.pyc
usr/lib/python3.11/site-packages/yt_dlp/extractor/__pycache__/gamestar.cpython-311.pyc
usr/lib/python3.11/site-packages/yt_dlp/extractor/__pycache__/gaskrank.cpython-311.opt-1.pyc
usr/lib/python3.11/site-packages/yt_dlp/extractor/__pycache__/gaskrank.cpython-311.pyc
usr/lib/python3.11/site-packages/yt_dlp/extractor/__pycache__/gazeta.cpython-311.opt-1.pyc
usr/lib/python3.11/site-packages/yt_dlp/extractor/__pycache__/gazeta.cpython-311.pyc
usr/lib/python3.11/site-packages/yt_dlp/extractor/__pycache__/gbnews.cpython-311.opt-1.pyc
usr/lib/python3.11/site-packages/yt_dlp/extractor/__pycache__/gbnews.cpython-311.pyc
usr/lib/python3.11/site-packages/yt_dlp/extractor/__pycache__/gdcvault.cpython-311.opt-1.pyc
usr/lib/python3.11/site-packages/yt_dlp/extractor/__pycache__/gdcvault.cpython-311.pyc
usr/lib/python3.11/site-packages/yt_dlp/extractor/__pycache__/gedidigital.cpython-311.opt-1.pyc
usr/lib/python3.11/site-packages/yt_dlp/extractor/__pycache__/gedidigital.cpython-311.pyc
usr/lib/python3.11/site-packages/yt_dlp/extractor/__pycache__/generic.cpython-311.opt-1.pyc
usr/lib/python3.11/site-packages/yt_dlp/extractor/__pycache__/generic.cpython-311.pyc
usr/lib/python3.11/site-packages/yt_dlp/extractor/__pycache__/genericembeds.cpython-311.opt-1.pyc
usr/lib/python3.11/site-packages/yt_dlp/extractor/__pycache__/genericembeds.cpython-311.pyc
usr/lib/python3.11/site-packages/yt_dlp/extractor/__pycache__/genius.cpython-311.opt-1.pyc
usr/lib/python3.11/site-packages/yt_dlp/extractor/__pycache__/genius.cpython-311.pyc
usr/lib/python3.11/site-packages/yt_dlp/extractor/__pycache__/germanupa.cpython-311.opt-1.pyc
usr/lib/python3.11/site-packages/yt_dlp/extractor/__pycache__/germanupa.cpython-311.pyc
usr/lib/python3.11/site-packages/yt_dlp/extractor/__pycache__/getcourseru.cpython-311.opt-1.pyc
usr/lib/python3.11/site-packages/yt_dlp/extractor/__pycache__/getcourseru.cpython-311.pyc
usr/lib/python3.11/site-packages/yt_dlp/extractor/__pycache__/gettr.cpython-311.opt-1.pyc
usr/lib/python3.11/site-packages/yt_dlp/extractor/__pycache__/gettr.cpython-311.pyc
usr/lib/python3.11/site-packages/yt_dlp/extractor/__pycache__/giantbomb.cpython-311.opt-1.pyc
usr/lib/python3.11/site-packages/yt_dlp/extractor/__pycache__/giantbomb.cpython-311.pyc
usr/lib/python3.11/site-packages/yt_dlp/extractor/__pycache__/glide.cpython-311.opt-1.pyc
usr/lib/python3.11/site-packages/yt_dlp/extractor/__pycache__/glide.cpython-311.pyc
usr/lib/python3.11/site-packages/yt_dlp/extractor/__pycache__/globalplayer.cpython-311.opt-1.pyc
usr/lib/python3.11/site-packages/yt_dlp/extractor/__pycache__/globalplayer.cpython-311.pyc
usr/lib/python3.11/site-packages/yt_dlp/extractor/__pycache__/globo.cpython-311.opt-1.pyc
usr/lib/python3.11/site-packages/yt_dlp/extractor/__pycache__/globo.cpython-311.pyc
usr/lib/python3.11/site-packages/yt_dlp/extractor/__pycache__/glomex.cpython-311.opt-1.pyc
usr/lib/python3.11/site-packages/yt_dlp/extractor/__pycache__/glomex.cpython-311.pyc
usr/lib/python3.11/site-packages/yt_dlp/extractor/__pycache__/gmanetwork.cpython-311.opt-1.pyc
usr/lib/python3.11/site-packages/yt_dlp/extractor/__pycache__/gmanetwork.cpython-311.pyc
usr/lib/python3.11/site-packages/yt_dlp/extractor/__pycache__/go.cpython-311.opt-1.pyc
usr/lib/python3.11/site-packages/yt_dlp/extractor/__pycache__/go.cpython-311.pyc
usr/lib/python3.11/site-packages/yt_dlp/extractor/__pycache__/godresource.cpython-311.opt-1.pyc
usr/lib/python3.11/site-packages/yt_dlp/extractor/__pycache__/godresource.cpython-311.pyc
usr/lib/python3.11/site-packages/yt_dlp/extractor/__pycache__/godtube.cpython-311.opt-1.pyc
usr/lib/python3.11/site-packages/yt_dlp/extractor/__pycache__/godtube.cpython-311.pyc
usr/lib/python3.11/site-packages/yt_dlp/extractor/__pycache__/gofile.cpython-311.opt-1.pyc
usr/lib/python3.11/site-packages/yt_dlp/extractor/__pycache__/gofile.cpython-311.pyc
usr/lib/python3.11/site-packages/yt_dlp/extractor/__pycache__/golem.cpython-311.opt-1.pyc
usr/lib/python3.11/site-packages/yt_dlp/extractor/__pycache__/golem.cpython-311.pyc
usr/lib/python3.11/site-packages/yt_dlp/extractor/__pycache__/goodgame.cpython-311.opt-1.pyc
usr/lib/python3.11/site-packages/yt_dlp/extractor/__pycache__/goodgame.cpython-311.pyc
usr/lib/python3.11/site-packages/yt_dlp/extractor/__pycache__/googledrive.cpython-311.opt-1.pyc
usr/lib/python3.11/site-packages/yt_dlp/extractor/__pycache__/googledrive.cpython-311.pyc
usr/lib/python3.11/site-packages/yt_dlp/extractor/__pycache__/googlepodcasts.cpython-311.opt-1.pyc
usr/lib/python3.11/site-packages/yt_dlp/extractor/__pycache__/googlepodcasts.cpython-311.pyc
usr/lib/python3.11/site-packages/yt_dlp/extractor/__pycache__/googlesearch.cpython-311.opt-1.pyc
usr/lib/python3.11/site-packages/yt_dlp/extractor/__pycache__/googlesearch.cpython-311.pyc
usr/lib/python3.11/site-packages/yt_dlp/extractor/__pycache__/goplay.cpython-311.opt-1.pyc
usr/lib/python3.11/site-packages/yt_dlp/extractor/__pycache__/goplay.cpython-311.pyc
usr/lib/python3.11/site-packages/yt_dlp/extractor/__pycache__/gopro.cpython-311.opt-1.pyc
usr/lib/python3.11/site-packages/yt_dlp/extractor/__pycache__/gopro.cpython-311.pyc
usr/lib/python3.11/site-packages/yt_dlp/extractor/__pycache__/goshgay.cpython-311.opt-1.pyc
usr/lib/python3.11/site-packages/yt_dlp/extractor/__pycache__/goshgay.cpython-311.pyc
usr/lib/python3.11/site-packages/yt_dlp/extractor/__pycache__/gotostage.cpython-311.opt-1.pyc
usr/lib/python3.11/site-packages/yt_dlp/extractor/__pycache__/gotostage.cpython-311.pyc
usr/lib/python3.11/site-packages/yt_dlp/extractor/__pycache__/gputechconf.cpython-311.opt-1.pyc
usr/lib/python3.11/site-packages/yt_dlp/extractor/__pycache__/gputechconf.cpython-311.pyc
usr/lib/python3.11/site-packages/yt_dlp/extractor/__pycache__/graspop.cpython-311.opt-1.pyc
usr/lib/python3.11/site-packages/yt_dlp/extractor/__pycache__/graspop.cpython-311.pyc
usr/lib/python3.11/site-packages/yt_dlp/extractor/__pycache__/gronkh.cpython-311.opt-1.pyc
usr/lib/python3.11/site-packages/yt_dlp/extractor/__pycache__/gronkh.cpython-311.pyc
usr/lib/python3.11/site-packages/yt_dlp/extractor/__pycache__/groupon.cpython-311.opt-1.pyc
usr/lib/python3.11/site-packages/yt_dlp/extractor/__pycache__/groupon.cpython-311.pyc
usr/lib/python3.11/site-packages/yt_dlp/extractor/__pycache__/harpodeon.cpython-311.opt-1.pyc
usr/lib/python3.11/site-packages/yt_dlp/extractor/__pycache__/harpodeon.cpython-311.pyc
usr/lib/python3.11/site-packages/yt_dlp/extractor/__pycache__/hbo.cpython-311.opt-1.pyc
usr/lib/python3.11/site-packages/yt_dlp/extractor/__pycache__/hbo.cpython-311.pyc
usr/lib/python3.11/site-packages/yt_dlp/extractor/__pycache__/hearthisat.cpython-311.opt-1.pyc
usr/lib/python3.11/site-packages/yt_dlp/extractor/__pycache__/hearthisat.cpython-311.pyc
usr/lib/python3.11/site-packages/yt_dlp/extractor/__pycache__/heise.cpython-311.opt-1.pyc
usr/lib/python3.11/site-packages/yt_dlp/extractor/__pycache__/heise.cpython-311.pyc
usr/lib/python3.11/site-packages/yt_dlp/extractor/__pycache__/hellporno.cpython-311.opt-1.pyc
usr/lib/python3.11/site-packages/yt_dlp/extractor/__pycache__/hellporno.cpython-311.pyc
usr/lib/python3.11/site-packages/yt_dlp/extractor/__pycache__/hgtv.cpython-311.opt-1.pyc
usr/lib/python3.11/site-packages/yt_dlp/extractor/__pycache__/hgtv.cpython-311.pyc
usr/lib/python3.11/site-packages/yt_dlp/extractor/__pycache__/hidive.cpython-311.opt-1.pyc
usr/lib/python3.11/site-packages/yt_dlp/extractor/__pycache__/hidive.cpython-311.pyc
usr/lib/python3.11/site-packages/yt_dlp/extractor/__pycache__/historicfilms.cpython-311.opt-1.pyc
usr/lib/python3.11/site-packages/yt_dlp/extractor/__pycache__/historicfilms.cpython-311.pyc
usr/lib/python3.11/site-packages/yt_dlp/extractor/__pycache__/hitrecord.cpython-311.opt-1.pyc
usr/lib/python3.11/site-packages/yt_dlp/extractor/__pycache__/hitrecord.cpython-311.pyc
usr/lib/python3.11/site-packages/yt_dlp/extractor/__pycache__/hketv.cpython-311.opt-1.pyc
usr/lib/python3.11/site-packages/yt_dlp/extractor/__pycache__/hketv.cpython-311.pyc
usr/lib/python3.11/site-packages/yt_dlp/extractor/__pycache__/hollywoodreporter.cpython-311.opt-1.pyc
usr/lib/python3.11/site-packages/yt_dlp/extractor/__pycache__/hollywoodreporter.cpython-311.pyc
usr/lib/python3.11/site-packages/yt_dlp/extractor/__pycache__/holodex.cpython-311.opt-1.pyc
usr/lib/python3.11/site-packages/yt_dlp/extractor/__pycache__/holodex.cpython-311.pyc
usr/lib/python3.11/site-packages/yt_dlp/extractor/__pycache__/hotnewhiphop.cpython-311.opt-1.pyc
usr/lib/python3.11/site-packages/yt_dlp/extractor/__pycache__/hotnewhiphop.cpython-311.pyc
usr/lib/python3.11/site-packages/yt_dlp/extractor/__pycache__/hotstar.cpython-311.opt-1.pyc
usr/lib/python3.11/site-packages/yt_dlp/extractor/__pycache__/hotstar.cpython-311.pyc
usr/lib/python3.11/site-packages/yt_dlp/extractor/__pycache__/hrefli.cpython-311.opt-1.pyc
usr/lib/python3.11/site-packages/yt_dlp/extractor/__pycache__/hrefli.cpython-311.pyc
usr/lib/python3.11/site-packages/yt_dlp/extractor/__pycache__/hrfensehen.cpython-311.opt-1.pyc
usr/lib/python3.11/site-packages/yt_dlp/extractor/__pycache__/hrfensehen.cpython-311.pyc
usr/lib/python3.11/site-packages/yt_dlp/extractor/__pycache__/hrti.cpython-311.opt-1.pyc
usr/lib/python3.11/site-packages/yt_dlp/extractor/__pycache__/hrti.cpython-311.pyc
usr/lib/python3.11/site-packages/yt_dlp/extractor/__pycache__/hse.cpython-311.opt-1.pyc
usr/lib/python3.11/site-packages/yt_dlp/extractor/__pycache__/hse.cpython-311.pyc
usr/lib/python3.11/site-packages/yt_dlp/extractor/__pycache__/huajiao.cpython-311.opt-1.pyc
usr/lib/python3.11/site-packages/yt_dlp/extractor/__pycache__/huajiao.cpython-311.pyc
usr/lib/python3.11/site-packages/yt_dlp/extractor/__pycache__/huffpost.cpython-311.opt-1.pyc
usr/lib/python3.11/site-packages/yt_dlp/extractor/__pycache__/huffpost.cpython-311.pyc
usr/lib/python3.11/site-packages/yt_dlp/extractor/__pycache__/hungama.cpython-311.opt-1.pyc
usr/lib/python3.11/site-packages/yt_dlp/extractor/__pycache__/hungama.cpython-311.pyc
usr/lib/python3.11/site-packages/yt_dlp/extractor/__pycache__/huya.cpython-311.opt-1.pyc
usr/lib/python3.11/site-packages/yt_dlp/extractor/__pycache__/huya.cpython-311.pyc
usr/lib/python3.11/site-packages/yt_dlp/extractor/__pycache__/hypem.cpython-311.opt-1.pyc
usr/lib/python3.11/site-packages/yt_dlp/extractor/__pycache__/hypem.cpython-311.pyc
usr/lib/python3.11/site-packages/yt_dlp/extractor/__pycache__/hypergryph.cpython-311.opt-1.pyc
usr/lib/python3.11/site-packages/yt_dlp/extractor/__pycache__/hypergryph.cpython-311.pyc
usr/lib/python3.11/site-packages/yt_dlp/extractor/__pycache__/hytale.cpython-311.opt-1.pyc
usr/lib/python3.11/site-packages/yt_dlp/extractor/__pycache__/hytale.cpython-311.pyc
usr/lib/python3.11/site-packages/yt_dlp/extractor/__pycache__/icareus.cpython-311.opt-1.pyc
usr/lib/python3.11/site-packages/yt_dlp/extractor/__pycache__/icareus.cpython-311.pyc
usr/lib/python3.11/site-packages/yt_dlp/extractor/__pycache__/ichinanalive.cpython-311.opt-1.pyc
usr/lib/python3.11/site-packages/yt_dlp/extractor/__pycache__/ichinanalive.cpython-311.pyc
usr/lib/python3.11/site-packages/yt_dlp/extractor/__pycache__/idagio.cpython-311.opt-1.pyc
usr/lib/python3.11/site-packages/yt_dlp/extractor/__pycache__/idagio.cpython-311.pyc
usr/lib/python3.11/site-packages/yt_dlp/extractor/__pycache__/idolplus.cpython-311.opt-1.pyc
usr/lib/python3.11/site-packages/yt_dlp/extractor/__pycache__/idolplus.cpython-311.pyc
usr/lib/python3.11/site-packages/yt_dlp/extractor/__pycache__/ign.cpython-311.opt-1.pyc
usr/lib/python3.11/site-packages/yt_dlp/extractor/__pycache__/ign.cpython-311.pyc
usr/lib/python3.11/site-packages/yt_dlp/extractor/__pycache__/iheart.cpython-311.opt-1.pyc
usr/lib/python3.11/site-packages/yt_dlp/extractor/__pycache__/iheart.cpython-311.pyc
usr/lib/python3.11/site-packages/yt_dlp/extractor/__pycache__/ilpost.cpython-311.opt-1.pyc
usr/lib/python3.11/site-packages/yt_dlp/extractor/__pycache__/ilpost.cpython-311.pyc
usr/lib/python3.11/site-packages/yt_dlp/extractor/__pycache__/iltalehti.cpython-311.opt-1.pyc
usr/lib/python3.11/site-packages/yt_dlp/extractor/__pycache__/iltalehti.cpython-311.pyc
usr/lib/python3.11/site-packages/yt_dlp/extractor/__pycache__/imdb.cpython-311.opt-1.pyc
usr/lib/python3.11/site-packages/yt_dlp/extractor/__pycache__/imdb.cpython-311.pyc
usr/lib/python3.11/site-packages/yt_dlp/extractor/__pycache__/imggaming.cpython-311.opt-1.pyc
usr/lib/python3.11/site-packages/yt_dlp/extractor/__pycache__/imggaming.cpython-311.pyc
usr/lib/python3.11/site-packages/yt_dlp/extractor/__pycache__/imgur.cpython-311.opt-1.pyc
usr/lib/python3.11/site-packages/yt_dlp/extractor/__pycache__/imgur.cpython-311.pyc
usr/lib/python3.11/site-packages/yt_dlp/extractor/__pycache__/ina.cpython-311.opt-1.pyc
usr/lib/python3.11/site-packages/yt_dlp/extractor/__pycache__/ina.cpython-311.pyc
usr/lib/python3.11/site-packages/yt_dlp/extractor/__pycache__/inc.cpython-311.opt-1.pyc
usr/lib/python3.11/site-packages/yt_dlp/extractor/__pycache__/inc.cpython-311.pyc
usr/lib/python3.11/site-packages/yt_dlp/extractor/__pycache__/indavideo.cpython-311.opt-1.pyc
usr/lib/python3.11/site-packages/yt_dlp/extractor/__pycache__/indavideo.cpython-311.pyc
usr/lib/python3.11/site-packages/yt_dlp/extractor/__pycache__/infoq.cpython-311.opt-1.pyc
usr/lib/python3.11/site-packages/yt_dlp/extractor/__pycache__/infoq.cpython-311.pyc
usr/lib/python3.11/site-packages/yt_dlp/extractor/__pycache__/instagram.cpython-311.opt-1.pyc
usr/lib/python3.11/site-packages/yt_dlp/extractor/__pycache__/instagram.cpython-311.pyc
usr/lib/python3.11/site-packages/yt_dlp/extractor/__pycache__/internazionale.cpython-311.opt-1.pyc
usr/lib/python3.11/site-packages/yt_dlp/extractor/__pycache__/internazionale.cpython-311.pyc
usr/lib/python3.11/site-packages/yt_dlp/extractor/__pycache__/internetvideoarchive.cpython-311.opt-1.pyc
usr/lib/python3.11/site-packages/yt_dlp/extractor/__pycache__/internetvideoarchive.cpython-311.pyc
usr/lib/python3.11/site-packages/yt_dlp/extractor/__pycache__/iprima.cpython-311.opt-1.pyc
usr/lib/python3.11/site-packages/yt_dlp/extractor/__pycache__/iprima.cpython-311.pyc
usr/lib/python3.11/site-packages/yt_dlp/extractor/__pycache__/iqiyi.cpython-311.opt-1.pyc
usr/lib/python3.11/site-packages/yt_dlp/extractor/__pycache__/iqiyi.cpython-311.pyc
usr/lib/python3.11/site-packages/yt_dlp/extractor/__pycache__/islamchannel.cpython-311.opt-1.pyc
usr/lib/python3.11/site-packages/yt_dlp/extractor/__pycache__/islamchannel.cpython-311.pyc
usr/lib/python3.11/site-packages/yt_dlp/extractor/__pycache__/israelnationalnews.cpython-311.opt-1.pyc
usr/lib/python3.11/site-packages/yt_dlp/extractor/__pycache__/israelnationalnews.cpython-311.pyc
usr/lib/python3.11/site-packages/yt_dlp/extractor/__pycache__/itprotv.cpython-311.opt-1.pyc
usr/lib/python3.11/site-packages/yt_dlp/extractor/__pycache__/itprotv.cpython-311.pyc
usr/lib/python3.11/site-packages/yt_dlp/extractor/__pycache__/itv.cpython-311.opt-1.pyc
usr/lib/python3.11/site-packages/yt_dlp/extractor/__pycache__/itv.cpython-311.pyc
usr/lib/python3.11/site-packages/yt_dlp/extractor/__pycache__/ivi.cpython-311.opt-1.pyc
usr/lib/python3.11/site-packages/yt_dlp/extractor/__pycache__/ivi.cpython-311.pyc
usr/lib/python3.11/site-packages/yt_dlp/extractor/__pycache__/ivideon.cpython-311.opt-1.pyc
usr/lib/python3.11/site-packages/yt_dlp/extractor/__pycache__/ivideon.cpython-311.pyc
usr/lib/python3.11/site-packages/yt_dlp/extractor/__pycache__/ivoox.cpython-311.opt-1.pyc
usr/lib/python3.11/site-packages/yt_dlp/extractor/__pycache__/ivoox.cpython-311.pyc
usr/lib/python3.11/site-packages/yt_dlp/extractor/__pycache__/iwara.cpython-311.opt-1.pyc
usr/lib/python3.11/site-packages/yt_dlp/extractor/__pycache__/iwara.cpython-311.pyc
usr/lib/python3.11/site-packages/yt_dlp/extractor/__pycache__/ixigua.cpython-311.opt-1.pyc
usr/lib/python3.11/site-packages/yt_dlp/extractor/__pycache__/ixigua.cpython-311.pyc
usr/lib/python3.11/site-packages/yt_dlp/extractor/__pycache__/izlesene.cpython-311.opt-1.pyc
usr/lib/python3.11/site-packages/yt_dlp/extractor/__pycache__/izlesene.cpython-311.pyc
usr/lib/python3.11/site-packages/yt_dlp/extractor/__pycache__/jamendo.cpython-311.opt-1.pyc
usr/lib/python3.11/site-packages/yt_dlp/extractor/__pycache__/jamendo.cpython-311.pyc
usr/lib/python3.11/site-packages/yt_dlp/extractor/__pycache__/japandiet.cpython-311.opt-1.pyc
usr/lib/python3.11/site-packages/yt_dlp/extractor/__pycache__/japandiet.cpython-311.pyc
usr/lib/python3.11/site-packages/yt_dlp/extractor/__pycache__/jeuxvideo.cpython-311.opt-1.pyc
usr/lib/python3.11/site-packages/yt_dlp/extractor/__pycache__/jeuxvideo.cpython-311.pyc
usr/lib/python3.11/site-packages/yt_dlp/extractor/__pycache__/jiosaavn.cpython-311.opt-1.pyc
usr/lib/python3.11/site-packages/yt_dlp/extractor/__pycache__/jiosaavn.cpython-311.pyc
usr/lib/python3.11/site-packages/yt_dlp/extractor/__pycache__/jixie.cpython-311.opt-1.pyc
usr/lib/python3.11/site-packages/yt_dlp/extractor/__pycache__/jixie.cpython-311.pyc
usr/lib/python3.11/site-packages/yt_dlp/extractor/__pycache__/joj.cpython-311.opt-1.pyc
usr/lib/python3.11/site-packages/yt_dlp/extractor/__pycache__/joj.cpython-311.pyc
usr/lib/python3.11/site-packages/yt_dlp/extractor/__pycache__/jove.cpython-311.opt-1.pyc
usr/lib/python3.11/site-packages/yt_dlp/extractor/__pycache__/jove.cpython-311.pyc
usr/lib/python3.11/site-packages/yt_dlp/extractor/__pycache__/jstream.cpython-311.opt-1.pyc
usr/lib/python3.11/site-packages/yt_dlp/extractor/__pycache__/jstream.cpython-311.pyc
usr/lib/python3.11/site-packages/yt_dlp/extractor/__pycache__/jtbc.cpython-311.opt-1.pyc
usr/lib/python3.11/site-packages/yt_dlp/extractor/__pycache__/jtbc.cpython-311.pyc
usr/lib/python3.11/site-packages/yt_dlp/extractor/__pycache__/jwplatform.cpython-311.opt-1.pyc
usr/lib/python3.11/site-packages/yt_dlp/extractor/__pycache__/jwplatform.cpython-311.pyc
usr/lib/python3.11/site-packages/yt_dlp/extractor/__pycache__/kakao.cpython-311.opt-1.pyc
usr/lib/python3.11/site-packages/yt_dlp/extractor/__pycache__/kakao.cpython-311.pyc
usr/lib/python3.11/site-packages/yt_dlp/extractor/__pycache__/kaltura.cpython-311.opt-1.pyc
usr/lib/python3.11/site-packages/yt_dlp/extractor/__pycache__/kaltura.cpython-311.pyc
usr/lib/python3.11/site-packages/yt_dlp/extractor/__pycache__/kankanews.cpython-311.opt-1.pyc
usr/lib/python3.11/site-packages/yt_dlp/extractor/__pycache__/kankanews.cpython-311.pyc
usr/lib/python3.11/site-packages/yt_dlp/extractor/__pycache__/karaoketv.cpython-311.opt-1.pyc
usr/lib/python3.11/site-packages/yt_dlp/extractor/__pycache__/karaoketv.cpython-311.pyc
usr/lib/python3.11/site-packages/yt_dlp/extractor/__pycache__/kelbyone.cpython-311.opt-1.pyc
usr/lib/python3.11/site-packages/yt_dlp/extractor/__pycache__/kelbyone.cpython-311.pyc
usr/lib/python3.11/site-packages/yt_dlp/extractor/__pycache__/kenh14.cpython-311.opt-1.pyc
usr/lib/python3.11/site-packages/yt_dlp/extractor/__pycache__/kenh14.cpython-311.pyc
usr/lib/python3.11/site-packages/yt_dlp/extractor/__pycache__/khanacademy.cpython-311.opt-1.pyc
usr/lib/python3.11/site-packages/yt_dlp/extractor/__pycache__/khanacademy.cpython-311.pyc
usr/lib/python3.11/site-packages/yt_dlp/extractor/__pycache__/kick.cpython-311.opt-1.pyc
usr/lib/python3.11/site-packages/yt_dlp/extractor/__pycache__/kick.cpython-311.pyc
usr/lib/python3.11/site-packages/yt_dlp/extractor/__pycache__/kicker.cpython-311.opt-1.pyc
usr/lib/python3.11/site-packages/yt_dlp/extractor/__pycache__/kicker.cpython-311.pyc
usr/lib/python3.11/site-packages/yt_dlp/extractor/__pycache__/kickstarter.cpython-311.opt-1.pyc
usr/lib/python3.11/site-packages/yt_dlp/extractor/__pycache__/kickstarter.cpython-311.pyc
usr/lib/python3.11/site-packages/yt_dlp/extractor/__pycache__/kika.cpython-311.opt-1.pyc
usr/lib/python3.11/site-packages/yt_dlp/extractor/__pycache__/kika.cpython-311.pyc
usr/lib/python3.11/site-packages/yt_dlp/extractor/__pycache__/kinja.cpython-311.opt-1.pyc
usr/lib/python3.11/site-packages/yt_dlp/extractor/__pycache__/kinja.cpython-311.pyc
usr/lib/python3.11/site-packages/yt_dlp/extractor/__pycache__/kinopoisk.cpython-311.opt-1.pyc
usr/lib/python3.11/site-packages/yt_dlp/extractor/__pycache__/kinopoisk.cpython-311.pyc
usr/lib/python3.11/site-packages/yt_dlp/extractor/__pycache__/kommunetv.cpython-311.opt-1.pyc
usr/lib/python3.11/site-packages/yt_dlp/extractor/__pycache__/kommunetv.cpython-311.pyc
usr/lib/python3.11/site-packages/yt_dlp/extractor/__pycache__/kompas.cpython-311.opt-1.pyc
usr/lib/python3.11/site-packages/yt_dlp/extractor/__pycache__/kompas.cpython-311.pyc
usr/lib/python3.11/site-packages/yt_dlp/extractor/__pycache__/koo.cpython-311.opt-1.pyc
usr/lib/python3.11/site-packages/yt_dlp/extractor/__pycache__/koo.cpython-311.pyc
usr/lib/python3.11/site-packages/yt_dlp/extractor/__pycache__/krasview.cpython-311.opt-1.pyc
usr/lib/python3.11/site-packages/yt_dlp/extractor/__pycache__/krasview.cpython-311.pyc
usr/lib/python3.11/site-packages/yt_dlp/extractor/__pycache__/kth.cpython-311.opt-1.pyc
usr/lib/python3.11/site-packages/yt_dlp/extractor/__pycache__/kth.cpython-311.pyc
usr/lib/python3.11/site-packages/yt_dlp/extractor/__pycache__/ku6.cpython-311.opt-1.pyc
usr/lib/python3.11/site-packages/yt_dlp/extractor/__pycache__/ku6.cpython-311.pyc
usr/lib/python3.11/site-packages/yt_dlp/extractor/__pycache__/kukululive.cpython-311.opt-1.pyc
usr/lib/python3.11/site-packages/yt_dlp/extractor/__pycache__/kukululive.cpython-311.pyc
usr/lib/python3.11/site-packages/yt_dlp/extractor/__pycache__/kuwo.cpython-311.opt-1.pyc
usr/lib/python3.11/site-packages/yt_dlp/extractor/__pycache__/kuwo.cpython-311.pyc
usr/lib/python3.11/site-packages/yt_dlp/extractor/__pycache__/la7.cpython-311.opt-1.pyc
usr/lib/python3.11/site-packages/yt_dlp/extractor/__pycache__/la7.cpython-311.pyc
usr/lib/python3.11/site-packages/yt_dlp/extractor/__pycache__/laracasts.cpython-311.opt-1.pyc
usr/lib/python3.11/site-packages/yt_dlp/extractor/__pycache__/laracasts.cpython-311.pyc
usr/lib/python3.11/site-packages/yt_dlp/extractor/__pycache__/lastfm.cpython-311.opt-1.pyc
usr/lib/python3.11/site-packages/yt_dlp/extractor/__pycache__/lastfm.cpython-311.pyc
usr/lib/python3.11/site-packages/yt_dlp/extractor/__pycache__/laxarxames.cpython-311.opt-1.pyc
usr/lib/python3.11/site-packages/yt_dlp/extractor/__pycache__/laxarxames.cpython-311.pyc
usr/lib/python3.11/site-packages/yt_dlp/extractor/__pycache__/lbry.cpython-311.opt-1.pyc
usr/lib/python3.11/site-packages/yt_dlp/extractor/__pycache__/lbry.cpython-311.pyc
usr/lib/python3.11/site-packages/yt_dlp/extractor/__pycache__/lci.cpython-311.opt-1.pyc
usr/lib/python3.11/site-packages/yt_dlp/extractor/__pycache__/lci.cpython-311.pyc
usr/lib/python3.11/site-packages/yt_dlp/extractor/__pycache__/lcp.cpython-311.opt-1.pyc
usr/lib/python3.11/site-packages/yt_dlp/extractor/__pycache__/lcp.cpython-311.pyc
usr/lib/python3.11/site-packages/yt_dlp/extractor/__pycache__/learningonscreen.cpython-311.opt-1.pyc
usr/lib/python3.11/site-packages/yt_dlp/extractor/__pycache__/learningonscreen.cpython-311.pyc
usr/lib/python3.11/site-packages/yt_dlp/extractor/__pycache__/lecture2go.cpython-311.opt-1.pyc
usr/lib/python3.11/site-packages/yt_dlp/extractor/__pycache__/lecture2go.cpython-311.pyc
usr/lib/python3.11/site-packages/yt_dlp/extractor/__pycache__/lecturio.cpython-311.opt-1.pyc
usr/lib/python3.11/site-packages/yt_dlp/extractor/__pycache__/lecturio.cpython-311.pyc
usr/lib/python3.11/site-packages/yt_dlp/extractor/__pycache__/leeco.cpython-311.opt-1.pyc
usr/lib/python3.11/site-packages/yt_dlp/extractor/__pycache__/leeco.cpython-311.pyc
usr/lib/python3.11/site-packages/yt_dlp/extractor/__pycache__/lefigaro.cpython-311.opt-1.pyc
usr/lib/python3.11/site-packages/yt_dlp/extractor/__pycache__/lefigaro.cpython-311.pyc
usr/lib/python3.11/site-packages/yt_dlp/extractor/__pycache__/lego.cpython-311.opt-1.pyc
usr/lib/python3.11/site-packages/yt_dlp/extractor/__pycache__/lego.cpython-311.pyc
usr/lib/python3.11/site-packages/yt_dlp/extractor/__pycache__/lemonde.cpython-311.opt-1.pyc
usr/lib/python3.11/site-packages/yt_dlp/extractor/__pycache__/lemonde.cpython-311.pyc
usr/lib/python3.11/site-packages/yt_dlp/extractor/__pycache__/lenta.cpython-311.opt-1.pyc
usr/lib/python3.11/site-packages/yt_dlp/extractor/__pycache__/lenta.cpython-311.pyc
usr/lib/python3.11/site-packages/yt_dlp/extractor/__pycache__/libraryofcongress.cpython-311.opt-1.pyc
usr/lib/python3.11/site-packages/yt_dlp/extractor/__pycache__/libraryofcongress.cpython-311.pyc
usr/lib/python3.11/site-packages/yt_dlp/extractor/__pycache__/libsyn.cpython-311.opt-1.pyc
usr/lib/python3.11/site-packages/yt_dlp/extractor/__pycache__/libsyn.cpython-311.pyc
usr/lib/python3.11/site-packages/yt_dlp/extractor/__pycache__/lifenews.cpython-311.opt-1.pyc
usr/lib/python3.11/site-packages/yt_dlp/extractor/__pycache__/lifenews.cpython-311.pyc
usr/lib/python3.11/site-packages/yt_dlp/extractor/__pycache__/likee.cpython-311.opt-1.pyc
usr/lib/python3.11/site-packages/yt_dlp/extractor/__pycache__/likee.cpython-311.pyc
usr/lib/python3.11/site-packages/yt_dlp/extractor/__pycache__/linkedin.cpython-311.opt-1.pyc
usr/lib/python3.11/site-packages/yt_dlp/extractor/__pycache__/linkedin.cpython-311.pyc
usr/lib/python3.11/site-packages/yt_dlp/extractor/__pycache__/liputan6.cpython-311.opt-1.pyc
usr/lib/python3.11/site-packages/yt_dlp/extractor/__pycache__/liputan6.cpython-311.pyc
usr/lib/python3.11/site-packages/yt_dlp/extractor/__pycache__/listennotes.cpython-311.opt-1.pyc
usr/lib/python3.11/site-packages/yt_dlp/extractor/__pycache__/listennotes.cpython-311.pyc
usr/lib/python3.11/site-packages/yt_dlp/extractor/__pycache__/litv.cpython-311.opt-1.pyc
usr/lib/python3.11/site-packages/yt_dlp/extractor/__pycache__/litv.cpython-311.pyc
usr/lib/python3.11/site-packages/yt_dlp/extractor/__pycache__/livejournal.cpython-311.opt-1.pyc
usr/lib/python3.11/site-packages/yt_dlp/extractor/__pycache__/livejournal.cpython-311.pyc
usr/lib/python3.11/site-packages/yt_dlp/extractor/__pycache__/livestream.cpython-311.opt-1.pyc
usr/lib/python3.11/site-packages/yt_dlp/extractor/__pycache__/livestream.cpython-311.pyc
usr/lib/python3.11/site-packages/yt_dlp/extractor/__pycache__/livestreamfails.cpython-311.opt-1.pyc
usr/lib/python3.11/site-packages/yt_dlp/extractor/__pycache__/livestreamfails.cpython-311.pyc
usr/lib/python3.11/site-packages/yt_dlp/extractor/__pycache__/lnk.cpython-311.opt-1.pyc
usr/lib/python3.11/site-packages/yt_dlp/extractor/__pycache__/lnk.cpython-311.pyc
usr/lib/python3.11/site-packages/yt_dlp/extractor/__pycache__/locipo.cpython-311.opt-1.pyc
usr/lib/python3.11/site-packages/yt_dlp/extractor/__pycache__/locipo.cpython-311.pyc
usr/lib/python3.11/site-packages/yt_dlp/extractor/__pycache__/loco.cpython-311.opt-1.pyc
usr/lib/python3.11/site-packages/yt_dlp/extractor/__pycache__/loco.cpython-311.pyc
usr/lib/python3.11/site-packages/yt_dlp/extractor/__pycache__/loom.cpython-311.opt-1.pyc
usr/lib/python3.11/site-packages/yt_dlp/extractor/__pycache__/loom.cpython-311.pyc
usr/lib/python3.11/site-packages/yt_dlp/extractor/__pycache__/lovehomeporn.cpython-311.opt-1.pyc
usr/lib/python3.11/site-packages/yt_dlp/extractor/__pycache__/lovehomeporn.cpython-311.pyc
usr/lib/python3.11/site-packages/yt_dlp/extractor/__pycache__/lrt.cpython-311.opt-1.pyc
usr/lib/python3.11/site-packages/yt_dlp/extractor/__pycache__/lrt.cpython-311.pyc
usr/lib/python3.11/site-packages/yt_dlp/extractor/__pycache__/lsm.cpython-311.opt-1.pyc
usr/lib/python3.11/site-packages/yt_dlp/extractor/__pycache__/lsm.cpython-311.pyc
usr/lib/python3.11/site-packages/yt_dlp/extractor/__pycache__/lumni.cpython-311.opt-1.pyc
usr/lib/python3.11/site-packages/yt_dlp/extractor/__pycache__/lumni.cpython-311.pyc
usr/lib/python3.11/site-packages/yt_dlp/extractor/__pycache__/lynda.cpython-311.opt-1.pyc
usr/lib/python3.11/site-packages/yt_dlp/extractor/__pycache__/lynda.cpython-311.pyc
usr/lib/python3.11/site-packages/yt_dlp/extractor/__pycache__/maariv.cpython-311.opt-1.pyc
usr/lib/python3.11/site-packages/yt_dlp/extractor/__pycache__/maariv.cpython-311.pyc
usr/lib/python3.11/site-packages/yt_dlp/extractor/__pycache__/magellantv.cpython-311.opt-1.pyc
usr/lib/python3.11/site-packages/yt_dlp/extractor/__pycache__/magellantv.cpython-311.pyc
usr/lib/python3.11/site-packages/yt_dlp/extractor/__pycache__/magentamusik.cpython-311.opt-1.pyc
usr/lib/python3.11/site-packages/yt_dlp/extractor/__pycache__/magentamusik.cpython-311.pyc
usr/lib/python3.11/site-packages/yt_dlp/extractor/__pycache__/mailru.cpython-311.opt-1.pyc
usr/lib/python3.11/site-packages/yt_dlp/extractor/__pycache__/mailru.cpython-311.pyc
usr/lib/python3.11/site-packages/yt_dlp/extractor/__pycache__/mainstreaming.cpython-311.opt-1.pyc
usr/lib/python3.11/site-packages/yt_dlp/extractor/__pycache__/mainstreaming.cpython-311.pyc
usr/lib/python3.11/site-packages/yt_dlp/extractor/__pycache__/mangomolo.cpython-311.opt-1.pyc
usr/lib/python3.11/site-packages/yt_dlp/extractor/__pycache__/mangomolo.cpython-311.pyc
usr/lib/python3.11/site-packages/yt_dlp/extractor/__pycache__/manyvids.cpython-311.opt-1.pyc
usr/lib/python3.11/site-packages/yt_dlp/extractor/__pycache__/manyvids.cpython-311.pyc
usr/lib/python3.11/site-packages/yt_dlp/extractor/__pycache__/maoritv.cpython-311.opt-1.pyc
usr/lib/python3.11/site-packages/yt_dlp/extractor/__pycache__/maoritv.cpython-311.pyc
usr/lib/python3.11/site-packages/yt_dlp/extractor/__pycache__/markiza.cpython-311.opt-1.pyc
usr/lib/python3.11/site-packages/yt_dlp/extractor/__pycache__/markiza.cpython-311.pyc
usr/lib/python3.11/site-packages/yt_dlp/extractor/__pycache__/massengeschmacktv.cpython-311.opt-1.pyc
usr/lib/python3.11/site-packages/yt_dlp/extractor/__pycache__/massengeschmacktv.cpython-311.pyc
usr/lib/python3.11/site-packages/yt_dlp/extractor/__pycache__/masters.cpython-311.opt-1.pyc
usr/lib/python3.11/site-packages/yt_dlp/extractor/__pycache__/masters.cpython-311.pyc
usr/lib/python3.11/site-packages/yt_dlp/extractor/__pycache__/matchitv.cpython-311.opt-1.pyc
usr/lib/python3.11/site-packages/yt_dlp/extractor/__pycache__/matchitv.cpython-311.pyc
usr/lib/python3.11/site-packages/yt_dlp/extractor/__pycache__/matchtv.cpython-311.opt-1.pyc
usr/lib/python3.11/site-packages/yt_dlp/extractor/__pycache__/matchtv.cpython-311.pyc
usr/lib/python3.11/site-packages/yt_dlp/extractor/__pycache__/mave.cpython-311.opt-1.pyc
usr/lib/python3.11/site-packages/yt_dlp/extractor/__pycache__/mave.cpython-311.pyc
usr/lib/python3.11/site-packages/yt_dlp/extractor/__pycache__/mbn.cpython-311.opt-1.pyc
usr/lib/python3.11/site-packages/yt_dlp/extractor/__pycache__/mbn.cpython-311.pyc
usr/lib/python3.11/site-packages/yt_dlp/extractor/__pycache__/mdr.cpython-311.opt-1.pyc
usr/lib/python3.11/site-packages/yt_dlp/extractor/__pycache__/mdr.cpython-311.pyc
usr/lib/python3.11/site-packages/yt_dlp/extractor/__pycache__/medaltv.cpython-311.opt-1.pyc
usr/lib/python3.11/site-packages/yt_dlp/extractor/__pycache__/medaltv.cpython-311.pyc
usr/lib/python3.11/site-packages/yt_dlp/extractor/__pycache__/mediaite.cpython-311.opt-1.pyc
usr/lib/python3.11/site-packages/yt_dlp/extractor/__pycache__/mediaite.cpython-311.pyc
usr/lib/python3.11/site-packages/yt_dlp/extractor/__pycache__/mediaklikk.cpython-311.opt-1.pyc
usr/lib/python3.11/site-packages/yt_dlp/extractor/__pycache__/mediaklikk.cpython-311.pyc
usr/lib/python3.11/site-packages/yt_dlp/extractor/__pycache__/medialaan.cpython-311.opt-1.pyc
usr/lib/python3.11/site-packages/yt_dlp/extractor/__pycache__/medialaan.cpython-311.pyc
usr/lib/python3.11/site-packages/yt_dlp/extractor/__pycache__/mediaset.cpython-311.opt-1.pyc
usr/lib/python3.11/site-packages/yt_dlp/extractor/__pycache__/mediaset.cpython-311.pyc
usr/lib/python3.11/site-packages/yt_dlp/extractor/__pycache__/mediasite.cpython-311.opt-1.pyc
usr/lib/python3.11/site-packages/yt_dlp/extractor/__pycache__/mediasite.cpython-311.pyc
usr/lib/python3.11/site-packages/yt_dlp/extractor/__pycache__/mediastream.cpython-311.opt-1.pyc
usr/lib/python3.11/site-packages/yt_dlp/extractor/__pycache__/mediastream.cpython-311.pyc
usr/lib/python3.11/site-packages/yt_dlp/extractor/__pycache__/mediaworksnz.cpython-311.opt-1.pyc
usr/lib/python3.11/site-packages/yt_dlp/extractor/__pycache__/mediaworksnz.cpython-311.pyc
usr/lib/python3.11/site-packages/yt_dlp/extractor/__pycache__/medici.cpython-311.opt-1.pyc
usr/lib/python3.11/site-packages/yt_dlp/extractor/__pycache__/medici.cpython-311.pyc
usr/lib/python3.11/site-packages/yt_dlp/extractor/__pycache__/megaphone.cpython-311.opt-1.pyc
usr/lib/python3.11/site-packages/yt_dlp/extractor/__pycache__/megaphone.cpython-311.pyc
usr/lib/python3.11/site-packages/yt_dlp/extractor/__pycache__/megatvcom.cpython-311.opt-1.pyc
usr/lib/python3.11/site-packages/yt_dlp/extractor/__pycache__/megatvcom.cpython-311.pyc
usr/lib/python3.11/site-packages/yt_dlp/extractor/__pycache__/meipai.cpython-311.opt-1.pyc
usr/lib/python3.11/site-packages/yt_dlp/extractor/__pycache__/meipai.cpython-311.pyc
usr/lib/python3.11/site-packages/yt_dlp/extractor/__pycache__/melonvod.cpython-311.opt-1.pyc
usr/lib/python3.11/site-packages/yt_dlp/extractor/__pycache__/melonvod.cpython-311.pyc
usr/lib/python3.11/site-packages/yt_dlp/extractor/__pycache__/metacritic.cpython-311.opt-1.pyc
usr/lib/python3.11/site-packages/yt_dlp/extractor/__pycache__/metacritic.cpython-311.pyc
usr/lib/python3.11/site-packages/yt_dlp/extractor/__pycache__/mgtv.cpython-311.opt-1.pyc
usr/lib/python3.11/site-packages/yt_dlp/extractor/__pycache__/mgtv.cpython-311.pyc
usr/lib/python3.11/site-packages/yt_dlp/extractor/__pycache__/microsoftembed.cpython-311.opt-1.pyc
usr/lib/python3.11/site-packages/yt_dlp/extractor/__pycache__/microsoftembed.cpython-311.pyc
usr/lib/python3.11/site-packages/yt_dlp/extractor/__pycache__/microsoftstream.cpython-311.opt-1.pyc
usr/lib/python3.11/site-packages/yt_dlp/extractor/__pycache__/microsoftstream.cpython-311.pyc
usr/lib/python3.11/site-packages/yt_dlp/extractor/__pycache__/minds.cpython-311.opt-1.pyc
usr/lib/python3.11/site-packages/yt_dlp/extractor/__pycache__/minds.cpython-311.pyc
usr/lib/python3.11/site-packages/yt_dlp/extractor/__pycache__/minoto.cpython-311.opt-1.pyc
usr/lib/python3.11/site-packages/yt_dlp/extractor/__pycache__/minoto.cpython-311.pyc
usr/lib/python3.11/site-packages/yt_dlp/extractor/__pycache__/mir24tv.cpython-311.opt-1.pyc
usr/lib/python3.11/site-packages/yt_dlp/extractor/__pycache__/mir24tv.cpython-311.pyc
usr/lib/python3.11/site-packages/yt_dlp/extractor/__pycache__/mirrativ.cpython-311.opt-1.pyc
usr/lib/python3.11/site-packages/yt_dlp/extractor/__pycache__/mirrativ.cpython-311.pyc
usr/lib/python3.11/site-packages/yt_dlp/extractor/__pycache__/mirrorcouk.cpython-311.opt-1.pyc
usr/lib/python3.11/site-packages/yt_dlp/extractor/__pycache__/mirrorcouk.cpython-311.pyc
usr/lib/python3.11/site-packages/yt_dlp/extractor/__pycache__/mit.cpython-311.opt-1.pyc
usr/lib/python3.11/site-packages/yt_dlp/extractor/__pycache__/mit.cpython-311.pyc
usr/lib/python3.11/site-packages/yt_dlp/extractor/__pycache__/mixch.cpython-311.opt-1.pyc
usr/lib/python3.11/site-packages/yt_dlp/extractor/__pycache__/mixch.cpython-311.pyc
usr/lib/python3.11/site-packages/yt_dlp/extractor/__pycache__/mixcloud.cpython-311.opt-1.pyc
usr/lib/python3.11/site-packages/yt_dlp/extractor/__pycache__/mixcloud.cpython-311.pyc
usr/lib/python3.11/site-packages/yt_dlp/extractor/__pycache__/mixlr.cpython-311.opt-1.pyc
usr/lib/python3.11/site-packages/yt_dlp/extractor/__pycache__/mixlr.cpython-311.pyc
usr/lib/python3.11/site-packages/yt_dlp/extractor/__pycache__/mlb.cpython-311.opt-1.pyc
usr/lib/python3.11/site-packages/yt_dlp/extractor/__pycache__/mlb.cpython-311.pyc
usr/lib/python3.11/site-packages/yt_dlp/extractor/__pycache__/mlssoccer.cpython-311.opt-1.pyc
usr/lib/python3.11/site-packages/yt_dlp/extractor/__pycache__/mlssoccer.cpython-311.pyc
usr/lib/python3.11/site-packages/yt_dlp/extractor/__pycache__/mocha.cpython-311.opt-1.pyc
usr/lib/python3.11/site-packages/yt_dlp/extractor/__pycache__/mocha.cpython-311.pyc
usr/lib/python3.11/site-packages/yt_dlp/extractor/__pycache__/mojevideo.cpython-311.opt-1.pyc
usr/lib/python3.11/site-packages/yt_dlp/extractor/__pycache__/mojevideo.cpython-311.pyc
usr/lib/python3.11/site-packages/yt_dlp/extractor/__pycache__/mojvideo.cpython-311.opt-1.pyc
usr/lib/python3.11/site-packages/yt_dlp/extractor/__pycache__/mojvideo.cpython-311.pyc
usr/lib/python3.11/site-packages/yt_dlp/extractor/__pycache__/monstercat.cpython-311.opt-1.pyc
usr/lib/python3.11/site-packages/yt_dlp/extractor/__pycache__/monstercat.cpython-311.pyc
usr/lib/python3.11/site-packages/yt_dlp/extractor/__pycache__/motherless.cpython-311.opt-1.pyc
usr/lib/python3.11/site-packages/yt_dlp/extractor/__pycache__/motherless.cpython-311.pyc
usr/lib/python3.11/site-packages/yt_dlp/extractor/__pycache__/motorsport.cpython-311.opt-1.pyc
usr/lib/python3.11/site-packages/yt_dlp/extractor/__pycache__/motorsport.cpython-311.pyc
usr/lib/python3.11/site-packages/yt_dlp/extractor/__pycache__/moviepilot.cpython-311.opt-1.pyc
usr/lib/python3.11/site-packages/yt_dlp/extractor/__pycache__/moviepilot.cpython-311.pyc
usr/lib/python3.11/site-packages/yt_dlp/extractor/__pycache__/moview.cpython-311.opt-1.pyc
usr/lib/python3.11/site-packages/yt_dlp/extractor/__pycache__/moview.cpython-311.pyc
usr/lib/python3.11/site-packages/yt_dlp/extractor/__pycache__/moviezine.cpython-311.opt-1.pyc
usr/lib/python3.11/site-packages/yt_dlp/extractor/__pycache__/moviezine.cpython-311.pyc
usr/lib/python3.11/site-packages/yt_dlp/extractor/__pycache__/movingimage.cpython-311.opt-1.pyc
usr/lib/python3.11/site-packages/yt_dlp/extractor/__pycache__/movingimage.cpython-311.pyc
usr/lib/python3.11/site-packages/yt_dlp/extractor/__pycache__/msn.cpython-311.opt-1.pyc
usr/lib/python3.11/site-packages/yt_dlp/extractor/__pycache__/msn.cpython-311.pyc
usr/lib/python3.11/site-packages/yt_dlp/extractor/__pycache__/mtv.cpython-311.opt-1.pyc
usr/lib/python3.11/site-packages/yt_dlp/extractor/__pycache__/mtv.cpython-311.pyc
usr/lib/python3.11/site-packages/yt_dlp/extractor/__pycache__/muenchentv.cpython-311.opt-1.pyc
usr/lib/python3.11/site-packages/yt_dlp/extractor/__pycache__/muenchentv.cpython-311.pyc
usr/lib/python3.11/site-packages/yt_dlp/extractor/__pycache__/murrtube.cpython-311.opt-1.pyc
usr/lib/python3.11/site-packages/yt_dlp/extractor/__pycache__/murrtube.cpython-311.pyc
usr/lib/python3.11/site-packages/yt_dlp/extractor/__pycache__/museai.cpython-311.opt-1.pyc
usr/lib/python3.11/site-packages/yt_dlp/extractor/__pycache__/museai.cpython-311.pyc
usr/lib/python3.11/site-packages/yt_dlp/extractor/__pycache__/musescore.cpython-311.opt-1.pyc
usr/lib/python3.11/site-packages/yt_dlp/extractor/__pycache__/musescore.cpython-311.pyc
usr/lib/python3.11/site-packages/yt_dlp/extractor/__pycache__/musicdex.cpython-311.opt-1.pyc
usr/lib/python3.11/site-packages/yt_dlp/extractor/__pycache__/musicdex.cpython-311.pyc
usr/lib/python3.11/site-packages/yt_dlp/extractor/__pycache__/mux.cpython-311.opt-1.pyc
usr/lib/python3.11/site-packages/yt_dlp/extractor/__pycache__/mux.cpython-311.pyc
usr/lib/python3.11/site-packages/yt_dlp/extractor/__pycache__/mx3.cpython-311.opt-1.pyc
usr/lib/python3.11/site-packages/yt_dlp/extractor/__pycache__/mx3.cpython-311.pyc
usr/lib/python3.11/site-packages/yt_dlp/extractor/__pycache__/mxplayer.cpython-311.opt-1.pyc
usr/lib/python3.11/site-packages/yt_dlp/extractor/__pycache__/mxplayer.cpython-311.pyc
usr/lib/python3.11/site-packages/yt_dlp/extractor/__pycache__/myspace.cpython-311.opt-1.pyc
usr/lib/python3.11/site-packages/yt_dlp/extractor/__pycache__/myspace.cpython-311.pyc
usr/lib/python3.11/site-packages/yt_dlp/extractor/__pycache__/myspass.cpython-311.opt-1.pyc
usr/lib/python3.11/site-packages/yt_dlp/extractor/__pycache__/myspass.cpython-311.pyc
usr/lib/python3.11/site-packages/yt_dlp/extractor/__pycache__/myvideoge.cpython-311.opt-1.pyc
usr/lib/python3.11/site-packages/yt_dlp/extractor/__pycache__/myvideoge.cpython-311.pyc
usr/lib/python3.11/site-packages/yt_dlp/extractor/__pycache__/myvidster.cpython-311.opt-1.pyc
usr/lib/python3.11/site-packages/yt_dlp/extractor/__pycache__/myvidster.cpython-311.pyc
usr/lib/python3.11/site-packages/yt_dlp/extractor/__pycache__/mzaalo.cpython-311.opt-1.pyc
usr/lib/python3.11/site-packages/yt_dlp/extractor/__pycache__/mzaalo.cpython-311.pyc
usr/lib/python3.11/site-packages/yt_dlp/extractor/__pycache__/n1.cpython-311.opt-1.pyc
usr/lib/python3.11/site-packages/yt_dlp/extractor/__pycache__/n1.cpython-311.pyc
usr/lib/python3.11/site-packages/yt_dlp/extractor/__pycache__/nascar.cpython-311.opt-1.pyc
usr/lib/python3.11/site-packages/yt_dlp/extractor/__pycache__/nascar.cpython-311.pyc
usr/lib/python3.11/site-packages/yt_dlp/extractor/__pycache__/nate.cpython-311.opt-1.pyc
usr/lib/python3.11/site-packages/yt_dlp/extractor/__pycache__/nate.cpython-311.pyc
usr/lib/python3.11/site-packages/yt_dlp/extractor/__pycache__/nationalgeographic.cpython-311.opt-1.pyc
usr/lib/python3.11/site-packages/yt_dlp/extractor/__pycache__/nationalgeographic.cpython-311.pyc
usr/lib/python3.11/site-packages/yt_dlp/extractor/__pycache__/naver.cpython-311.opt-1.pyc
usr/lib/python3.11/site-packages/yt_dlp/extractor/__pycache__/naver.cpython-311.pyc
usr/lib/python3.11/site-packages/yt_dlp/extractor/__pycache__/nba.cpython-311.opt-1.pyc
usr/lib/python3.11/site-packages/yt_dlp/extractor/__pycache__/nba.cpython-311.pyc
usr/lib/python3.11/site-packages/yt_dlp/extractor/__pycache__/nbc.cpython-311.opt-1.pyc
usr/lib/python3.11/site-packages/yt_dlp/extractor/__pycache__/nbc.cpython-311.pyc
usr/lib/python3.11/site-packages/yt_dlp/extractor/__pycache__/ndr.cpython-311.opt-1.pyc
usr/lib/python3.11/site-packages/yt_dlp/extractor/__pycache__/ndr.cpython-311.pyc
usr/lib/python3.11/site-packages/yt_dlp/extractor/__pycache__/ndtv.cpython-311.opt-1.pyc
usr/lib/python3.11/site-packages/yt_dlp/extractor/__pycache__/ndtv.cpython-311.pyc
usr/lib/python3.11/site-packages/yt_dlp/extractor/__pycache__/nebula.cpython-311.opt-1.pyc
usr/lib/python3.11/site-packages/yt_dlp/extractor/__pycache__/nebula.cpython-311.pyc
usr/lib/python3.11/site-packages/yt_dlp/extractor/__pycache__/nekohacker.cpython-311.opt-1.pyc
usr/lib/python3.11/site-packages/yt_dlp/extractor/__pycache__/nekohacker.cpython-311.pyc
usr/lib/python3.11/site-packages/yt_dlp/extractor/__pycache__/nerdcubed.cpython-311.opt-1.pyc
usr/lib/python3.11/site-packages/yt_dlp/extractor/__pycache__/nerdcubed.cpython-311.pyc
usr/lib/python3.11/site-packages/yt_dlp/extractor/__pycache__/nest.cpython-311.opt-1.pyc
usr/lib/python3.11/site-packages/yt_dlp/extractor/__pycache__/nest.cpython-311.pyc
usr/lib/python3.11/site-packages/yt_dlp/extractor/__pycache__/netapp.cpython-311.opt-1.pyc
usr/lib/python3.11/site-packages/yt_dlp/extractor/__pycache__/netapp.cpython-311.pyc
usr/lib/python3.11/site-packages/yt_dlp/extractor/__pycache__/neteasemusic.cpython-311.opt-1.pyc
usr/lib/python3.11/site-packages/yt_dlp/extractor/__pycache__/neteasemusic.cpython-311.pyc
usr/lib/python3.11/site-packages/yt_dlp/extractor/__pycache__/netverse.cpython-311.opt-1.pyc
usr/lib/python3.11/site-packages/yt_dlp/extractor/__pycache__/netverse.cpython-311.pyc
usr/lib/python3.11/site-packages/yt_dlp/extractor/__pycache__/netzkino.cpython-311.opt-1.pyc
usr/lib/python3.11/site-packages/yt_dlp/extractor/__pycache__/netzkino.cpython-311.pyc
usr/lib/python3.11/site-packages/yt_dlp/extractor/__pycache__/newgrounds.cpython-311.opt-1.pyc
usr/lib/python3.11/site-packages/yt_dlp/extractor/__pycache__/newgrounds.cpython-311.pyc
usr/lib/python3.11/site-packages/yt_dlp/extractor/__pycache__/newspicks.cpython-311.opt-1.pyc
usr/lib/python3.11/site-packages/yt_dlp/extractor/__pycache__/newspicks.cpython-311.pyc
usr/lib/python3.11/site-packages/yt_dlp/extractor/__pycache__/newsy.cpython-311.opt-1.pyc
usr/lib/python3.11/site-packages/yt_dlp/extractor/__pycache__/newsy.cpython-311.pyc
usr/lib/python3.11/site-packages/yt_dlp/extractor/__pycache__/nexx.cpython-311.opt-1.pyc
usr/lib/python3.11/site-packages/yt_dlp/extractor/__pycache__/nexx.cpython-311.pyc
usr/lib/python3.11/site-packages/yt_dlp/extractor/__pycache__/nfb.cpython-311.opt-1.pyc
usr/lib/python3.11/site-packages/yt_dlp/extractor/__pycache__/nfb.cpython-311.pyc
usr/lib/python3.11/site-packages/yt_dlp/extractor/__pycache__/nfhsnetwork.cpython-311.opt-1.pyc
usr/lib/python3.11/site-packages/yt_dlp/extractor/__pycache__/nfhsnetwork.cpython-311.pyc
usr/lib/python3.11/site-packages/yt_dlp/extractor/__pycache__/nfl.cpython-311.opt-1.pyc
usr/lib/python3.11/site-packages/yt_dlp/extractor/__pycache__/nfl.cpython-311.pyc
usr/lib/python3.11/site-packages/yt_dlp/extractor/__pycache__/nhk.cpython-311.opt-1.pyc
usr/lib/python3.11/site-packages/yt_dlp/extractor/__pycache__/nhk.cpython-311.pyc
usr/lib/python3.11/site-packages/yt_dlp/extractor/__pycache__/nhl.cpython-311.opt-1.pyc
usr/lib/python3.11/site-packages/yt_dlp/extractor/__pycache__/nhl.cpython-311.pyc
usr/lib/python3.11/site-packages/yt_dlp/extractor/__pycache__/nick.cpython-311.opt-1.pyc
usr/lib/python3.11/site-packages/yt_dlp/extractor/__pycache__/nick.cpython-311.pyc
usr/lib/python3.11/site-packages/yt_dlp/extractor/__pycache__/niconico.cpython-311.opt-1.pyc
usr/lib/python3.11/site-packages/yt_dlp/extractor/__pycache__/niconico.cpython-311.pyc
usr/lib/python3.11/site-packages/yt_dlp/extractor/__pycache__/niconicochannelplus.cpython-311.opt-1.pyc
usr/lib/python3.11/site-packages/yt_dlp/extractor/__pycache__/niconicochannelplus.cpython-311.pyc
usr/lib/python3.11/site-packages/yt_dlp/extractor/__pycache__/ninaprotocol.cpython-311.opt-1.pyc
usr/lib/python3.11/site-packages/yt_dlp/extractor/__pycache__/ninaprotocol.cpython-311.pyc
usr/lib/python3.11/site-packages/yt_dlp/extractor/__pycache__/ninecninemedia.cpython-311.opt-1.pyc
usr/lib/python3.11/site-packages/yt_dlp/extractor/__pycache__/ninecninemedia.cpython-311.pyc
usr/lib/python3.11/site-packages/yt_dlp/extractor/__pycache__/ninegag.cpython-311.opt-1.pyc
usr/lib/python3.11/site-packages/yt_dlp/extractor/__pycache__/ninegag.cpython-311.pyc
usr/lib/python3.11/site-packages/yt_dlp/extractor/__pycache__/ninenews.cpython-311.opt-1.pyc
usr/lib/python3.11/site-packages/yt_dlp/extractor/__pycache__/ninenews.cpython-311.pyc
usr/lib/python3.11/site-packages/yt_dlp/extractor/__pycache__/ninenow.cpython-311.opt-1.pyc
usr/lib/python3.11/site-packages/yt_dlp/extractor/__pycache__/ninenow.cpython-311.pyc
usr/lib/python3.11/site-packages/yt_dlp/extractor/__pycache__/nintendo.cpython-311.opt-1.pyc
usr/lib/python3.11/site-packages/yt_dlp/extractor/__pycache__/nintendo.cpython-311.pyc
usr/lib/python3.11/site-packages/yt_dlp/extractor/__pycache__/nitter.cpython-311.opt-1.pyc
usr/lib/python3.11/site-packages/yt_dlp/extractor/__pycache__/nitter.cpython-311.pyc
usr/lib/python3.11/site-packages/yt_dlp/extractor/__pycache__/nobelprize.cpython-311.opt-1.pyc
usr/lib/python3.11/site-packages/yt_dlp/extractor/__pycache__/nobelprize.cpython-311.pyc
usr/lib/python3.11/site-packages/yt_dlp/extractor/__pycache__/noice.cpython-311.opt-1.pyc
usr/lib/python3.11/site-packages/yt_dlp/extractor/__pycache__/noice.cpython-311.pyc
usr/lib/python3.11/site-packages/yt_dlp/extractor/__pycache__/nonktube.cpython-311.opt-1.pyc
usr/lib/python3.11/site-packages/yt_dlp/extractor/__pycache__/nonktube.cpython-311.pyc
usr/lib/python3.11/site-packages/yt_dlp/extractor/__pycache__/noodlemagazine.cpython-311.opt-1.pyc
usr/lib/python3.11/site-packages/yt_dlp/extractor/__pycache__/noodlemagazine.cpython-311.pyc
usr/lib/python3.11/site-packages/yt_dlp/extractor/__pycache__/nosnl.cpython-311.opt-1.pyc
usr/lib/python3.11/site-packages/yt_dlp/extractor/__pycache__/nosnl.cpython-311.pyc
usr/lib/python3.11/site-packages/yt_dlp/extractor/__pycache__/nova.cpython-311.opt-1.pyc
usr/lib/python3.11/site-packages/yt_dlp/extractor/__pycache__/nova.cpython-311.pyc
usr/lib/python3.11/site-packages/yt_dlp/extractor/__pycache__/novaplay.cpython-311.opt-1.pyc
usr/lib/python3.11/site-packages/yt_dlp/extractor/__pycache__/novaplay.cpython-311.pyc
usr/lib/python3.11/site-packages/yt_dlp/extractor/__pycache__/nowcanal.cpython-311.opt-1.pyc
usr/lib/python3.11/site-packages/yt_dlp/extractor/__pycache__/nowcanal.cpython-311.pyc
usr/lib/python3.11/site-packages/yt_dlp/extractor/__pycache__/nowness.cpython-311.opt-1.pyc
usr/lib/python3.11/site-packages/yt_dlp/extractor/__pycache__/nowness.cpython-311.pyc
usr/lib/python3.11/site-packages/yt_dlp/extractor/__pycache__/noz.cpython-311.opt-1.pyc
usr/lib/python3.11/site-packages/yt_dlp/extractor/__pycache__/noz.cpython-311.pyc
usr/lib/python3.11/site-packages/yt_dlp/extractor/__pycache__/npo.cpython-311.opt-1.pyc
usr/lib/python3.11/site-packages/yt_dlp/extractor/__pycache__/npo.cpython-311.pyc
usr/lib/python3.11/site-packages/yt_dlp/extractor/__pycache__/npr.cpython-311.opt-1.pyc
usr/lib/python3.11/site-packages/yt_dlp/extractor/__pycache__/npr.cpython-311.pyc
usr/lib/python3.11/site-packages/yt_dlp/extractor/__pycache__/nrk.cpython-311.opt-1.pyc
usr/lib/python3.11/site-packages/yt_dlp/extractor/__pycache__/nrk.cpython-311.pyc
usr/lib/python3.11/site-packages/yt_dlp/extractor/__pycache__/nrl.cpython-311.opt-1.pyc
usr/lib/python3.11/site-packages/yt_dlp/extractor/__pycache__/nrl.cpython-311.pyc
usr/lib/python3.11/site-packages/yt_dlp/extractor/__pycache__/nts.cpython-311.opt-1.pyc
usr/lib/python3.11/site-packages/yt_dlp/extractor/__pycache__/nts.cpython-311.pyc
usr/lib/python3.11/site-packages/yt_dlp/extractor/__pycache__/ntvcojp.cpython-311.opt-1.pyc
usr/lib/python3.11/site-packages/yt_dlp/extractor/__pycache__/ntvcojp.cpython-311.pyc
usr/lib/python3.11/site-packages/yt_dlp/extractor/__pycache__/ntvde.cpython-311.opt-1.pyc
usr/lib/python3.11/site-packages/yt_dlp/extractor/__pycache__/ntvde.cpython-311.pyc
usr/lib/python3.11/site-packages/yt_dlp/extractor/__pycache__/ntvru.cpython-311.opt-1.pyc
usr/lib/python3.11/site-packages/yt_dlp/extractor/__pycache__/ntvru.cpython-311.pyc
usr/lib/python3.11/site-packages/yt_dlp/extractor/__pycache__/nubilesporn.cpython-311.opt-1.pyc
usr/lib/python3.11/site-packages/yt_dlp/extractor/__pycache__/nubilesporn.cpython-311.pyc
usr/lib/python3.11/site-packages/yt_dlp/extractor/__pycache__/nuevo.cpython-311.opt-1.pyc
usr/lib/python3.11/site-packages/yt_dlp/extractor/__pycache__/nuevo.cpython-311.pyc
usr/lib/python3.11/site-packages/yt_dlp/extractor/__pycache__/nuum.cpython-311.opt-1.pyc
usr/lib/python3.11/site-packages/yt_dlp/extractor/__pycache__/nuum.cpython-311.pyc
usr/lib/python3.11/site-packages/yt_dlp/extractor/__pycache__/nuvid.cpython-311.opt-1.pyc
usr/lib/python3.11/site-packages/yt_dlp/extractor/__pycache__/nuvid.cpython-311.pyc
usr/lib/python3.11/site-packages/yt_dlp/extractor/__pycache__/nytimes.cpython-311.opt-1.pyc
usr/lib/python3.11/site-packages/yt_dlp/extractor/__pycache__/nytimes.cpython-311.pyc
usr/lib/python3.11/site-packages/yt_dlp/extractor/__pycache__/nzherald.cpython-311.opt-1.pyc
usr/lib/python3.11/site-packages/yt_dlp/extractor/__pycache__/nzherald.cpython-311.pyc
usr/lib/python3.11/site-packages/yt_dlp/extractor/__pycache__/nzonscreen.cpython-311.opt-1.pyc
usr/lib/python3.11/site-packages/yt_dlp/extractor/__pycache__/nzonscreen.cpython-311.pyc
usr/lib/python3.11/site-packages/yt_dlp/extractor/__pycache__/nzz.cpython-311.opt-1.pyc
usr/lib/python3.11/site-packages/yt_dlp/extractor/__pycache__/nzz.cpython-311.pyc
usr/lib/python3.11/site-packages/yt_dlp/extractor/__pycache__/odkmedia.cpython-311.opt-1.pyc
usr/lib/python3.11/site-packages/yt_dlp/extractor/__pycache__/odkmedia.cpython-311.pyc
usr/lib/python3.11/site-packages/yt_dlp/extractor/__pycache__/odnoklassniki.cpython-311.opt-1.pyc
usr/lib/python3.11/site-packages/yt_dlp/extractor/__pycache__/odnoklassniki.cpython-311.pyc
usr/lib/python3.11/site-packages/yt_dlp/extractor/__pycache__/oftv.cpython-311.opt-1.pyc
usr/lib/python3.11/site-packages/yt_dlp/extractor/__pycache__/oftv.cpython-311.pyc
usr/lib/python3.11/site-packages/yt_dlp/extractor/__pycache__/oktoberfesttv.cpython-311.opt-1.pyc
usr/lib/python3.11/site-packages/yt_dlp/extractor/__pycache__/oktoberfesttv.cpython-311.pyc
usr/lib/python3.11/site-packages/yt_dlp/extractor/__pycache__/olympics.cpython-311.opt-1.pyc
usr/lib/python3.11/site-packages/yt_dlp/extractor/__pycache__/olympics.cpython-311.pyc
usr/lib/python3.11/site-packages/yt_dlp/extractor/__pycache__/on24.cpython-311.opt-1.pyc
usr/lib/python3.11/site-packages/yt_dlp/extractor/__pycache__/on24.cpython-311.pyc
usr/lib/python3.11/site-packages/yt_dlp/extractor/__pycache__/ondemandkorea.cpython-311.opt-1.pyc
usr/lib/python3.11/site-packages/yt_dlp/extractor/__pycache__/ondemandkorea.cpython-311.pyc
usr/lib/python3.11/site-packages/yt_dlp/extractor/__pycache__/onefootball.cpython-311.opt-1.pyc
usr/lib/python3.11/site-packages/yt_dlp/extractor/__pycache__/onefootball.cpython-311.pyc
usr/lib/python3.11/site-packages/yt_dlp/extractor/__pycache__/onenewsnz.cpython-311.opt-1.pyc
usr/lib/python3.11/site-packages/yt_dlp/extractor/__pycache__/onenewsnz.cpython-311.pyc
usr/lib/python3.11/site-packages/yt_dlp/extractor/__pycache__/oneplace.cpython-311.opt-1.pyc
usr/lib/python3.11/site-packages/yt_dlp/extractor/__pycache__/oneplace.cpython-311.pyc
usr/lib/python3.11/site-packages/yt_dlp/extractor/__pycache__/onet.cpython-311.opt-1.pyc
usr/lib/python3.11/site-packages/yt_dlp/extractor/__pycache__/onet.cpython-311.pyc
usr/lib/python3.11/site-packages/yt_dlp/extractor/__pycache__/onionstudios.cpython-311.opt-1.pyc
usr/lib/python3.11/site-packages/yt_dlp/extractor/__pycache__/onionstudios.cpython-311.pyc
usr/lib/python3.11/site-packages/yt_dlp/extractor/__pycache__/onsen.cpython-311.opt-1.pyc
usr/lib/python3.11/site-packages/yt_dlp/extractor/__pycache__/onsen.cpython-311.pyc
usr/lib/python3.11/site-packages/yt_dlp/extractor/__pycache__/opencast.cpython-311.opt-1.pyc
usr/lib/python3.11/site-packages/yt_dlp/extractor/__pycache__/opencast.cpython-311.pyc
usr/lib/python3.11/site-packages/yt_dlp/extractor/__pycache__/openload.cpython-311.opt-1.pyc
usr/lib/python3.11/site-packages/yt_dlp/extractor/__pycache__/openload.cpython-311.pyc
usr/lib/python3.11/site-packages/yt_dlp/extractor/__pycache__/openrec.cpython-311.opt-1.pyc
usr/lib/python3.11/site-packages/yt_dlp/extractor/__pycache__/openrec.cpython-311.pyc
usr/lib/python3.11/site-packages/yt_dlp/extractor/__pycache__/ora.cpython-311.opt-1.pyc
usr/lib/python3.11/site-packages/yt_dlp/extractor/__pycache__/ora.cpython-311.pyc
usr/lib/python3.11/site-packages/yt_dlp/extractor/__pycache__/orf.cpython-311.opt-1.pyc
usr/lib/python3.11/site-packages/yt_dlp/extractor/__pycache__/orf.cpython-311.pyc
usr/lib/python3.11/site-packages/yt_dlp/extractor/__pycache__/outsidetv.cpython-311.opt-1.pyc
usr/lib/python3.11/site-packages/yt_dlp/extractor/__pycache__/outsidetv.cpython-311.pyc
usr/lib/python3.11/site-packages/yt_dlp/extractor/__pycache__/owncloud.cpython-311.opt-1.pyc
usr/lib/python3.11/site-packages/yt_dlp/extractor/__pycache__/owncloud.cpython-311.pyc
usr/lib/python3.11/site-packages/yt_dlp/extractor/__pycache__/packtpub.cpython-311.opt-1.pyc
usr/lib/python3.11/site-packages/yt_dlp/extractor/__pycache__/packtpub.cpython-311.pyc
usr/lib/python3.11/site-packages/yt_dlp/extractor/__pycache__/palcomp3.cpython-311.opt-1.pyc
usr/lib/python3.11/site-packages/yt_dlp/extractor/__pycache__/palcomp3.cpython-311.pyc
usr/lib/python3.11/site-packages/yt_dlp/extractor/__pycache__/pandatv.cpython-311.opt-1.pyc
usr/lib/python3.11/site-packages/yt_dlp/extractor/__pycache__/pandatv.cpython-311.pyc
usr/lib/python3.11/site-packages/yt_dlp/extractor/__pycache__/panopto.cpython-311.opt-1.pyc
usr/lib/python3.11/site-packages/yt_dlp/extractor/__pycache__/panopto.cpython-311.pyc
usr/lib/python3.11/site-packages/yt_dlp/extractor/__pycache__/parler.cpython-311.opt-1.pyc
usr/lib/python3.11/site-packages/yt_dlp/extractor/__pycache__/parler.cpython-311.pyc
usr/lib/python3.11/site-packages/yt_dlp/extractor/__pycache__/parlview.cpython-311.opt-1.pyc
usr/lib/python3.11/site-packages/yt_dlp/extractor/__pycache__/parlview.cpython-311.pyc
usr/lib/python3.11/site-packages/yt_dlp/extractor/__pycache__/parti.cpython-311.opt-1.pyc
usr/lib/python3.11/site-packages/yt_dlp/extractor/__pycache__/parti.cpython-311.pyc
usr/lib/python3.11/site-packages/yt_dlp/extractor/__pycache__/patreon.cpython-311.opt-1.pyc
usr/lib/python3.11/site-packages/yt_dlp/extractor/__pycache__/patreon.cpython-311.pyc
usr/lib/python3.11/site-packages/yt_dlp/extractor/__pycache__/pbs.cpython-311.opt-1.pyc
usr/lib/python3.11/site-packages/yt_dlp/extractor/__pycache__/pbs.cpython-311.pyc
usr/lib/python3.11/site-packages/yt_dlp/extractor/__pycache__/pearvideo.cpython-311.opt-1.pyc
usr/lib/python3.11/site-packages/yt_dlp/extractor/__pycache__/pearvideo.cpython-311.pyc
usr/lib/python3.11/site-packages/yt_dlp/extractor/__pycache__/peekvids.cpython-311.opt-1.pyc
usr/lib/python3.11/site-packages/yt_dlp/extractor/__pycache__/peekvids.cpython-311.pyc
usr/lib/python3.11/site-packages/yt_dlp/extractor/__pycache__/peertube.cpython-311.opt-1.pyc
usr/lib/python3.11/site-packages/yt_dlp/extractor/__pycache__/peertube.cpython-311.pyc
usr/lib/python3.11/site-packages/yt_dlp/extractor/__pycache__/peertv.cpython-311.opt-1.pyc
usr/lib/python3.11/site-packages/yt_dlp/extractor/__pycache__/peertv.cpython-311.pyc
usr/lib/python3.11/site-packages/yt_dlp/extractor/__pycache__/peloton.cpython-311.opt-1.pyc
usr/lib/python3.11/site-packages/yt_dlp/extractor/__pycache__/peloton.cpython-311.pyc
usr/lib/python3.11/site-packages/yt_dlp/extractor/__pycache__/performgroup.cpython-311.opt-1.pyc
usr/lib/python3.11/site-packages/yt_dlp/extractor/__pycache__/performgroup.cpython-311.pyc
usr/lib/python3.11/site-packages/yt_dlp/extractor/__pycache__/periscope.cpython-311.opt-1.pyc
usr/lib/python3.11/site-packages/yt_dlp/extractor/__pycache__/periscope.cpython-311.pyc
usr/lib/python3.11/site-packages/yt_dlp/extractor/__pycache__/pgatour.cpython-311.opt-1.pyc
usr/lib/python3.11/site-packages/yt_dlp/extractor/__pycache__/pgatour.cpython-311.pyc
usr/lib/python3.11/site-packages/yt_dlp/extractor/__pycache__/philharmoniedeparis.cpython-311.opt-1.pyc
usr/lib/python3.11/site-packages/yt_dlp/extractor/__pycache__/philharmoniedeparis.cpython-311.pyc
usr/lib/python3.11/site-packages/yt_dlp/extractor/__pycache__/phoenix.cpython-311.opt-1.pyc
usr/lib/python3.11/site-packages/yt_dlp/extractor/__pycache__/phoenix.cpython-311.pyc
usr/lib/python3.11/site-packages/yt_dlp/extractor/__pycache__/photobucket.cpython-311.opt-1.pyc
usr/lib/python3.11/site-packages/yt_dlp/extractor/__pycache__/photobucket.cpython-311.pyc
usr/lib/python3.11/site-packages/yt_dlp/extractor/__pycache__/pialive.cpython-311.opt-1.pyc
usr/lib/python3.11/site-packages/yt_dlp/extractor/__pycache__/pialive.cpython-311.pyc
usr/lib/python3.11/site-packages/yt_dlp/extractor/__pycache__/piapro.cpython-311.opt-1.pyc
usr/lib/python3.11/site-packages/yt_dlp/extractor/__pycache__/piapro.cpython-311.pyc
usr/lib/python3.11/site-packages/yt_dlp/extractor/__pycache__/picarto.cpython-311.opt-1.pyc
usr/lib/python3.11/site-packages/yt_dlp/extractor/__pycache__/picarto.cpython-311.pyc
usr/lib/python3.11/site-packages/yt_dlp/extractor/__pycache__/piksel.cpython-311.opt-1.pyc
usr/lib/python3.11/site-packages/yt_dlp/extractor/__pycache__/piksel.cpython-311.pyc
usr/lib/python3.11/site-packages/yt_dlp/extractor/__pycache__/pinkbike.cpython-311.opt-1.pyc
usr/lib/python3.11/site-packages/yt_dlp/extractor/__pycache__/pinkbike.cpython-311.pyc
usr/lib/python3.11/site-packages/yt_dlp/extractor/__pycache__/pinterest.cpython-311.opt-1.pyc
usr/lib/python3.11/site-packages/yt_dlp/extractor/__pycache__/pinterest.cpython-311.pyc
usr/lib/python3.11/site-packages/yt_dlp/extractor/__pycache__/piramidetv.cpython-311.opt-1.pyc
usr/lib/python3.11/site-packages/yt_dlp/extractor/__pycache__/piramidetv.cpython-311.pyc
usr/lib/python3.11/site-packages/yt_dlp/extractor/__pycache__/planetmarathi.cpython-311.opt-1.pyc
usr/lib/python3.11/site-packages/yt_dlp/extractor/__pycache__/planetmarathi.cpython-311.pyc
usr/lib/python3.11/site-packages/yt_dlp/extractor/__pycache__/platzi.cpython-311.opt-1.pyc
usr/lib/python3.11/site-packages/yt_dlp/extractor/__pycache__/platzi.cpython-311.pyc
usr/lib/python3.11/site-packages/yt_dlp/extractor/__pycache__/playerfm.cpython-311.opt-1.pyc
usr/lib/python3.11/site-packages/yt_dlp/extractor/__pycache__/playerfm.cpython-311.pyc
usr/lib/python3.11/site-packages/yt_dlp/extractor/__pycache__/playplustv.cpython-311.opt-1.pyc
usr/lib/python3.11/site-packages/yt_dlp/extractor/__pycache__/playplustv.cpython-311.pyc
usr/lib/python3.11/site-packages/yt_dlp/extractor/__pycache__/playsuisse.cpython-311.opt-1.pyc
usr/lib/python3.11/site-packages/yt_dlp/extractor/__pycache__/playsuisse.cpython-311.pyc
usr/lib/python3.11/site-packages/yt_dlp/extractor/__pycache__/playtvak.cpython-311.opt-1.pyc
usr/lib/python3.11/site-packages/yt_dlp/extractor/__pycache__/playtvak.cpython-311.pyc
usr/lib/python3.11/site-packages/yt_dlp/extractor/__pycache__/playwire.cpython-311.opt-1.pyc
usr/lib/python3.11/site-packages/yt_dlp/extractor/__pycache__/playwire.cpython-311.pyc
usr/lib/python3.11/site-packages/yt_dlp/extractor/__pycache__/pluralsight.cpython-311.opt-1.pyc
usr/lib/python3.11/site-packages/yt_dlp/extractor/__pycache__/pluralsight.cpython-311.pyc
usr/lib/python3.11/site-packages/yt_dlp/extractor/__pycache__/plutotv.cpython-311.opt-1.pyc
usr/lib/python3.11/site-packages/yt_dlp/extractor/__pycache__/plutotv.cpython-311.pyc
usr/lib/python3.11/site-packages/yt_dlp/extractor/__pycache__/plvideo.cpython-311.opt-1.pyc
usr/lib/python3.11/site-packages/yt_dlp/extractor/__pycache__/plvideo.cpython-311.pyc
usr/lib/python3.11/site-packages/yt_dlp/extractor/__pycache__/plyr.cpython-311.opt-1.pyc
usr/lib/python3.11/site-packages/yt_dlp/extractor/__pycache__/plyr.cpython-311.pyc
usr/lib/python3.11/site-packages/yt_dlp/extractor/__pycache__/podbayfm.cpython-311.opt-1.pyc
usr/lib/python3.11/site-packages/yt_dlp/extractor/__pycache__/podbayfm.cpython-311.pyc
usr/lib/python3.11/site-packages/yt_dlp/extractor/__pycache__/podchaser.cpython-311.opt-1.pyc
usr/lib/python3.11/site-packages/yt_dlp/extractor/__pycache__/podchaser.cpython-311.pyc
usr/lib/python3.11/site-packages/yt_dlp/extractor/__pycache__/podomatic.cpython-311.opt-1.pyc
usr/lib/python3.11/site-packages/yt_dlp/extractor/__pycache__/podomatic.cpython-311.pyc
usr/lib/python3.11/site-packages/yt_dlp/extractor/__pycache__/pokergo.cpython-311.opt-1.pyc
usr/lib/python3.11/site-packages/yt_dlp/extractor/__pycache__/pokergo.cpython-311.pyc
usr/lib/python3.11/site-packages/yt_dlp/extractor/__pycache__/polsatgo.cpython-311.opt-1.pyc
usr/lib/python3.11/site-packages/yt_dlp/extractor/__pycache__/polsatgo.cpython-311.pyc
usr/lib/python3.11/site-packages/yt_dlp/extractor/__pycache__/polskieradio.cpython-311.opt-1.pyc
usr/lib/python3.11/site-packages/yt_dlp/extractor/__pycache__/polskieradio.cpython-311.pyc
usr/lib/python3.11/site-packages/yt_dlp/extractor/__pycache__/popcorntimes.cpython-311.opt-1.pyc
usr/lib/python3.11/site-packages/yt_dlp/extractor/__pycache__/popcorntimes.cpython-311.pyc
usr/lib/python3.11/site-packages/yt_dlp/extractor/__pycache__/popcorntv.cpython-311.opt-1.pyc
usr/lib/python3.11/site-packages/yt_dlp/extractor/__pycache__/popcorntv.cpython-311.pyc
usr/lib/python3.11/site-packages/yt_dlp/extractor/__pycache__/pornbox.cpython-311.opt-1.pyc
usr/lib/python3.11/site-packages/yt_dlp/extractor/__pycache__/pornbox.cpython-311.pyc
usr/lib/python3.11/site-packages/yt_dlp/extractor/__pycache__/pornflip.cpython-311.opt-1.pyc
usr/lib/python3.11/site-packages/yt_dlp/extractor/__pycache__/pornflip.cpython-311.pyc
usr/lib/python3.11/site-packages/yt_dlp/extractor/__pycache__/pornhub.cpython-311.opt-1.pyc
usr/lib/python3.11/site-packages/yt_dlp/extractor/__pycache__/pornhub.cpython-311.pyc
usr/lib/python3.11/site-packages/yt_dlp/extractor/__pycache__/pornotube.cpython-311.opt-1.pyc
usr/lib/python3.11/site-packages/yt_dlp/extractor/__pycache__/pornotube.cpython-311.pyc
usr/lib/python3.11/site-packages/yt_dlp/extractor/__pycache__/pornovoisines.cpython-311.opt-1.pyc
usr/lib/python3.11/site-packages/yt_dlp/extractor/__pycache__/pornovoisines.cpython-311.pyc
usr/lib/python3.11/site-packages/yt_dlp/extractor/__pycache__/pornoxo.cpython-311.opt-1.pyc
usr/lib/python3.11/site-packages/yt_dlp/extractor/__pycache__/pornoxo.cpython-311.pyc
usr/lib/python3.11/site-packages/yt_dlp/extractor/__pycache__/pr0gramm.cpython-311.opt-1.pyc
usr/lib/python3.11/site-packages/yt_dlp/extractor/__pycache__/pr0gramm.cpython-311.pyc
usr/lib/python3.11/site-packages/yt_dlp/extractor/__pycache__/prankcast.cpython-311.opt-1.pyc
usr/lib/python3.11/site-packages/yt_dlp/extractor/__pycache__/prankcast.cpython-311.pyc
usr/lib/python3.11/site-packages/yt_dlp/extractor/__pycache__/premiershiprugby.cpython-311.opt-1.pyc
usr/lib/python3.11/site-packages/yt_dlp/extractor/__pycache__/premiershiprugby.cpython-311.pyc
usr/lib/python3.11/site-packages/yt_dlp/extractor/__pycache__/presstv.cpython-311.opt-1.pyc
usr/lib/python3.11/site-packages/yt_dlp/extractor/__pycache__/presstv.cpython-311.pyc
usr/lib/python3.11/site-packages/yt_dlp/extractor/__pycache__/projectveritas.cpython-311.opt-1.pyc
usr/lib/python3.11/site-packages/yt_dlp/extractor/__pycache__/projectveritas.cpython-311.pyc
usr/lib/python3.11/site-packages/yt_dlp/extractor/__pycache__/prosiebensat1.cpython-311.opt-1.pyc
usr/lib/python3.11/site-packages/yt_dlp/extractor/__pycache__/prosiebensat1.cpython-311.pyc
usr/lib/python3.11/site-packages/yt_dlp/extractor/__pycache__/prx.cpython-311.opt-1.pyc
usr/lib/python3.11/site-packages/yt_dlp/extractor/__pycache__/prx.cpython-311.pyc
usr/lib/python3.11/site-packages/yt_dlp/extractor/__pycache__/puhutv.cpython-311.opt-1.pyc
usr/lib/python3.11/site-packages/yt_dlp/extractor/__pycache__/puhutv.cpython-311.pyc
usr/lib/python3.11/site-packages/yt_dlp/extractor/__pycache__/puls4.cpython-311.opt-1.pyc
usr/lib/python3.11/site-packages/yt_dlp/extractor/__pycache__/puls4.cpython-311.pyc
usr/lib/python3.11/site-packages/yt_dlp/extractor/__pycache__/pyvideo.cpython-311.opt-1.pyc
usr/lib/python3.11/site-packages/yt_dlp/extractor/__pycache__/pyvideo.cpython-311.pyc
usr/lib/python3.11/site-packages/yt_dlp/extractor/__pycache__/qdance.cpython-311.opt-1.pyc
usr/lib/python3.11/site-packages/yt_dlp/extractor/__pycache__/qdance.cpython-311.pyc
usr/lib/python3.11/site-packages/yt_dlp/extractor/__pycache__/qingting.cpython-311.opt-1.pyc
usr/lib/python3.11/site-packages/yt_dlp/extractor/__pycache__/qingting.cpython-311.pyc
usr/lib/python3.11/site-packages/yt_dlp/extractor/__pycache__/qqmusic.cpython-311.opt-1.pyc
usr/lib/python3.11/site-packages/yt_dlp/extractor/__pycache__/qqmusic.cpython-311.pyc
usr/lib/python3.11/site-packages/yt_dlp/extractor/__pycache__/r7.cpython-311.opt-1.pyc
usr/lib/python3.11/site-packages/yt_dlp/extractor/__pycache__/r7.cpython-311.pyc
usr/lib/python3.11/site-packages/yt_dlp/extractor/__pycache__/radiko.cpython-311.opt-1.pyc
usr/lib/python3.11/site-packages/yt_dlp/extractor/__pycache__/radiko.cpython-311.pyc
usr/lib/python3.11/site-packages/yt_dlp/extractor/__pycache__/radiocanada.cpython-311.opt-1.pyc
usr/lib/python3.11/site-packages/yt_dlp/extractor/__pycache__/radiocanada.cpython-311.pyc
usr/lib/python3.11/site-packages/yt_dlp/extractor/__pycache__/radiocomercial.cpython-311.opt-1.pyc
usr/lib/python3.11/site-packages/yt_dlp/extractor/__pycache__/radiocomercial.cpython-311.pyc
usr/lib/python3.11/site-packages/yt_dlp/extractor/__pycache__/radiode.cpython-311.opt-1.pyc
usr/lib/python3.11/site-packages/yt_dlp/extractor/__pycache__/radiode.cpython-311.pyc
usr/lib/python3.11/site-packages/yt_dlp/extractor/__pycache__/radiofrance.cpython-311.opt-1.pyc
usr/lib/python3.11/site-packages/yt_dlp/extractor/__pycache__/radiofrance.cpython-311.pyc
usr/lib/python3.11/site-packages/yt_dlp/extractor/__pycache__/radiojavan.cpython-311.opt-1.pyc
usr/lib/python3.11/site-packages/yt_dlp/extractor/__pycache__/radiojavan.cpython-311.pyc
usr/lib/python3.11/site-packages/yt_dlp/extractor/__pycache__/radiokapital.cpython-311.opt-1.pyc
usr/lib/python3.11/site-packages/yt_dlp/extractor/__pycache__/radiokapital.cpython-311.pyc
usr/lib/python3.11/site-packages/yt_dlp/extractor/__pycache__/radioradicale.cpython-311.opt-1.pyc
usr/lib/python3.11/site-packages/yt_dlp/extractor/__pycache__/radioradicale.cpython-311.pyc
usr/lib/python3.11/site-packages/yt_dlp/extractor/__pycache__/radiozet.cpython-311.opt-1.pyc
usr/lib/python3.11/site-packages/yt_dlp/extractor/__pycache__/radiozet.cpython-311.pyc
usr/lib/python3.11/site-packages/yt_dlp/extractor/__pycache__/radlive.cpython-311.opt-1.pyc
usr/lib/python3.11/site-packages/yt_dlp/extractor/__pycache__/radlive.cpython-311.pyc
usr/lib/python3.11/site-packages/yt_dlp/extractor/__pycache__/rai.cpython-311.opt-1.pyc
usr/lib/python3.11/site-packages/yt_dlp/extractor/__pycache__/rai.cpython-311.pyc
usr/lib/python3.11/site-packages/yt_dlp/extractor/__pycache__/raywenderlich.cpython-311.opt-1.pyc
usr/lib/python3.11/site-packages/yt_dlp/extractor/__pycache__/raywenderlich.cpython-311.pyc
usr/lib/python3.11/site-packages/yt_dlp/extractor/__pycache__/rbgtum.cpython-311.opt-1.pyc
usr/lib/python3.11/site-packages/yt_dlp/extractor/__pycache__/rbgtum.cpython-311.pyc
usr/lib/python3.11/site-packages/yt_dlp/extractor/__pycache__/rcs.cpython-311.opt-1.pyc
usr/lib/python3.11/site-packages/yt_dlp/extractor/__pycache__/rcs.cpython-311.pyc
usr/lib/python3.11/site-packages/yt_dlp/extractor/__pycache__/rcti.cpython-311.opt-1.pyc
usr/lib/python3.11/site-packages/yt_dlp/extractor/__pycache__/rcti.cpython-311.pyc
usr/lib/python3.11/site-packages/yt_dlp/extractor/__pycache__/rds.cpython-311.opt-1.pyc
usr/lib/python3.11/site-packages/yt_dlp/extractor/__pycache__/rds.cpython-311.pyc
usr/lib/python3.11/site-packages/yt_dlp/extractor/__pycache__/redbee.cpython-311.opt-1.pyc
usr/lib/python3.11/site-packages/yt_dlp/extractor/__pycache__/redbee.cpython-311.pyc
usr/lib/python3.11/site-packages/yt_dlp/extractor/__pycache__/redbulltv.cpython-311.opt-1.pyc
usr/lib/python3.11/site-packages/yt_dlp/extractor/__pycache__/redbulltv.cpython-311.pyc
usr/lib/python3.11/site-packages/yt_dlp/extractor/__pycache__/reddit.cpython-311.opt-1.pyc
usr/lib/python3.11/site-packages/yt_dlp/extractor/__pycache__/reddit.cpython-311.pyc
usr/lib/python3.11/site-packages/yt_dlp/extractor/__pycache__/redge.cpython-311.opt-1.pyc
usr/lib/python3.11/site-packages/yt_dlp/extractor/__pycache__/redge.cpython-311.pyc
usr/lib/python3.11/site-packages/yt_dlp/extractor/__pycache__/redgifs.cpython-311.opt-1.pyc
usr/lib/python3.11/site-packages/yt_dlp/extractor/__pycache__/redgifs.cpython-311.pyc
usr/lib/python3.11/site-packages/yt_dlp/extractor/__pycache__/redtube.cpython-311.opt-1.pyc
usr/lib/python3.11/site-packages/yt_dlp/extractor/__pycache__/redtube.cpython-311.pyc
usr/lib/python3.11/site-packages/yt_dlp/extractor/__pycache__/rentv.cpython-311.opt-1.pyc
usr/lib/python3.11/site-packages/yt_dlp/extractor/__pycache__/rentv.cpython-311.pyc
usr/lib/python3.11/site-packages/yt_dlp/extractor/__pycache__/restudy.cpython-311.opt-1.pyc
usr/lib/python3.11/site-packages/yt_dlp/extractor/__pycache__/restudy.cpython-311.pyc
usr/lib/python3.11/site-packages/yt_dlp/extractor/__pycache__/reuters.cpython-311.opt-1.pyc
usr/lib/python3.11/site-packages/yt_dlp/extractor/__pycache__/reuters.cpython-311.pyc
usr/lib/python3.11/site-packages/yt_dlp/extractor/__pycache__/reverbnation.cpython-311.opt-1.pyc
usr/lib/python3.11/site-packages/yt_dlp/extractor/__pycache__/reverbnation.cpython-311.pyc
usr/lib/python3.11/site-packages/yt_dlp/extractor/__pycache__/rheinmaintv.cpython-311.opt-1.pyc
usr/lib/python3.11/site-packages/yt_dlp/extractor/__pycache__/rheinmaintv.cpython-311.pyc
usr/lib/python3.11/site-packages/yt_dlp/extractor/__pycache__/ridehome.cpython-311.opt-1.pyc
usr/lib/python3.11/site-packages/yt_dlp/extractor/__pycache__/ridehome.cpython-311.pyc
usr/lib/python3.11/site-packages/yt_dlp/extractor/__pycache__/rinsefm.cpython-311.opt-1.pyc
usr/lib/python3.11/site-packages/yt_dlp/extractor/__pycache__/rinsefm.cpython-311.pyc
usr/lib/python3.11/site-packages/yt_dlp/extractor/__pycache__/rmcdecouverte.cpython-311.opt-1.pyc
usr/lib/python3.11/site-packages/yt_dlp/extractor/__pycache__/rmcdecouverte.cpython-311.pyc
usr/lib/python3.11/site-packages/yt_dlp/extractor/__pycache__/rockstargames.cpython-311.opt-1.pyc
usr/lib/python3.11/site-packages/yt_dlp/extractor/__pycache__/rockstargames.cpython-311.pyc
usr/lib/python3.11/site-packages/yt_dlp/extractor/__pycache__/rokfin.cpython-311.opt-1.pyc
usr/lib/python3.11/site-packages/yt_dlp/extractor/__pycache__/rokfin.cpython-311.pyc
usr/lib/python3.11/site-packages/yt_dlp/extractor/__pycache__/roosterteeth.cpython-311.opt-1.pyc
usr/lib/python3.11/site-packages/yt_dlp/extractor/__pycache__/roosterteeth.cpython-311.pyc
usr/lib/python3.11/site-packages/yt_dlp/extractor/__pycache__/rottentomatoes.cpython-311.opt-1.pyc
usr/lib/python3.11/site-packages/yt_dlp/extractor/__pycache__/rottentomatoes.cpython-311.pyc
usr/lib/python3.11/site-packages/yt_dlp/extractor/__pycache__/roya.cpython-311.opt-1.pyc
usr/lib/python3.11/site-packages/yt_dlp/extractor/__pycache__/roya.cpython-311.pyc
usr/lib/python3.11/site-packages/yt_dlp/extractor/__pycache__/rozhlas.cpython-311.opt-1.pyc
usr/lib/python3.11/site-packages/yt_dlp/extractor/__pycache__/rozhlas.cpython-311.pyc
usr/lib/python3.11/site-packages/yt_dlp/extractor/__pycache__/rte.cpython-311.opt-1.pyc
usr/lib/python3.11/site-packages/yt_dlp/extractor/__pycache__/rte.cpython-311.pyc
usr/lib/python3.11/site-packages/yt_dlp/extractor/__pycache__/rtl2.cpython-311.opt-1.pyc
usr/lib/python3.11/site-packages/yt_dlp/extractor/__pycache__/rtl2.cpython-311.pyc
usr/lib/python3.11/site-packages/yt_dlp/extractor/__pycache__/rtlnl.cpython-311.opt-1.pyc
usr/lib/python3.11/site-packages/yt_dlp/extractor/__pycache__/rtlnl.cpython-311.pyc
usr/lib/python3.11/site-packages/yt_dlp/extractor/__pycache__/rtnews.cpython-311.opt-1.pyc
usr/lib/python3.11/site-packages/yt_dlp/extractor/__pycache__/rtnews.cpython-311.pyc
usr/lib/python3.11/site-packages/yt_dlp/extractor/__pycache__/rtp.cpython-311.opt-1.pyc
usr/lib/python3.11/site-packages/yt_dlp/extractor/__pycache__/rtp.cpython-311.pyc
usr/lib/python3.11/site-packages/yt_dlp/extractor/__pycache__/rtrfm.cpython-311.opt-1.pyc
usr/lib/python3.11/site-packages/yt_dlp/extractor/__pycache__/rtrfm.cpython-311.pyc
usr/lib/python3.11/site-packages/yt_dlp/extractor/__pycache__/rts.cpython-311.opt-1.pyc
usr/lib/python3.11/site-packages/yt_dlp/extractor/__pycache__/rts.cpython-311.pyc
usr/lib/python3.11/site-packages/yt_dlp/extractor/__pycache__/rtvcplay.cpython-311.opt-1.pyc
usr/lib/python3.11/site-packages/yt_dlp/extractor/__pycache__/rtvcplay.cpython-311.pyc
usr/lib/python3.11/site-packages/yt_dlp/extractor/__pycache__/rtve.cpython-311.opt-1.pyc
usr/lib/python3.11/site-packages/yt_dlp/extractor/__pycache__/rtve.cpython-311.pyc
usr/lib/python3.11/site-packages/yt_dlp/extractor/__pycache__/rtvs.cpython-311.opt-1.pyc
usr/lib/python3.11/site-packages/yt_dlp/extractor/__pycache__/rtvs.cpython-311.pyc
usr/lib/python3.11/site-packages/yt_dlp/extractor/__pycache__/rtvslo.cpython-311.opt-1.pyc
usr/lib/python3.11/site-packages/yt_dlp/extractor/__pycache__/rtvslo.cpython-311.pyc
usr/lib/python3.11/site-packages/yt_dlp/extractor/__pycache__/rudovideo.cpython-311.opt-1.pyc
usr/lib/python3.11/site-packages/yt_dlp/extractor/__pycache__/rudovideo.cpython-311.pyc
usr/lib/python3.11/site-packages/yt_dlp/extractor/__pycache__/rule34video.cpython-311.opt-1.pyc
usr/lib/python3.11/site-packages/yt_dlp/extractor/__pycache__/rule34video.cpython-311.pyc
usr/lib/python3.11/site-packages/yt_dlp/extractor/__pycache__/rumble.cpython-311.opt-1.pyc
usr/lib/python3.11/site-packages/yt_dlp/extractor/__pycache__/rumble.cpython-311.pyc
usr/lib/python3.11/site-packages/yt_dlp/extractor/__pycache__/rutube.cpython-311.opt-1.pyc
usr/lib/python3.11/site-packages/yt_dlp/extractor/__pycache__/rutube.cpython-311.pyc
usr/lib/python3.11/site-packages/yt_dlp/extractor/__pycache__/ruutu.cpython-311.opt-1.pyc
usr/lib/python3.11/site-packages/yt_dlp/extractor/__pycache__/ruutu.cpython-311.pyc
usr/lib/python3.11/site-packages/yt_dlp/extractor/__pycache__/ruv.cpython-311.opt-1.pyc
usr/lib/python3.11/site-packages/yt_dlp/extractor/__pycache__/ruv.cpython-311.pyc
usr/lib/python3.11/site-packages/yt_dlp/extractor/__pycache__/s4c.cpython-311.opt-1.pyc
usr/lib/python3.11/site-packages/yt_dlp/extractor/__pycache__/s4c.cpython-311.pyc
usr/lib/python3.11/site-packages/yt_dlp/extractor/__pycache__/safari.cpython-311.opt-1.pyc
usr/lib/python3.11/site-packages/yt_dlp/extractor/__pycache__/safari.cpython-311.pyc
usr/lib/python3.11/site-packages/yt_dlp/extractor/__pycache__/saitosan.cpython-311.opt-1.pyc
usr/lib/python3.11/site-packages/yt_dlp/extractor/__pycache__/saitosan.cpython-311.pyc
usr/lib/python3.11/site-packages/yt_dlp/extractor/__pycache__/samplefocus.cpython-311.opt-1.pyc
usr/lib/python3.11/site-packages/yt_dlp/extractor/__pycache__/samplefocus.cpython-311.pyc
usr/lib/python3.11/site-packages/yt_dlp/extractor/__pycache__/sapo.cpython-311.opt-1.pyc
usr/lib/python3.11/site-packages/yt_dlp/extractor/__pycache__/sapo.cpython-311.pyc
usr/lib/python3.11/site-packages/yt_dlp/extractor/__pycache__/sauceplus.cpython-311.opt-1.pyc
usr/lib/python3.11/site-packages/yt_dlp/extractor/__pycache__/sauceplus.cpython-311.pyc
usr/lib/python3.11/site-packages/yt_dlp/extractor/__pycache__/sbs.cpython-311.opt-1.pyc
usr/lib/python3.11/site-packages/yt_dlp/extractor/__pycache__/sbs.cpython-311.pyc
usr/lib/python3.11/site-packages/yt_dlp/extractor/__pycache__/sbscokr.cpython-311.opt-1.pyc
usr/lib/python3.11/site-packages/yt_dlp/extractor/__pycache__/sbscokr.cpython-311.pyc
usr/lib/python3.11/site-packages/yt_dlp/extractor/__pycache__/screen9.cpython-311.opt-1.pyc
usr/lib/python3.11/site-packages/yt_dlp/extractor/__pycache__/screen9.cpython-311.pyc
usr/lib/python3.11/site-packages/yt_dlp/extractor/__pycache__/screencast.cpython-311.opt-1.pyc
usr/lib/python3.11/site-packages/yt_dlp/extractor/__pycache__/screencast.cpython-311.pyc
usr/lib/python3.11/site-packages/yt_dlp/extractor/__pycache__/screencastify.cpython-311.opt-1.pyc
usr/lib/python3.11/site-packages/yt_dlp/extractor/__pycache__/screencastify.cpython-311.pyc
usr/lib/python3.11/site-packages/yt_dlp/extractor/__pycache__/screencastomatic.cpython-311.opt-1.pyc
usr/lib/python3.11/site-packages/yt_dlp/extractor/__pycache__/screencastomatic.cpython-311.pyc
usr/lib/python3.11/site-packages/yt_dlp/extractor/__pycache__/screenrec.cpython-311.opt-1.pyc
usr/lib/python3.11/site-packages/yt_dlp/extractor/__pycache__/screenrec.cpython-311.pyc
usr/lib/python3.11/site-packages/yt_dlp/extractor/__pycache__/scrippsnetworks.cpython-311.opt-1.pyc
usr/lib/python3.11/site-packages/yt_dlp/extractor/__pycache__/scrippsnetworks.cpython-311.pyc
usr/lib/python3.11/site-packages/yt_dlp/extractor/__pycache__/scrolller.cpython-311.opt-1.pyc
usr/lib/python3.11/site-packages/yt_dlp/extractor/__pycache__/scrolller.cpython-311.pyc
usr/lib/python3.11/site-packages/yt_dlp/extractor/__pycache__/sejmpl.cpython-311.opt-1.pyc
usr/lib/python3.11/site-packages/yt_dlp/extractor/__pycache__/sejmpl.cpython-311.pyc
usr/lib/python3.11/site-packages/yt_dlp/extractor/__pycache__/sen.cpython-311.opt-1.pyc
usr/lib/python3.11/site-packages/yt_dlp/extractor/__pycache__/sen.cpython-311.pyc
usr/lib/python3.11/site-packages/yt_dlp/extractor/__pycache__/senalcolombia.cpython-311.opt-1.pyc
usr/lib/python3.11/site-packages/yt_dlp/extractor/__pycache__/senalcolombia.cpython-311.pyc
usr/lib/python3.11/site-packages/yt_dlp/extractor/__pycache__/senategov.cpython-311.opt-1.pyc
usr/lib/python3.11/site-packages/yt_dlp/extractor/__pycache__/senategov.cpython-311.pyc
usr/lib/python3.11/site-packages/yt_dlp/extractor/__pycache__/sendtonews.cpython-311.opt-1.pyc
usr/lib/python3.11/site-packages/yt_dlp/extractor/__pycache__/sendtonews.cpython-311.pyc
usr/lib/python3.11/site-packages/yt_dlp/extractor/__pycache__/servus.cpython-311.opt-1.pyc
usr/lib/python3.11/site-packages/yt_dlp/extractor/__pycache__/servus.cpython-311.pyc
usr/lib/python3.11/site-packages/yt_dlp/extractor/__pycache__/sevenplus.cpython-311.opt-1.pyc
usr/lib/python3.11/site-packages/yt_dlp/extractor/__pycache__/sevenplus.cpython-311.pyc
usr/lib/python3.11/site-packages/yt_dlp/extractor/__pycache__/sexu.cpython-311.opt-1.pyc
usr/lib/python3.11/site-packages/yt_dlp/extractor/__pycache__/sexu.cpython-311.pyc
usr/lib/python3.11/site-packages/yt_dlp/extractor/__pycache__/seznamzpravy.cpython-311.opt-1.pyc
usr/lib/python3.11/site-packages/yt_dlp/extractor/__pycache__/seznamzpravy.cpython-311.pyc
usr/lib/python3.11/site-packages/yt_dlp/extractor/__pycache__/shahid.cpython-311.opt-1.pyc
usr/lib/python3.11/site-packages/yt_dlp/extractor/__pycache__/shahid.cpython-311.pyc
usr/lib/python3.11/site-packages/yt_dlp/extractor/__pycache__/sharepoint.cpython-311.opt-1.pyc
usr/lib/python3.11/site-packages/yt_dlp/extractor/__pycache__/sharepoint.cpython-311.pyc
usr/lib/python3.11/site-packages/yt_dlp/extractor/__pycache__/sharevideos.cpython-311.opt-1.pyc
usr/lib/python3.11/site-packages/yt_dlp/extractor/__pycache__/sharevideos.cpython-311.pyc
usr/lib/python3.11/site-packages/yt_dlp/extractor/__pycache__/shemaroome.cpython-311.opt-1.pyc
usr/lib/python3.11/site-packages/yt_dlp/extractor/__pycache__/shemaroome.cpython-311.pyc
usr/lib/python3.11/site-packages/yt_dlp/extractor/__pycache__/shiey.cpython-311.opt-1.pyc
usr/lib/python3.11/site-packages/yt_dlp/extractor/__pycache__/shiey.cpython-311.pyc
usr/lib/python3.11/site-packages/yt_dlp/extractor/__pycache__/showroomlive.cpython-311.opt-1.pyc
usr/lib/python3.11/site-packages/yt_dlp/extractor/__pycache__/showroomlive.cpython-311.pyc
usr/lib/python3.11/site-packages/yt_dlp/extractor/__pycache__/sibnet.cpython-311.opt-1.pyc
usr/lib/python3.11/site-packages/yt_dlp/extractor/__pycache__/sibnet.cpython-311.pyc
usr/lib/python3.11/site-packages/yt_dlp/extractor/__pycache__/simplecast.cpython-311.opt-1.pyc
usr/lib/python3.11/site-packages/yt_dlp/extractor/__pycache__/simplecast.cpython-311.pyc
usr/lib/python3.11/site-packages/yt_dlp/extractor/__pycache__/sina.cpython-311.opt-1.pyc
usr/lib/python3.11/site-packages/yt_dlp/extractor/__pycache__/sina.cpython-311.pyc
usr/lib/python3.11/site-packages/yt_dlp/extractor/__pycache__/skeb.cpython-311.opt-1.pyc
usr/lib/python3.11/site-packages/yt_dlp/extractor/__pycache__/skeb.cpython-311.pyc
usr/lib/python3.11/site-packages/yt_dlp/extractor/__pycache__/sky.cpython-311.opt-1.pyc
usr/lib/python3.11/site-packages/yt_dlp/extractor/__pycache__/sky.cpython-311.pyc
usr/lib/python3.11/site-packages/yt_dlp/extractor/__pycache__/skyit.cpython-311.opt-1.pyc
usr/lib/python3.11/site-packages/yt_dlp/extractor/__pycache__/skyit.cpython-311.pyc
usr/lib/python3.11/site-packages/yt_dlp/extractor/__pycache__/skylinewebcams.cpython-311.opt-1.pyc
usr/lib/python3.11/site-packages/yt_dlp/extractor/__pycache__/skylinewebcams.cpython-311.pyc
usr/lib/python3.11/site-packages/yt_dlp/extractor/__pycache__/skynewsarabia.cpython-311.opt-1.pyc
usr/lib/python3.11/site-packages/yt_dlp/extractor/__pycache__/skynewsarabia.cpython-311.pyc
usr/lib/python3.11/site-packages/yt_dlp/extractor/__pycache__/skynewsau.cpython-311.opt-1.pyc
usr/lib/python3.11/site-packages/yt_dlp/extractor/__pycache__/skynewsau.cpython-311.pyc
usr/lib/python3.11/site-packages/yt_dlp/extractor/__pycache__/slideshare.cpython-311.opt-1.pyc
usr/lib/python3.11/site-packages/yt_dlp/extractor/__pycache__/slideshare.cpython-311.pyc
usr/lib/python3.11/site-packages/yt_dlp/extractor/__pycache__/slideslive.cpython-311.opt-1.pyc
usr/lib/python3.11/site-packages/yt_dlp/extractor/__pycache__/slideslive.cpython-311.pyc
usr/lib/python3.11/site-packages/yt_dlp/extractor/__pycache__/slutload.cpython-311.opt-1.pyc
usr/lib/python3.11/site-packages/yt_dlp/extractor/__pycache__/slutload.cpython-311.pyc
usr/lib/python3.11/site-packages/yt_dlp/extractor/__pycache__/smotrim.cpython-311.opt-1.pyc
usr/lib/python3.11/site-packages/yt_dlp/extractor/__pycache__/smotrim.cpython-311.pyc
usr/lib/python3.11/site-packages/yt_dlp/extractor/__pycache__/snapchat.cpython-311.opt-1.pyc
usr/lib/python3.11/site-packages/yt_dlp/extractor/__pycache__/snapchat.cpython-311.pyc
usr/lib/python3.11/site-packages/yt_dlp/extractor/__pycache__/snotr.cpython-311.opt-1.pyc
usr/lib/python3.11/site-packages/yt_dlp/extractor/__pycache__/snotr.cpython-311.pyc
usr/lib/python3.11/site-packages/yt_dlp/extractor/__pycache__/softwhiteunderbelly.cpython-311.opt-1.pyc
usr/lib/python3.11/site-packages/yt_dlp/extractor/__pycache__/softwhiteunderbelly.cpython-311.pyc
usr/lib/python3.11/site-packages/yt_dlp/extractor/__pycache__/sohu.cpython-311.opt-1.pyc
usr/lib/python3.11/site-packages/yt_dlp/extractor/__pycache__/sohu.cpython-311.pyc
usr/lib/python3.11/site-packages/yt_dlp/extractor/__pycache__/sonyliv.cpython-311.opt-1.pyc
usr/lib/python3.11/site-packages/yt_dlp/extractor/__pycache__/sonyliv.cpython-311.pyc
usr/lib/python3.11/site-packages/yt_dlp/extractor/__pycache__/soundcloud.cpython-311.opt-1.pyc
usr/lib/python3.11/site-packages/yt_dlp/extractor/__pycache__/soundcloud.cpython-311.pyc
usr/lib/python3.11/site-packages/yt_dlp/extractor/__pycache__/soundgasm.cpython-311.opt-1.pyc
usr/lib/python3.11/site-packages/yt_dlp/extractor/__pycache__/soundgasm.cpython-311.pyc
usr/lib/python3.11/site-packages/yt_dlp/extractor/__pycache__/southpark.cpython-311.opt-1.pyc
usr/lib/python3.11/site-packages/yt_dlp/extractor/__pycache__/southpark.cpython-311.pyc
usr/lib/python3.11/site-packages/yt_dlp/extractor/__pycache__/sovietscloset.cpython-311.opt-1.pyc
usr/lib/python3.11/site-packages/yt_dlp/extractor/__pycache__/sovietscloset.cpython-311.pyc
usr/lib/python3.11/site-packages/yt_dlp/extractor/__pycache__/spankbang.cpython-311.opt-1.pyc
usr/lib/python3.11/site-packages/yt_dlp/extractor/__pycache__/spankbang.cpython-311.pyc
usr/lib/python3.11/site-packages/yt_dlp/extractor/__pycache__/spiegel.cpython-311.opt-1.pyc
usr/lib/python3.11/site-packages/yt_dlp/extractor/__pycache__/spiegel.cpython-311.pyc
usr/lib/python3.11/site-packages/yt_dlp/extractor/__pycache__/sport5.cpython-311.opt-1.pyc
usr/lib/python3.11/site-packages/yt_dlp/extractor/__pycache__/sport5.cpython-311.pyc
usr/lib/python3.11/site-packages/yt_dlp/extractor/__pycache__/sportbox.cpython-311.opt-1.pyc
usr/lib/python3.11/site-packages/yt_dlp/extractor/__pycache__/sportbox.cpython-311.pyc
usr/lib/python3.11/site-packages/yt_dlp/extractor/__pycache__/sportdeutschland.cpython-311.opt-1.pyc
usr/lib/python3.11/site-packages/yt_dlp/extractor/__pycache__/sportdeutschland.cpython-311.pyc
usr/lib/python3.11/site-packages/yt_dlp/extractor/__pycache__/spreaker.cpython-311.opt-1.pyc
usr/lib/python3.11/site-packages/yt_dlp/extractor/__pycache__/spreaker.cpython-311.pyc
usr/lib/python3.11/site-packages/yt_dlp/extractor/__pycache__/springboardplatform.cpython-311.opt-1.pyc
usr/lib/python3.11/site-packages/yt_dlp/extractor/__pycache__/springboardplatform.cpython-311.pyc
usr/lib/python3.11/site-packages/yt_dlp/extractor/__pycache__/sproutvideo.cpython-311.opt-1.pyc
usr/lib/python3.11/site-packages/yt_dlp/extractor/__pycache__/sproutvideo.cpython-311.pyc
usr/lib/python3.11/site-packages/yt_dlp/extractor/__pycache__/srgssr.cpython-311.opt-1.pyc
usr/lib/python3.11/site-packages/yt_dlp/extractor/__pycache__/srgssr.cpython-311.pyc
usr/lib/python3.11/site-packages/yt_dlp/extractor/__pycache__/srmediathek.cpython-311.opt-1.pyc
usr/lib/python3.11/site-packages/yt_dlp/extractor/__pycache__/srmediathek.cpython-311.pyc
usr/lib/python3.11/site-packages/yt_dlp/extractor/__pycache__/stacommu.cpython-311.opt-1.pyc
usr/lib/python3.11/site-packages/yt_dlp/extractor/__pycache__/stacommu.cpython-311.pyc
usr/lib/python3.11/site-packages/yt_dlp/extractor/__pycache__/stageplus.cpython-311.opt-1.pyc
usr/lib/python3.11/site-packages/yt_dlp/extractor/__pycache__/stageplus.cpython-311.pyc
usr/lib/python3.11/site-packages/yt_dlp/extractor/__pycache__/stanfordoc.cpython-311.opt-1.pyc
usr/lib/python3.11/site-packages/yt_dlp/extractor/__pycache__/stanfordoc.cpython-311.pyc
usr/lib/python3.11/site-packages/yt_dlp/extractor/__pycache__/startrek.cpython-311.opt-1.pyc
usr/lib/python3.11/site-packages/yt_dlp/extractor/__pycache__/startrek.cpython-311.pyc
usr/lib/python3.11/site-packages/yt_dlp/extractor/__pycache__/startv.cpython-311.opt-1.pyc
usr/lib/python3.11/site-packages/yt_dlp/extractor/__pycache__/startv.cpython-311.pyc
usr/lib/python3.11/site-packages/yt_dlp/extractor/__pycache__/steam.cpython-311.opt-1.pyc
usr/lib/python3.11/site-packages/yt_dlp/extractor/__pycache__/steam.cpython-311.pyc
usr/lib/python3.11/site-packages/yt_dlp/extractor/__pycache__/stitcher.cpython-311.opt-1.pyc
usr/lib/python3.11/site-packages/yt_dlp/extractor/__pycache__/stitcher.cpython-311.pyc
usr/lib/python3.11/site-packages/yt_dlp/extractor/__pycache__/storyfire.cpython-311.opt-1.pyc
usr/lib/python3.11/site-packages/yt_dlp/extractor/__pycache__/storyfire.cpython-311.pyc
usr/lib/python3.11/site-packages/yt_dlp/extractor/__pycache__/streaks.cpython-311.opt-1.pyc
usr/lib/python3.11/site-packages/yt_dlp/extractor/__pycache__/streaks.cpython-311.pyc
usr/lib/python3.11/site-packages/yt_dlp/extractor/__pycache__/streamable.cpython-311.opt-1.pyc
usr/lib/python3.11/site-packages/yt_dlp/extractor/__pycache__/streamable.cpython-311.pyc
usr/lib/python3.11/site-packages/yt_dlp/extractor/__pycache__/streamcz.cpython-311.opt-1.pyc
usr/lib/python3.11/site-packages/yt_dlp/extractor/__pycache__/streamcz.cpython-311.pyc
usr/lib/python3.11/site-packages/yt_dlp/extractor/__pycache__/streetvoice.cpython-311.opt-1.pyc
usr/lib/python3.11/site-packages/yt_dlp/extractor/__pycache__/streetvoice.cpython-311.pyc
usr/lib/python3.11/site-packages/yt_dlp/extractor/__pycache__/stretchinternet.cpython-311.opt-1.pyc
usr/lib/python3.11/site-packages/yt_dlp/extractor/__pycache__/stretchinternet.cpython-311.pyc
usr/lib/python3.11/site-packages/yt_dlp/extractor/__pycache__/stripchat.cpython-311.opt-1.pyc
usr/lib/python3.11/site-packages/yt_dlp/extractor/__pycache__/stripchat.cpython-311.pyc
usr/lib/python3.11/site-packages/yt_dlp/extractor/__pycache__/stv.cpython-311.opt-1.pyc
usr/lib/python3.11/site-packages/yt_dlp/extractor/__pycache__/stv.cpython-311.pyc
usr/lib/python3.11/site-packages/yt_dlp/extractor/__pycache__/subsplash.cpython-311.opt-1.pyc
usr/lib/python3.11/site-packages/yt_dlp/extractor/__pycache__/subsplash.cpython-311.pyc
usr/lib/python3.11/site-packages/yt_dlp/extractor/__pycache__/substack.cpython-311.opt-1.pyc
usr/lib/python3.11/site-packages/yt_dlp/extractor/__pycache__/substack.cpython-311.pyc
usr/lib/python3.11/site-packages/yt_dlp/extractor/__pycache__/sunporno.cpython-311.opt-1.pyc
usr/lib/python3.11/site-packages/yt_dlp/extractor/__pycache__/sunporno.cpython-311.pyc
usr/lib/python3.11/site-packages/yt_dlp/extractor/__pycache__/sverigesradio.cpython-311.opt-1.pyc
usr/lib/python3.11/site-packages/yt_dlp/extractor/__pycache__/sverigesradio.cpython-311.pyc
usr/lib/python3.11/site-packages/yt_dlp/extractor/__pycache__/svt.cpython-311.opt-1.pyc
usr/lib/python3.11/site-packages/yt_dlp/extractor/__pycache__/svt.cpython-311.pyc
usr/lib/python3.11/site-packages/yt_dlp/extractor/__pycache__/swearnet.cpython-311.opt-1.pyc
usr/lib/python3.11/site-packages/yt_dlp/extractor/__pycache__/swearnet.cpython-311.pyc
usr/lib/python3.11/site-packages/yt_dlp/extractor/__pycache__/syvdk.cpython-311.opt-1.pyc
usr/lib/python3.11/site-packages/yt_dlp/extractor/__pycache__/syvdk.cpython-311.pyc
usr/lib/python3.11/site-packages/yt_dlp/extractor/__pycache__/sztvhu.cpython-311.opt-1.pyc
usr/lib/python3.11/site-packages/yt_dlp/extractor/__pycache__/sztvhu.cpython-311.pyc
usr/lib/python3.11/site-packages/yt_dlp/extractor/__pycache__/tagesschau.cpython-311.opt-1.pyc
usr/lib/python3.11/site-packages/yt_dlp/extractor/__pycache__/tagesschau.cpython-311.pyc
usr/lib/python3.11/site-packages/yt_dlp/extractor/__pycache__/taptap.cpython-311.opt-1.pyc
usr/lib/python3.11/site-packages/yt_dlp/extractor/__pycache__/taptap.cpython-311.pyc
usr/lib/python3.11/site-packages/yt_dlp/extractor/__pycache__/tarangplus.cpython-311.opt-1.pyc
usr/lib/python3.11/site-packages/yt_dlp/extractor/__pycache__/tarangplus.cpython-311.pyc
usr/lib/python3.11/site-packages/yt_dlp/extractor/__pycache__/tass.cpython-311.opt-1.pyc
usr/lib/python3.11/site-packages/yt_dlp/extractor/__pycache__/tass.cpython-311.pyc
usr/lib/python3.11/site-packages/yt_dlp/extractor/__pycache__/tbs.cpython-311.opt-1.pyc
usr/lib/python3.11/site-packages/yt_dlp/extractor/__pycache__/tbs.cpython-311.pyc
usr/lib/python3.11/site-packages/yt_dlp/extractor/__pycache__/tbsjp.cpython-311.opt-1.pyc
usr/lib/python3.11/site-packages/yt_dlp/extractor/__pycache__/tbsjp.cpython-311.pyc
usr/lib/python3.11/site-packages/yt_dlp/extractor/__pycache__/teachable.cpython-311.opt-1.pyc
usr/lib/python3.11/site-packages/yt_dlp/extractor/__pycache__/teachable.cpython-311.pyc
usr/lib/python3.11/site-packages/yt_dlp/extractor/__pycache__/teachertube.cpython-311.opt-1.pyc
usr/lib/python3.11/site-packages/yt_dlp/extractor/__pycache__/teachertube.cpython-311.pyc
usr/lib/python3.11/site-packages/yt_dlp/extractor/__pycache__/teachingchannel.cpython-311.opt-1.pyc
usr/lib/python3.11/site-packages/yt_dlp/extractor/__pycache__/teachingchannel.cpython-311.pyc
usr/lib/python3.11/site-packages/yt_dlp/extractor/__pycache__/teamcoco.cpython-311.opt-1.pyc
usr/lib/python3.11/site-packages/yt_dlp/extractor/__pycache__/teamcoco.cpython-311.pyc
usr/lib/python3.11/site-packages/yt_dlp/extractor/__pycache__/teamtreehouse.cpython-311.opt-1.pyc
usr/lib/python3.11/site-packages/yt_dlp/extractor/__pycache__/teamtreehouse.cpython-311.pyc
usr/lib/python3.11/site-packages/yt_dlp/extractor/__pycache__/ted.cpython-311.opt-1.pyc
usr/lib/python3.11/site-packages/yt_dlp/extractor/__pycache__/ted.cpython-311.pyc
usr/lib/python3.11/site-packages/yt_dlp/extractor/__pycache__/tele13.cpython-311.opt-1.pyc
usr/lib/python3.11/site-packages/yt_dlp/extractor/__pycache__/tele13.cpython-311.pyc
usr/lib/python3.11/site-packages/yt_dlp/extractor/__pycache__/tele5.cpython-311.opt-1.pyc
usr/lib/python3.11/site-packages/yt_dlp/extractor/__pycache__/tele5.cpython-311.pyc
usr/lib/python3.11/site-packages/yt_dlp/extractor/__pycache__/telebruxelles.cpython-311.opt-1.pyc
usr/lib/python3.11/site-packages/yt_dlp/extractor/__pycache__/telebruxelles.cpython-311.pyc
usr/lib/python3.11/site-packages/yt_dlp/extractor/__pycache__/telecaribe.cpython-311.opt-1.pyc
usr/lib/python3.11/site-packages/yt_dlp/extractor/__pycache__/telecaribe.cpython-311.pyc
usr/lib/python3.11/site-packages/yt_dlp/extractor/__pycache__/telecinco.cpython-311.opt-1.pyc
usr/lib/python3.11/site-packages/yt_dlp/extractor/__pycache__/telecinco.cpython-311.pyc
usr/lib/python3.11/site-packages/yt_dlp/extractor/__pycache__/telegraaf.cpython-311.opt-1.pyc
usr/lib/python3.11/site-packages/yt_dlp/extractor/__pycache__/telegraaf.cpython-311.pyc
usr/lib/python3.11/site-packages/yt_dlp/extractor/__pycache__/telegram.cpython-311.opt-1.pyc
usr/lib/python3.11/site-packages/yt_dlp/extractor/__pycache__/telegram.cpython-311.pyc
usr/lib/python3.11/site-packages/yt_dlp/extractor/__pycache__/telemb.cpython-311.opt-1.pyc
usr/lib/python3.11/site-packages/yt_dlp/extractor/__pycache__/telemb.cpython-311.pyc
usr/lib/python3.11/site-packages/yt_dlp/extractor/__pycache__/telemundo.cpython-311.opt-1.pyc
usr/lib/python3.11/site-packages/yt_dlp/extractor/__pycache__/telemundo.cpython-311.pyc
usr/lib/python3.11/site-packages/yt_dlp/extractor/__pycache__/telequebec.cpython-311.opt-1.pyc
usr/lib/python3.11/site-packages/yt_dlp/extractor/__pycache__/telequebec.cpython-311.pyc
usr/lib/python3.11/site-packages/yt_dlp/extractor/__pycache__/teletask.cpython-311.opt-1.pyc
usr/lib/python3.11/site-packages/yt_dlp/extractor/__pycache__/teletask.cpython-311.pyc
usr/lib/python3.11/site-packages/yt_dlp/extractor/__pycache__/telewebion.cpython-311.opt-1.pyc
usr/lib/python3.11/site-packages/yt_dlp/extractor/__pycache__/telewebion.cpython-311.pyc
usr/lib/python3.11/site-packages/yt_dlp/extractor/__pycache__/tempo.cpython-311.opt-1.pyc
usr/lib/python3.11/site-packages/yt_dlp/extractor/__pycache__/tempo.cpython-311.pyc
usr/lib/python3.11/site-packages/yt_dlp/extractor/__pycache__/tencent.cpython-311.opt-1.pyc
usr/lib/python3.11/site-packages/yt_dlp/extractor/__pycache__/tencent.cpython-311.pyc
usr/lib/python3.11/site-packages/yt_dlp/extractor/__pycache__/tennistv.cpython-311.opt-1.pyc
usr/lib/python3.11/site-packages/yt_dlp/extractor/__pycache__/tennistv.cpython-311.pyc
usr/lib/python3.11/site-packages/yt_dlp/extractor/__pycache__/tenplay.cpython-311.opt-1.pyc
usr/lib/python3.11/site-packages/yt_dlp/extractor/__pycache__/tenplay.cpython-311.pyc
usr/lib/python3.11/site-packages/yt_dlp/extractor/__pycache__/testurl.cpython-311.opt-1.pyc
usr/lib/python3.11/site-packages/yt_dlp/extractor/__pycache__/testurl.cpython-311.pyc
usr/lib/python3.11/site-packages/yt_dlp/extractor/__pycache__/tf1.cpython-311.opt-1.pyc
usr/lib/python3.11/site-packages/yt_dlp/extractor/__pycache__/tf1.cpython-311.pyc
usr/lib/python3.11/site-packages/yt_dlp/extractor/__pycache__/tfo.cpython-311.opt-1.pyc
usr/lib/python3.11/site-packages/yt_dlp/extractor/__pycache__/tfo.cpython-311.pyc
usr/lib/python3.11/site-packages/yt_dlp/extractor/__pycache__/theguardian.cpython-311.opt-1.pyc
usr/lib/python3.11/site-packages/yt_dlp/extractor/__pycache__/theguardian.cpython-311.pyc
usr/lib/python3.11/site-packages/yt_dlp/extractor/__pycache__/thehighwire.cpython-311.opt-1.pyc
usr/lib/python3.11/site-packages/yt_dlp/extractor/__pycache__/thehighwire.cpython-311.pyc
usr/lib/python3.11/site-packages/yt_dlp/extractor/__pycache__/theholetv.cpython-311.opt-1.pyc
usr/lib/python3.11/site-packages/yt_dlp/extractor/__pycache__/theholetv.cpython-311.pyc
usr/lib/python3.11/site-packages/yt_dlp/extractor/__pycache__/theintercept.cpython-311.opt-1.pyc
usr/lib/python3.11/site-packages/yt_dlp/extractor/__pycache__/theintercept.cpython-311.pyc
usr/lib/python3.11/site-packages/yt_dlp/extractor/__pycache__/theplatform.cpython-311.opt-1.pyc
usr/lib/python3.11/site-packages/yt_dlp/extractor/__pycache__/theplatform.cpython-311.pyc
usr/lib/python3.11/site-packages/yt_dlp/extractor/__pycache__/thestar.cpython-311.opt-1.pyc
usr/lib/python3.11/site-packages/yt_dlp/extractor/__pycache__/thestar.cpython-311.pyc
usr/lib/python3.11/site-packages/yt_dlp/extractor/__pycache__/thesun.cpython-311.opt-1.pyc
usr/lib/python3.11/site-packages/yt_dlp/extractor/__pycache__/thesun.cpython-311.pyc
usr/lib/python3.11/site-packages/yt_dlp/extractor/__pycache__/theweatherchannel.cpython-311.opt-1.pyc
usr/lib/python3.11/site-packages/yt_dlp/extractor/__pycache__/theweatherchannel.cpython-311.pyc
usr/lib/python3.11/site-packages/yt_dlp/extractor/__pycache__/thisamericanlife.cpython-311.opt-1.pyc
usr/lib/python3.11/site-packages/yt_dlp/extractor/__pycache__/thisamericanlife.cpython-311.pyc
usr/lib/python3.11/site-packages/yt_dlp/extractor/__pycache__/thisoldhouse.cpython-311.opt-1.pyc
usr/lib/python3.11/site-packages/yt_dlp/extractor/__pycache__/thisoldhouse.cpython-311.pyc
usr/lib/python3.11/site-packages/yt_dlp/extractor/__pycache__/thisvid.cpython-311.opt-1.pyc
usr/lib/python3.11/site-packages/yt_dlp/extractor/__pycache__/thisvid.cpython-311.pyc
usr/lib/python3.11/site-packages/yt_dlp/extractor/__pycache__/threeqsdn.cpython-311.opt-1.pyc
usr/lib/python3.11/site-packages/yt_dlp/extractor/__pycache__/threeqsdn.cpython-311.pyc
usr/lib/python3.11/site-packages/yt_dlp/extractor/__pycache__/threespeak.cpython-311.opt-1.pyc
usr/lib/python3.11/site-packages/yt_dlp/extractor/__pycache__/threespeak.cpython-311.pyc
usr/lib/python3.11/site-packages/yt_dlp/extractor/__pycache__/tiktok.cpython-311.opt-1.pyc
usr/lib/python3.11/site-packages/yt_dlp/extractor/__pycache__/tiktok.cpython-311.pyc
usr/lib/python3.11/site-packages/yt_dlp/extractor/__pycache__/tmz.cpython-311.opt-1.pyc
usr/lib/python3.11/site-packages/yt_dlp/extractor/__pycache__/tmz.cpython-311.pyc
usr/lib/python3.11/site-packages/yt_dlp/extractor/__pycache__/tnaflix.cpython-311.opt-1.pyc
usr/lib/python3.11/site-packages/yt_dlp/extractor/__pycache__/tnaflix.cpython-311.pyc
usr/lib/python3.11/site-packages/yt_dlp/extractor/__pycache__/toggle.cpython-311.opt-1.pyc
usr/lib/python3.11/site-packages/yt_dlp/extractor/__pycache__/toggle.cpython-311.pyc
usr/lib/python3.11/site-packages/yt_dlp/extractor/__pycache__/toggo.cpython-311.opt-1.pyc
usr/lib/python3.11/site-packages/yt_dlp/extractor/__pycache__/toggo.cpython-311.pyc
usr/lib/python3.11/site-packages/yt_dlp/extractor/__pycache__/tonline.cpython-311.opt-1.pyc
usr/lib/python3.11/site-packages/yt_dlp/extractor/__pycache__/tonline.cpython-311.pyc
usr/lib/python3.11/site-packages/yt_dlp/extractor/__pycache__/toongoggles.cpython-311.opt-1.pyc
usr/lib/python3.11/site-packages/yt_dlp/extractor/__pycache__/toongoggles.cpython-311.pyc
usr/lib/python3.11/site-packages/yt_dlp/extractor/__pycache__/toutiao.cpython-311.opt-1.pyc
usr/lib/python3.11/site-packages/yt_dlp/extractor/__pycache__/toutiao.cpython-311.pyc
usr/lib/python3.11/site-packages/yt_dlp/extractor/__pycache__/toutv.cpython-311.opt-1.pyc
usr/lib/python3.11/site-packages/yt_dlp/extractor/__pycache__/toutv.cpython-311.pyc
usr/lib/python3.11/site-packages/yt_dlp/extractor/__pycache__/toypics.cpython-311.opt-1.pyc
usr/lib/python3.11/site-packages/yt_dlp/extractor/__pycache__/toypics.cpython-311.pyc
usr/lib/python3.11/site-packages/yt_dlp/extractor/__pycache__/traileraddict.cpython-311.opt-1.pyc
usr/lib/python3.11/site-packages/yt_dlp/extractor/__pycache__/traileraddict.cpython-311.pyc
usr/lib/python3.11/site-packages/yt_dlp/extractor/__pycache__/triller.cpython-311.opt-1.pyc
usr/lib/python3.11/site-packages/yt_dlp/extractor/__pycache__/triller.cpython-311.pyc
usr/lib/python3.11/site-packages/yt_dlp/extractor/__pycache__/trovo.cpython-311.opt-1.pyc
usr/lib/python3.11/site-packages/yt_dlp/extractor/__pycache__/trovo.cpython-311.pyc
usr/lib/python3.11/site-packages/yt_dlp/extractor/__pycache__/trtcocuk.cpython-311.opt-1.pyc
usr/lib/python3.11/site-packages/yt_dlp/extractor/__pycache__/trtcocuk.cpython-311.pyc
usr/lib/python3.11/site-packages/yt_dlp/extractor/__pycache__/trtworld.cpython-311.opt-1.pyc
usr/lib/python3.11/site-packages/yt_dlp/extractor/__pycache__/trtworld.cpython-311.pyc
usr/lib/python3.11/site-packages/yt_dlp/extractor/__pycache__/trueid.cpython-311.opt-1.pyc
usr/lib/python3.11/site-packages/yt_dlp/extractor/__pycache__/trueid.cpython-311.pyc
usr/lib/python3.11/site-packages/yt_dlp/extractor/__pycache__/trunews.cpython-311.opt-1.pyc
usr/lib/python3.11/site-packages/yt_dlp/extractor/__pycache__/trunews.cpython-311.pyc
usr/lib/python3.11/site-packages/yt_dlp/extractor/__pycache__/truth.cpython-311.opt-1.pyc
usr/lib/python3.11/site-packages/yt_dlp/extractor/__pycache__/truth.cpython-311.pyc
usr/lib/python3.11/site-packages/yt_dlp/extractor/__pycache__/tube8.cpython-311.opt-1.pyc
usr/lib/python3.11/site-packages/yt_dlp/extractor/__pycache__/tube8.cpython-311.pyc
usr/lib/python3.11/site-packages/yt_dlp/extractor/__pycache__/tubetugraz.cpython-311.opt-1.pyc
usr/lib/python3.11/site-packages/yt_dlp/extractor/__pycache__/tubetugraz.cpython-311.pyc
usr/lib/python3.11/site-packages/yt_dlp/extractor/__pycache__/tubitv.cpython-311.opt-1.pyc
usr/lib/python3.11/site-packages/yt_dlp/extractor/__pycache__/tubitv.cpython-311.pyc
usr/lib/python3.11/site-packages/yt_dlp/extractor/__pycache__/tumblr.cpython-311.opt-1.pyc
usr/lib/python3.11/site-packages/yt_dlp/extractor/__pycache__/tumblr.cpython-311.pyc
usr/lib/python3.11/site-packages/yt_dlp/extractor/__pycache__/tunein.cpython-311.opt-1.pyc
usr/lib/python3.11/site-packages/yt_dlp/extractor/__pycache__/tunein.cpython-311.pyc
usr/lib/python3.11/site-packages/yt_dlp/extractor/__pycache__/turner.cpython-311.opt-1.pyc
usr/lib/python3.11/site-packages/yt_dlp/extractor/__pycache__/turner.cpython-311.pyc
usr/lib/python3.11/site-packages/yt_dlp/extractor/__pycache__/tv2.cpython-311.opt-1.pyc
usr/lib/python3.11/site-packages/yt_dlp/extractor/__pycache__/tv2.cpython-311.pyc
usr/lib/python3.11/site-packages/yt_dlp/extractor/__pycache__/tv24ua.cpython-311.opt-1.pyc
usr/lib/python3.11/site-packages/yt_dlp/extractor/__pycache__/tv24ua.cpython-311.pyc
usr/lib/python3.11/site-packages/yt_dlp/extractor/__pycache__/tv2dk.cpython-311.opt-1.pyc
usr/lib/python3.11/site-packages/yt_dlp/extractor/__pycache__/tv2dk.cpython-311.pyc
usr/lib/python3.11/site-packages/yt_dlp/extractor/__pycache__/tv2hu.cpython-311.opt-1.pyc
usr/lib/python3.11/site-packages/yt_dlp/extractor/__pycache__/tv2hu.cpython-311.pyc
usr/lib/python3.11/site-packages/yt_dlp/extractor/__pycache__/tv4.cpython-311.opt-1.pyc
usr/lib/python3.11/site-packages/yt_dlp/extractor/__pycache__/tv4.cpython-311.pyc
usr/lib/python3.11/site-packages/yt_dlp/extractor/__pycache__/tv5mondeplus.cpython-311.opt-1.pyc
usr/lib/python3.11/site-packages/yt_dlp/extractor/__pycache__/tv5mondeplus.cpython-311.pyc
usr/lib/python3.11/site-packages/yt_dlp/extractor/__pycache__/tv5unis.cpython-311.opt-1.pyc
usr/lib/python3.11/site-packages/yt_dlp/extractor/__pycache__/tv5unis.cpython-311.pyc
usr/lib/python3.11/site-packages/yt_dlp/extractor/__pycache__/tva.cpython-311.opt-1.pyc
usr/lib/python3.11/site-packages/yt_dlp/extractor/__pycache__/tva.cpython-311.pyc
usr/lib/python3.11/site-packages/yt_dlp/extractor/__pycache__/tvanouvelles.cpython-311.opt-1.pyc
usr/lib/python3.11/site-packages/yt_dlp/extractor/__pycache__/tvanouvelles.cpython-311.pyc
usr/lib/python3.11/site-packages/yt_dlp/extractor/__pycache__/tvc.cpython-311.opt-1.pyc
usr/lib/python3.11/site-packages/yt_dlp/extractor/__pycache__/tvc.cpython-311.pyc
usr/lib/python3.11/site-packages/yt_dlp/extractor/__pycache__/tver.cpython-311.opt-1.pyc
usr/lib/python3.11/site-packages/yt_dlp/extractor/__pycache__/tver.cpython-311.pyc
usr/lib/python3.11/site-packages/yt_dlp/extractor/__pycache__/tvigle.cpython-311.opt-1.pyc
usr/lib/python3.11/site-packages/yt_dlp/extractor/__pycache__/tvigle.cpython-311.pyc
usr/lib/python3.11/site-packages/yt_dlp/extractor/__pycache__/tviplayer.cpython-311.opt-1.pyc
usr/lib/python3.11/site-packages/yt_dlp/extractor/__pycache__/tviplayer.cpython-311.pyc
usr/lib/python3.11/site-packages/yt_dlp/extractor/__pycache__/tvn24.cpython-311.opt-1.pyc
usr/lib/python3.11/site-packages/yt_dlp/extractor/__pycache__/tvn24.cpython-311.pyc
usr/lib/python3.11/site-packages/yt_dlp/extractor/__pycache__/tvnoe.cpython-311.opt-1.pyc
usr/lib/python3.11/site-packages/yt_dlp/extractor/__pycache__/tvnoe.cpython-311.pyc
usr/lib/python3.11/site-packages/yt_dlp/extractor/__pycache__/tvo.cpython-311.opt-1.pyc
usr/lib/python3.11/site-packages/yt_dlp/extractor/__pycache__/tvo.cpython-311.pyc
usr/lib/python3.11/site-packages/yt_dlp/extractor/__pycache__/tvopengr.cpython-311.opt-1.pyc
usr/lib/python3.11/site-packages/yt_dlp/extractor/__pycache__/tvopengr.cpython-311.pyc
usr/lib/python3.11/site-packages/yt_dlp/extractor/__pycache__/tvp.cpython-311.opt-1.pyc
usr/lib/python3.11/site-packages/yt_dlp/extractor/__pycache__/tvp.cpython-311.pyc
usr/lib/python3.11/site-packages/yt_dlp/extractor/__pycache__/tvplay.cpython-311.opt-1.pyc
usr/lib/python3.11/site-packages/yt_dlp/extractor/__pycache__/tvplay.cpython-311.pyc
usr/lib/python3.11/site-packages/yt_dlp/extractor/__pycache__/tvplayer.cpython-311.opt-1.pyc
usr/lib/python3.11/site-packages/yt_dlp/extractor/__pycache__/tvplayer.cpython-311.pyc
usr/lib/python3.11/site-packages/yt_dlp/extractor/__pycache__/tvw.cpython-311.opt-1.pyc
usr/lib/python3.11/site-packages/yt_dlp/extractor/__pycache__/tvw.cpython-311.pyc
usr/lib/python3.11/site-packages/yt_dlp/extractor/__pycache__/tweakers.cpython-311.opt-1.pyc
usr/lib/python3.11/site-packages/yt_dlp/extractor/__pycache__/tweakers.cpython-311.pyc
usr/lib/python3.11/site-packages/yt_dlp/extractor/__pycache__/twentymin.cpython-311.opt-1.pyc
usr/lib/python3.11/site-packages/yt_dlp/extractor/__pycache__/twentymin.cpython-311.pyc
usr/lib/python3.11/site-packages/yt_dlp/extractor/__pycache__/twentythreevideo.cpython-311.opt-1.pyc
usr/lib/python3.11/site-packages/yt_dlp/extractor/__pycache__/twentythreevideo.cpython-311.pyc
usr/lib/python3.11/site-packages/yt_dlp/extractor/__pycache__/twitcasting.cpython-311.opt-1.pyc
usr/lib/python3.11/site-packages/yt_dlp/extractor/__pycache__/twitcasting.cpython-311.pyc
usr/lib/python3.11/site-packages/yt_dlp/extractor/__pycache__/twitch.cpython-311.opt-1.pyc
usr/lib/python3.11/site-packages/yt_dlp/extractor/__pycache__/twitch.cpython-311.pyc
usr/lib/python3.11/site-packages/yt_dlp/extractor/__pycache__/twitter.cpython-311.opt-1.pyc
usr/lib/python3.11/site-packages/yt_dlp/extractor/__pycache__/twitter.cpython-311.pyc
usr/lib/python3.11/site-packages/yt_dlp/extractor/__pycache__/txxx.cpython-311.opt-1.pyc
usr/lib/python3.11/site-packages/yt_dlp/extractor/__pycache__/txxx.cpython-311.pyc
usr/lib/python3.11/site-packages/yt_dlp/extractor/__pycache__/udemy.cpython-311.opt-1.pyc
usr/lib/python3.11/site-packages/yt_dlp/extractor/__pycache__/udemy.cpython-311.pyc
usr/lib/python3.11/site-packages/yt_dlp/extractor/__pycache__/udn.cpython-311.opt-1.pyc
usr/lib/python3.11/site-packages/yt_dlp/extractor/__pycache__/udn.cpython-311.pyc
usr/lib/python3.11/site-packages/yt_dlp/extractor/__pycache__/ufctv.cpython-311.opt-1.pyc
usr/lib/python3.11/site-packages/yt_dlp/extractor/__pycache__/ufctv.cpython-311.pyc
usr/lib/python3.11/site-packages/yt_dlp/extractor/__pycache__/ukcolumn.cpython-311.opt-1.pyc
usr/lib/python3.11/site-packages/yt_dlp/extractor/__pycache__/ukcolumn.cpython-311.pyc
usr/lib/python3.11/site-packages/yt_dlp/extractor/__pycache__/uktvplay.cpython-311.opt-1.pyc
usr/lib/python3.11/site-packages/yt_dlp/extractor/__pycache__/uktvplay.cpython-311.pyc
usr/lib/python3.11/site-packages/yt_dlp/extractor/__pycache__/uliza.cpython-311.opt-1.pyc
usr/lib/python3.11/site-packages/yt_dlp/extractor/__pycache__/uliza.cpython-311.pyc
usr/lib/python3.11/site-packages/yt_dlp/extractor/__pycache__/umg.cpython-311.opt-1.pyc
usr/lib/python3.11/site-packages/yt_dlp/extractor/__pycache__/umg.cpython-311.pyc
usr/lib/python3.11/site-packages/yt_dlp/extractor/__pycache__/unistra.cpython-311.opt-1.pyc
usr/lib/python3.11/site-packages/yt_dlp/extractor/__pycache__/unistra.cpython-311.pyc
usr/lib/python3.11/site-packages/yt_dlp/extractor/__pycache__/unitednations.cpython-311.opt-1.pyc
usr/lib/python3.11/site-packages/yt_dlp/extractor/__pycache__/unitednations.cpython-311.pyc
usr/lib/python3.11/site-packages/yt_dlp/extractor/__pycache__/unity.cpython-311.opt-1.pyc
usr/lib/python3.11/site-packages/yt_dlp/extractor/__pycache__/unity.cpython-311.pyc
usr/lib/python3.11/site-packages/yt_dlp/extractor/__pycache__/unsupported.cpython-311.opt-1.pyc
usr/lib/python3.11/site-packages/yt_dlp/extractor/__pycache__/unsupported.cpython-311.pyc
usr/lib/python3.11/site-packages/yt_dlp/extractor/__pycache__/uol.cpython-311.opt-1.pyc
usr/lib/python3.11/site-packages/yt_dlp/extractor/__pycache__/uol.cpython-311.pyc
usr/lib/python3.11/site-packages/yt_dlp/extractor/__pycache__/uplynk.cpython-311.opt-1.pyc
usr/lib/python3.11/site-packages/yt_dlp/extractor/__pycache__/uplynk.cpython-311.pyc
usr/lib/python3.11/site-packages/yt_dlp/extractor/__pycache__/urort.cpython-311.opt-1.pyc
usr/lib/python3.11/site-packages/yt_dlp/extractor/__pycache__/urort.cpython-311.pyc
usr/lib/python3.11/site-packages/yt_dlp/extractor/__pycache__/urplay.cpython-311.opt-1.pyc
usr/lib/python3.11/site-packages/yt_dlp/extractor/__pycache__/urplay.cpython-311.pyc
usr/lib/python3.11/site-packages/yt_dlp/extractor/__pycache__/usanetwork.cpython-311.opt-1.pyc
usr/lib/python3.11/site-packages/yt_dlp/extractor/__pycache__/usanetwork.cpython-311.pyc
usr/lib/python3.11/site-packages/yt_dlp/extractor/__pycache__/usatoday.cpython-311.opt-1.pyc
usr/lib/python3.11/site-packages/yt_dlp/extractor/__pycache__/usatoday.cpython-311.pyc
usr/lib/python3.11/site-packages/yt_dlp/extractor/__pycache__/ustream.cpython-311.opt-1.pyc
usr/lib/python3.11/site-packages/yt_dlp/extractor/__pycache__/ustream.cpython-311.pyc
usr/lib/python3.11/site-packages/yt_dlp/extractor/__pycache__/ustudio.cpython-311.opt-1.pyc
usr/lib/python3.11/site-packages/yt_dlp/extractor/__pycache__/ustudio.cpython-311.pyc
usr/lib/python3.11/site-packages/yt_dlp/extractor/__pycache__/utreon.cpython-311.opt-1.pyc
usr/lib/python3.11/site-packages/yt_dlp/extractor/__pycache__/utreon.cpython-311.pyc
usr/lib/python3.11/site-packages/yt_dlp/extractor/__pycache__/varzesh3.cpython-311.opt-1.pyc
usr/lib/python3.11/site-packages/yt_dlp/extractor/__pycache__/varzesh3.cpython-311.pyc
usr/lib/python3.11/site-packages/yt_dlp/extractor/__pycache__/vbox7.cpython-311.opt-1.pyc
usr/lib/python3.11/site-packages/yt_dlp/extractor/__pycache__/vbox7.cpython-311.pyc
usr/lib/python3.11/site-packages/yt_dlp/extractor/__pycache__/veo.cpython-311.opt-1.pyc
usr/lib/python3.11/site-packages/yt_dlp/extractor/__pycache__/veo.cpython-311.pyc
usr/lib/python3.11/site-packages/yt_dlp/extractor/__pycache__/vevo.cpython-311.opt-1.pyc
usr/lib/python3.11/site-packages/yt_dlp/extractor/__pycache__/vevo.cpython-311.pyc
usr/lib/python3.11/site-packages/yt_dlp/extractor/__pycache__/vgtv.cpython-311.opt-1.pyc
usr/lib/python3.11/site-packages/yt_dlp/extractor/__pycache__/vgtv.cpython-311.pyc
usr/lib/python3.11/site-packages/yt_dlp/extractor/__pycache__/vh1.cpython-311.opt-1.pyc
usr/lib/python3.11/site-packages/yt_dlp/extractor/__pycache__/vh1.cpython-311.pyc
usr/lib/python3.11/site-packages/yt_dlp/extractor/__pycache__/vice.cpython-311.opt-1.pyc
usr/lib/python3.11/site-packages/yt_dlp/extractor/__pycache__/vice.cpython-311.pyc
usr/lib/python3.11/site-packages/yt_dlp/extractor/__pycache__/viddler.cpython-311.opt-1.pyc
usr/lib/python3.11/site-packages/yt_dlp/extractor/__pycache__/viddler.cpython-311.pyc
usr/lib/python3.11/site-packages/yt_dlp/extractor/__pycache__/videa.cpython-311.opt-1.pyc
usr/lib/python3.11/site-packages/yt_dlp/extractor/__pycache__/videa.cpython-311.pyc
usr/lib/python3.11/site-packages/yt_dlp/extractor/__pycache__/videocampus_sachsen.cpython-311.opt-1.pyc
usr/lib/python3.11/site-packages/yt_dlp/extractor/__pycache__/videocampus_sachsen.cpython-311.pyc
usr/lib/python3.11/site-packages/yt_dlp/extractor/__pycache__/videodetective.cpython-311.opt-1.pyc
usr/lib/python3.11/site-packages/yt_dlp/extractor/__pycache__/videodetective.cpython-311.pyc
usr/lib/python3.11/site-packages/yt_dlp/extractor/__pycache__/videofyme.cpython-311.opt-1.pyc
usr/lib/python3.11/site-packages/yt_dlp/extractor/__pycache__/videofyme.cpython-311.pyc
usr/lib/python3.11/site-packages/yt_dlp/extractor/__pycache__/videoken.cpython-311.opt-1.pyc
usr/lib/python3.11/site-packages/yt_dlp/extractor/__pycache__/videoken.cpython-311.pyc
usr/lib/python3.11/site-packages/yt_dlp/extractor/__pycache__/videomore.cpython-311.opt-1.pyc
usr/lib/python3.11/site-packages/yt_dlp/extractor/__pycache__/videomore.cpython-311.pyc
usr/lib/python3.11/site-packages/yt_dlp/extractor/__pycache__/videopress.cpython-311.opt-1.pyc
usr/lib/python3.11/site-packages/yt_dlp/extractor/__pycache__/videopress.cpython-311.pyc
usr/lib/python3.11/site-packages/yt_dlp/extractor/__pycache__/vidflex.cpython-311.opt-1.pyc
usr/lib/python3.11/site-packages/yt_dlp/extractor/__pycache__/vidflex.cpython-311.pyc
usr/lib/python3.11/site-packages/yt_dlp/extractor/__pycache__/vidio.cpython-311.opt-1.pyc
usr/lib/python3.11/site-packages/yt_dlp/extractor/__pycache__/vidio.cpython-311.pyc
usr/lib/python3.11/site-packages/yt_dlp/extractor/__pycache__/vidlii.cpython-311.opt-1.pyc
usr/lib/python3.11/site-packages/yt_dlp/extractor/__pycache__/vidlii.cpython-311.pyc
usr/lib/python3.11/site-packages/yt_dlp/extractor/__pycache__/vidly.cpython-311.opt-1.pyc
usr/lib/python3.11/site-packages/yt_dlp/extractor/__pycache__/vidly.cpython-311.pyc
usr/lib/python3.11/site-packages/yt_dlp/extractor/__pycache__/vidyard.cpython-311.opt-1.pyc
usr/lib/python3.11/site-packages/yt_dlp/extractor/__pycache__/vidyard.cpython-311.pyc
usr/lib/python3.11/site-packages/yt_dlp/extractor/__pycache__/viewlift.cpython-311.opt-1.pyc
usr/lib/python3.11/site-packages/yt_dlp/extractor/__pycache__/viewlift.cpython-311.pyc
usr/lib/python3.11/site-packages/yt_dlp/extractor/__pycache__/viidea.cpython-311.opt-1.pyc
usr/lib/python3.11/site-packages/yt_dlp/extractor/__pycache__/viidea.cpython-311.pyc
usr/lib/python3.11/site-packages/yt_dlp/extractor/__pycache__/vimeo.cpython-311.opt-1.pyc
usr/lib/python3.11/site-packages/yt_dlp/extractor/__pycache__/vimeo.cpython-311.pyc
usr/lib/python3.11/site-packages/yt_dlp/extractor/__pycache__/vimm.cpython-311.opt-1.pyc
usr/lib/python3.11/site-packages/yt_dlp/extractor/__pycache__/vimm.cpython-311.pyc
usr/lib/python3.11/site-packages/yt_dlp/extractor/__pycache__/viously.cpython-311.opt-1.pyc
usr/lib/python3.11/site-packages/yt_dlp/extractor/__pycache__/viously.cpython-311.pyc
usr/lib/python3.11/site-packages/yt_dlp/extractor/__pycache__/viqeo.cpython-311.opt-1.pyc
usr/lib/python3.11/site-packages/yt_dlp/extractor/__pycache__/viqeo.cpython-311.pyc
usr/lib/python3.11/site-packages/yt_dlp/extractor/__pycache__/visir.cpython-311.opt-1.pyc
usr/lib/python3.11/site-packages/yt_dlp/extractor/__pycache__/visir.cpython-311.pyc
usr/lib/python3.11/site-packages/yt_dlp/extractor/__pycache__/viu.cpython-311.opt-1.pyc
usr/lib/python3.11/site-packages/yt_dlp/extractor/__pycache__/viu.cpython-311.pyc
usr/lib/python3.11/site-packages/yt_dlp/extractor/__pycache__/vk.cpython-311.opt-1.pyc
usr/lib/python3.11/site-packages/yt_dlp/extractor/__pycache__/vk.cpython-311.pyc
usr/lib/python3.11/site-packages/yt_dlp/extractor/__pycache__/vocaroo.cpython-311.opt-1.pyc
usr/lib/python3.11/site-packages/yt_dlp/extractor/__pycache__/vocaroo.cpython-311.pyc
usr/lib/python3.11/site-packages/yt_dlp/extractor/__pycache__/vodpl.cpython-311.opt-1.pyc
usr/lib/python3.11/site-packages/yt_dlp/extractor/__pycache__/vodpl.cpython-311.pyc
usr/lib/python3.11/site-packages/yt_dlp/extractor/__pycache__/vodplatform.cpython-311.opt-1.pyc
usr/lib/python3.11/site-packages/yt_dlp/extractor/__pycache__/vodplatform.cpython-311.pyc
usr/lib/python3.11/site-packages/yt_dlp/extractor/__pycache__/voicy.cpython-311.opt-1.pyc
usr/lib/python3.11/site-packages/yt_dlp/extractor/__pycache__/voicy.cpython-311.pyc
usr/lib/python3.11/site-packages/yt_dlp/extractor/__pycache__/volejtv.cpython-311.opt-1.pyc
usr/lib/python3.11/site-packages/yt_dlp/extractor/__pycache__/volejtv.cpython-311.pyc
usr/lib/python3.11/site-packages/yt_dlp/extractor/__pycache__/voxmedia.cpython-311.opt-1.pyc
usr/lib/python3.11/site-packages/yt_dlp/extractor/__pycache__/voxmedia.cpython-311.pyc
usr/lib/python3.11/site-packages/yt_dlp/extractor/__pycache__/vrsquare.cpython-311.opt-1.pyc
usr/lib/python3.11/site-packages/yt_dlp/extractor/__pycache__/vrsquare.cpython-311.pyc
usr/lib/python3.11/site-packages/yt_dlp/extractor/__pycache__/vrt.cpython-311.opt-1.pyc
usr/lib/python3.11/site-packages/yt_dlp/extractor/__pycache__/vrt.cpython-311.pyc
usr/lib/python3.11/site-packages/yt_dlp/extractor/__pycache__/vtm.cpython-311.opt-1.pyc
usr/lib/python3.11/site-packages/yt_dlp/extractor/__pycache__/vtm.cpython-311.pyc
usr/lib/python3.11/site-packages/yt_dlp/extractor/__pycache__/vtv.cpython-311.opt-1.pyc
usr/lib/python3.11/site-packages/yt_dlp/extractor/__pycache__/vtv.cpython-311.pyc
usr/lib/python3.11/site-packages/yt_dlp/extractor/__pycache__/vuclip.cpython-311.opt-1.pyc
usr/lib/python3.11/site-packages/yt_dlp/extractor/__pycache__/vuclip.cpython-311.pyc
usr/lib/python3.11/site-packages/yt_dlp/extractor/__pycache__/vvvvid.cpython-311.opt-1.pyc
usr/lib/python3.11/site-packages/yt_dlp/extractor/__pycache__/vvvvid.cpython-311.pyc
usr/lib/python3.11/site-packages/yt_dlp/extractor/__pycache__/walla.cpython-311.opt-1.pyc
usr/lib/python3.11/site-packages/yt_dlp/extractor/__pycache__/walla.cpython-311.pyc
usr/lib/python3.11/site-packages/yt_dlp/extractor/__pycache__/washingtonpost.cpython-311.opt-1.pyc
usr/lib/python3.11/site-packages/yt_dlp/extractor/__pycache__/washingtonpost.cpython-311.pyc
usr/lib/python3.11/site-packages/yt_dlp/extractor/__pycache__/wat.cpython-311.opt-1.pyc
usr/lib/python3.11/site-packages/yt_dlp/extractor/__pycache__/wat.cpython-311.pyc
usr/lib/python3.11/site-packages/yt_dlp/extractor/__pycache__/wdr.cpython-311.opt-1.pyc
usr/lib/python3.11/site-packages/yt_dlp/extractor/__pycache__/wdr.cpython-311.pyc
usr/lib/python3.11/site-packages/yt_dlp/extractor/__pycache__/webcamerapl.cpython-311.opt-1.pyc
usr/lib/python3.11/site-packages/yt_dlp/extractor/__pycache__/webcamerapl.cpython-311.pyc
usr/lib/python3.11/site-packages/yt_dlp/extractor/__pycache__/webcaster.cpython-311.opt-1.pyc
usr/lib/python3.11/site-packages/yt_dlp/extractor/__pycache__/webcaster.cpython-311.pyc
usr/lib/python3.11/site-packages/yt_dlp/extractor/__pycache__/webofstories.cpython-311.opt-1.pyc
usr/lib/python3.11/site-packages/yt_dlp/extractor/__pycache__/webofstories.cpython-311.pyc
usr/lib/python3.11/site-packages/yt_dlp/extractor/__pycache__/weibo.cpython-311.opt-1.pyc
usr/lib/python3.11/site-packages/yt_dlp/extractor/__pycache__/weibo.cpython-311.pyc
usr/lib/python3.11/site-packages/yt_dlp/extractor/__pycache__/weiqitv.cpython-311.opt-1.pyc
usr/lib/python3.11/site-packages/yt_dlp/extractor/__pycache__/weiqitv.cpython-311.pyc
usr/lib/python3.11/site-packages/yt_dlp/extractor/__pycache__/weverse.cpython-311.opt-1.pyc
usr/lib/python3.11/site-packages/yt_dlp/extractor/__pycache__/weverse.cpython-311.pyc
usr/lib/python3.11/site-packages/yt_dlp/extractor/__pycache__/wevidi.cpython-311.opt-1.pyc
usr/lib/python3.11/site-packages/yt_dlp/extractor/__pycache__/wevidi.cpython-311.pyc
usr/lib/python3.11/site-packages/yt_dlp/extractor/__pycache__/weyyak.cpython-311.opt-1.pyc
usr/lib/python3.11/site-packages/yt_dlp/extractor/__pycache__/weyyak.cpython-311.pyc
usr/lib/python3.11/site-packages/yt_dlp/extractor/__pycache__/whowatch.cpython-311.opt-1.pyc
usr/lib/python3.11/site-packages/yt_dlp/extractor/__pycache__/whowatch.cpython-311.pyc
usr/lib/python3.11/site-packages/yt_dlp/extractor/__pycache__/whyp.cpython-311.opt-1.pyc
usr/lib/python3.11/site-packages/yt_dlp/extractor/__pycache__/whyp.cpython-311.pyc
usr/lib/python3.11/site-packages/yt_dlp/extractor/__pycache__/wikimedia.cpython-311.opt-1.pyc
usr/lib/python3.11/site-packages/yt_dlp/extractor/__pycache__/wikimedia.cpython-311.pyc
usr/lib/python3.11/site-packages/yt_dlp/extractor/__pycache__/wimbledon.cpython-311.opt-1.pyc
usr/lib/python3.11/site-packages/yt_dlp/extractor/__pycache__/wimbledon.cpython-311.pyc
usr/lib/python3.11/site-packages/yt_dlp/extractor/__pycache__/wimtv.cpython-311.opt-1.pyc
usr/lib/python3.11/site-packages/yt_dlp/extractor/__pycache__/wimtv.cpython-311.pyc
usr/lib/python3.11/site-packages/yt_dlp/extractor/__pycache__/wistia.cpython-311.opt-1.pyc
usr/lib/python3.11/site-packages/yt_dlp/extractor/__pycache__/wistia.cpython-311.pyc
usr/lib/python3.11/site-packages/yt_dlp/extractor/__pycache__/wordpress.cpython-311.opt-1.pyc
usr/lib/python3.11/site-packages/yt_dlp/extractor/__pycache__/wordpress.cpython-311.pyc
usr/lib/python3.11/site-packages/yt_dlp/extractor/__pycache__/worldstarhiphop.cpython-311.opt-1.pyc
usr/lib/python3.11/site-packages/yt_dlp/extractor/__pycache__/worldstarhiphop.cpython-311.pyc
usr/lib/python3.11/site-packages/yt_dlp/extractor/__pycache__/wppilot.cpython-311.opt-1.pyc
usr/lib/python3.11/site-packages/yt_dlp/extractor/__pycache__/wppilot.cpython-311.pyc
usr/lib/python3.11/site-packages/yt_dlp/extractor/__pycache__/wrestleuniverse.cpython-311.opt-1.pyc
usr/lib/python3.11/site-packages/yt_dlp/extractor/__pycache__/wrestleuniverse.cpython-311.pyc
usr/lib/python3.11/site-packages/yt_dlp/extractor/__pycache__/wsj.cpython-311.opt-1.pyc
usr/lib/python3.11/site-packages/yt_dlp/extractor/__pycache__/wsj.cpython-311.pyc
usr/lib/python3.11/site-packages/yt_dlp/extractor/__pycache__/wwe.cpython-311.opt-1.pyc
usr/lib/python3.11/site-packages/yt_dlp/extractor/__pycache__/wwe.cpython-311.pyc
usr/lib/python3.11/site-packages/yt_dlp/extractor/__pycache__/wykop.cpython-311.opt-1.pyc
usr/lib/python3.11/site-packages/yt_dlp/extractor/__pycache__/wykop.cpython-311.pyc
usr/lib/python3.11/site-packages/yt_dlp/extractor/__pycache__/xboxclips.cpython-311.opt-1.pyc
usr/lib/python3.11/site-packages/yt_dlp/extractor/__pycache__/xboxclips.cpython-311.pyc
usr/lib/python3.11/site-packages/yt_dlp/extractor/__pycache__/xhamster.cpython-311.opt-1.pyc
usr/lib/python3.11/site-packages/yt_dlp/extractor/__pycache__/xhamster.cpython-311.pyc
usr/lib/python3.11/site-packages/yt_dlp/extractor/__pycache__/xiaohongshu.cpython-311.opt-1.pyc
usr/lib/python3.11/site-packages/yt_dlp/extractor/__pycache__/xiaohongshu.cpython-311.pyc
usr/lib/python3.11/site-packages/yt_dlp/extractor/__pycache__/ximalaya.cpython-311.opt-1.pyc
usr/lib/python3.11/site-packages/yt_dlp/extractor/__pycache__/ximalaya.cpython-311.pyc
usr/lib/python3.11/site-packages/yt_dlp/extractor/__pycache__/xinpianchang.cpython-311.opt-1.pyc
usr/lib/python3.11/site-packages/yt_dlp/extractor/__pycache__/xinpianchang.cpython-311.pyc
usr/lib/python3.11/site-packages/yt_dlp/extractor/__pycache__/xminus.cpython-311.opt-1.pyc
usr/lib/python3.11/site-packages/yt_dlp/extractor/__pycache__/xminus.cpython-311.pyc
usr/lib/python3.11/site-packages/yt_dlp/extractor/__pycache__/xnxx.cpython-311.opt-1.pyc
usr/lib/python3.11/site-packages/yt_dlp/extractor/__pycache__/xnxx.cpython-311.pyc
usr/lib/python3.11/site-packages/yt_dlp/extractor/__pycache__/xstream.cpython-311.opt-1.pyc
usr/lib/python3.11/site-packages/yt_dlp/extractor/__pycache__/xstream.cpython-311.pyc
usr/lib/python3.11/site-packages/yt_dlp/extractor/__pycache__/xvideos.cpython-311.opt-1.pyc
usr/lib/python3.11/site-packages/yt_dlp/extractor/__pycache__/xvideos.cpython-311.pyc
usr/lib/python3.11/site-packages/yt_dlp/extractor/__pycache__/xxxymovies.cpython-311.opt-1.pyc
usr/lib/python3.11/site-packages/yt_dlp/extractor/__pycache__/xxxymovies.cpython-311.pyc
usr/lib/python3.11/site-packages/yt_dlp/extractor/__pycache__/yahoo.cpython-311.opt-1.pyc
usr/lib/python3.11/site-packages/yt_dlp/extractor/__pycache__/yahoo.cpython-311.pyc
usr/lib/python3.11/site-packages/yt_dlp/extractor/__pycache__/yandexdisk.cpython-311.opt-1.pyc
usr/lib/python3.11/site-packages/yt_dlp/extractor/__pycache__/yandexdisk.cpython-311.pyc
usr/lib/python3.11/site-packages/yt_dlp/extractor/__pycache__/yandexmusic.cpython-311.opt-1.pyc
usr/lib/python3.11/site-packages/yt_dlp/extractor/__pycache__/yandexmusic.cpython-311.pyc
usr/lib/python3.11/site-packages/yt_dlp/extractor/__pycache__/yandexvideo.cpython-311.opt-1.pyc
usr/lib/python3.11/site-packages/yt_dlp/extractor/__pycache__/yandexvideo.cpython-311.pyc
usr/lib/python3.11/site-packages/yt_dlp/extractor/__pycache__/yapfiles.cpython-311.opt-1.pyc
usr/lib/python3.11/site-packages/yt_dlp/extractor/__pycache__/yapfiles.cpython-311.pyc
usr/lib/python3.11/site-packages/yt_dlp/extractor/__pycache__/yappy.cpython-311.opt-1.pyc
usr/lib/python3.11/site-packages/yt_dlp/extractor/__pycache__/yappy.cpython-311.pyc
usr/lib/python3.11/site-packages/yt_dlp/extractor/__pycache__/yfanefa.cpython-311.opt-1.pyc
usr/lib/python3.11/site-packages/yt_dlp/extractor/__pycache__/yfanefa.cpython-311.pyc
usr/lib/python3.11/site-packages/yt_dlp/extractor/__pycache__/yle_areena.cpython-311.opt-1.pyc
usr/lib/python3.11/site-packages/yt_dlp/extractor/__pycache__/yle_areena.cpython-311.pyc
usr/lib/python3.11/site-packages/yt_dlp/extractor/__pycache__/youjizz.cpython-311.opt-1.pyc
usr/lib/python3.11/site-packages/yt_dlp/extractor/__pycache__/youjizz.cpython-311.pyc
usr/lib/python3.11/site-packages/yt_dlp/extractor/__pycache__/youku.cpython-311.opt-1.pyc
usr/lib/python3.11/site-packages/yt_dlp/extractor/__pycache__/youku.cpython-311.pyc
usr/lib/python3.11/site-packages/yt_dlp/extractor/__pycache__/younow.cpython-311.opt-1.pyc
usr/lib/python3.11/site-packages/yt_dlp/extractor/__pycache__/younow.cpython-311.pyc
usr/lib/python3.11/site-packages/yt_dlp/extractor/__pycache__/youporn.cpython-311.opt-1.pyc
usr/lib/python3.11/site-packages/yt_dlp/extractor/__pycache__/youporn.cpython-311.pyc
usr/lib/python3.11/site-packages/yt_dlp/extractor/__pycache__/zaiko.cpython-311.opt-1.pyc
usr/lib/python3.11/site-packages/yt_dlp/extractor/__pycache__/zaiko.cpython-311.pyc
usr/lib/python3.11/site-packages/yt_dlp/extractor/__pycache__/zapiks.cpython-311.opt-1.pyc
usr/lib/python3.11/site-packages/yt_dlp/extractor/__pycache__/zapiks.cpython-311.pyc
usr/lib/python3.11/site-packages/yt_dlp/extractor/__pycache__/zattoo.cpython-311.opt-1.pyc
usr/lib/python3.11/site-packages/yt_dlp/extractor/__pycache__/zattoo.cpython-311.pyc
usr/lib/python3.11/site-packages/yt_dlp/extractor/__pycache__/zdf.cpython-311.opt-1.pyc
usr/lib/python3.11/site-packages/yt_dlp/extractor/__pycache__/zdf.cpython-311.pyc
usr/lib/python3.11/site-packages/yt_dlp/extractor/__pycache__/zee5.cpython-311.opt-1.pyc
usr/lib/python3.11/site-packages/yt_dlp/extractor/__pycache__/zee5.cpython-311.pyc
usr/lib/python3.11/site-packages/yt_dlp/extractor/__pycache__/zeenews.cpython-311.opt-1.pyc
usr/lib/python3.11/site-packages/yt_dlp/extractor/__pycache__/zeenews.cpython-311.pyc
usr/lib/python3.11/site-packages/yt_dlp/extractor/__pycache__/zenporn.cpython-311.opt-1.pyc
usr/lib/python3.11/site-packages/yt_dlp/extractor/__pycache__/zenporn.cpython-311.pyc
usr/lib/python3.11/site-packages/yt_dlp/extractor/__pycache__/zetland.cpython-311.opt-1.pyc
usr/lib/python3.11/site-packages/yt_dlp/extractor/__pycache__/zetland.cpython-311.pyc
usr/lib/python3.11/site-packages/yt_dlp/extractor/__pycache__/zhihu.cpython-311.opt-1.pyc
usr/lib/python3.11/site-packages/yt_dlp/extractor/__pycache__/zhihu.cpython-311.pyc
usr/lib/python3.11/site-packages/yt_dlp/extractor/__pycache__/zingmp3.cpython-311.opt-1.pyc
usr/lib/python3.11/site-packages/yt_dlp/extractor/__pycache__/zingmp3.cpython-311.pyc
usr/lib/python3.11/site-packages/yt_dlp/extractor/__pycache__/zoom.cpython-311.opt-1.pyc
usr/lib/python3.11/site-packages/yt_dlp/extractor/__pycache__/zoom.cpython-311.pyc
usr/lib/python3.11/site-packages/yt_dlp/extractor/__pycache__/zype.cpython-311.opt-1.pyc
usr/lib/python3.11/site-packages/yt_dlp/extractor/__pycache__/zype.cpython-311.pyc
usr/lib/python3.11/site-packages/yt_dlp/extractor/_extractors.py
usr/lib/python3.11/site-packages/yt_dlp/extractor/abc.py
usr/lib/python3.11/site-packages/yt_dlp/extractor/abcnews.py
usr/lib/python3.11/site-packages/yt_dlp/extractor/abcotvs.py
usr/lib/python3.11/site-packages/yt_dlp/extractor/abematv.py
usr/lib/python3.11/site-packages/yt_dlp/extractor/academicearth.py
usr/lib/python3.11/site-packages/yt_dlp/extractor/acast.py
usr/lib/python3.11/site-packages/yt_dlp/extractor/acfun.py
usr/lib/python3.11/site-packages/yt_dlp/extractor/adn.py
usr/lib/python3.11/site-packages/yt_dlp/extractor/adobeconnect.py
usr/lib/python3.11/site-packages/yt_dlp/extractor/adobepass.py
usr/lib/python3.11/site-packages/yt_dlp/extractor/adobetv.py
usr/lib/python3.11/site-packages/yt_dlp/extractor/adultswim.py
usr/lib/python3.11/site-packages/yt_dlp/extractor/aenetworks.py
usr/lib/python3.11/site-packages/yt_dlp/extractor/aeonco.py
usr/lib/python3.11/site-packages/yt_dlp/extractor/afreecatv.py
usr/lib/python3.11/site-packages/yt_dlp/extractor/agalega.py
usr/lib/python3.11/site-packages/yt_dlp/extractor/agora.py
usr/lib/python3.11/site-packages/yt_dlp/extractor/airtv.py
usr/lib/python3.11/site-packages/yt_dlp/extractor/aitube.py
usr/lib/python3.11/site-packages/yt_dlp/extractor/alibaba.py
usr/lib/python3.11/site-packages/yt_dlp/extractor/aliexpress.py
usr/lib/python3.11/site-packages/yt_dlp/extractor/aljazeera.py
usr/lib/python3.11/site-packages/yt_dlp/extractor/allocine.py
usr/lib/python3.11/site-packages/yt_dlp/extractor/allstar.py
usr/lib/python3.11/site-packages/yt_dlp/extractor/alphaporno.py
usr/lib/python3.11/site-packages/yt_dlp/extractor/alsace20tv.py
usr/lib/python3.11/site-packages/yt_dlp/extractor/altcensored.py
usr/lib/python3.11/site-packages/yt_dlp/extractor/alura.py
usr/lib/python3.11/site-packages/yt_dlp/extractor/amadeustv.py
usr/lib/python3.11/site-packages/yt_dlp/extractor/amara.py
usr/lib/python3.11/site-packages/yt_dlp/extractor/amazon.py
usr/lib/python3.11/site-packages/yt_dlp/extractor/amazonminitv.py
usr/lib/python3.11/site-packages/yt_dlp/extractor/amcnetworks.py
usr/lib/python3.11/site-packages/yt_dlp/extractor/americastestkitchen.py
usr/lib/python3.11/site-packages/yt_dlp/extractor/amp.py
usr/lib/python3.11/site-packages/yt_dlp/extractor/anchorfm.py
usr/lib/python3.11/site-packages/yt_dlp/extractor/angel.py
usr/lib/python3.11/site-packages/yt_dlp/extractor/antenna.py
usr/lib/python3.11/site-packages/yt_dlp/extractor/anvato.py
usr/lib/python3.11/site-packages/yt_dlp/extractor/aol.py
usr/lib/python3.11/site-packages/yt_dlp/extractor/apa.py
usr/lib/python3.11/site-packages/yt_dlp/extractor/aparat.py
usr/lib/python3.11/site-packages/yt_dlp/extractor/appleconnect.py
usr/lib/python3.11/site-packages/yt_dlp/extractor/applepodcasts.py
usr/lib/python3.11/site-packages/yt_dlp/extractor/appletrailers.py
usr/lib/python3.11/site-packages/yt_dlp/extractor/archiveorg.py
usr/lib/python3.11/site-packages/yt_dlp/extractor/arcpublishing.py
usr/lib/python3.11/site-packages/yt_dlp/extractor/ard.py
usr/lib/python3.11/site-packages/yt_dlp/extractor/arnes.py
usr/lib/python3.11/site-packages/yt_dlp/extractor/art19.py
usr/lib/python3.11/site-packages/yt_dlp/extractor/arte.py
usr/lib/python3.11/site-packages/yt_dlp/extractor/asobichannel.py
usr/lib/python3.11/site-packages/yt_dlp/extractor/asobistage.py
usr/lib/python3.11/site-packages/yt_dlp/extractor/atresplayer.py
usr/lib/python3.11/site-packages/yt_dlp/extractor/atscaleconf.py
usr/lib/python3.11/site-packages/yt_dlp/extractor/atvat.py
usr/lib/python3.11/site-packages/yt_dlp/extractor/audimedia.py
usr/lib/python3.11/site-packages/yt_dlp/extractor/audioboom.py
usr/lib/python3.11/site-packages/yt_dlp/extractor/audiodraft.py
usr/lib/python3.11/site-packages/yt_dlp/extractor/audiomack.py
usr/lib/python3.11/site-packages/yt_dlp/extractor/audius.py
usr/lib/python3.11/site-packages/yt_dlp/extractor/awaan.py
usr/lib/python3.11/site-packages/yt_dlp/extractor/aws.py
usr/lib/python3.11/site-packages/yt_dlp/extractor/axs.py
usr/lib/python3.11/site-packages/yt_dlp/extractor/azmedien.py
usr/lib/python3.11/site-packages/yt_dlp/extractor/baidu.py
usr/lib/python3.11/site-packages/yt_dlp/extractor/banbye.py
usr/lib/python3.11/site-packages/yt_dlp/extractor/bandcamp.py
usr/lib/python3.11/site-packages/yt_dlp/extractor/bandlab.py
usr/lib/python3.11/site-packages/yt_dlp/extractor/bannedvideo.py
usr/lib/python3.11/site-packages/yt_dlp/extractor/bbc.py
usr/lib/python3.11/site-packages/yt_dlp/extractor/beacon.py
usr/lib/python3.11/site-packages/yt_dlp/extractor/beatbump.py
usr/lib/python3.11/site-packages/yt_dlp/extractor/beatport.py
usr/lib/python3.11/site-packages/yt_dlp/extractor/beeg.py
usr/lib/python3.11/site-packages/yt_dlp/extractor/behindkink.py
usr/lib/python3.11/site-packages/yt_dlp/extractor/berufetv.py
usr/lib/python3.11/site-packages/yt_dlp/extractor/bet.py
usr/lib/python3.11/site-packages/yt_dlp/extractor/bfi.py
usr/lib/python3.11/site-packages/yt_dlp/extractor/bfmtv.py
usr/lib/python3.11/site-packages/yt_dlp/extractor/bibeltv.py
usr/lib/python3.11/site-packages/yt_dlp/extractor/bigflix.py
usr/lib/python3.11/site-packages/yt_dlp/extractor/bigo.py
usr/lib/python3.11/site-packages/yt_dlp/extractor/bild.py
usr/lib/python3.11/site-packages/yt_dlp/extractor/bilibili.py
usr/lib/python3.11/site-packages/yt_dlp/extractor/biobiochiletv.py
usr/lib/python3.11/site-packages/yt_dlp/extractor/bitchute.py
usr/lib/python3.11/site-packages/yt_dlp/extractor/bitmovin.py
usr/lib/python3.11/site-packages/yt_dlp/extractor/blackboardcollaborate.py
usr/lib/python3.11/site-packages/yt_dlp/extractor/bleacherreport.py
usr/lib/python3.11/site-packages/yt_dlp/extractor/blerp.py
usr/lib/python3.11/site-packages/yt_dlp/extractor/blogger.py
usr/lib/python3.11/site-packages/yt_dlp/extractor/bloomberg.py
usr/lib/python3.11/site-packages/yt_dlp/extractor/bluesky.py
usr/lib/python3.11/site-packages/yt_dlp/extractor/bokecc.py
usr/lib/python3.11/site-packages/yt_dlp/extractor/bongacams.py
usr/lib/python3.11/site-packages/yt_dlp/extractor/boosty.py
usr/lib/python3.11/site-packages/yt_dlp/extractor/bostonglobe.py
usr/lib/python3.11/site-packages/yt_dlp/extractor/box.py
usr/lib/python3.11/site-packages/yt_dlp/extractor/boxcast.py
usr/lib/python3.11/site-packages/yt_dlp/extractor/bpb.py
usr/lib/python3.11/site-packages/yt_dlp/extractor/br.py
usr/lib/python3.11/site-packages/yt_dlp/extractor/brainpop.py
usr/lib/python3.11/site-packages/yt_dlp/extractor/breitbart.py
usr/lib/python3.11/site-packages/yt_dlp/extractor/brightcove.py
usr/lib/python3.11/site-packages/yt_dlp/extractor/brilliantpala.py
usr/lib/python3.11/site-packages/yt_dlp/extractor/btvplus.py
usr/lib/python3.11/site-packages/yt_dlp/extractor/bundesliga.py
usr/lib/python3.11/site-packages/yt_dlp/extractor/bundestag.py
usr/lib/python3.11/site-packages/yt_dlp/extractor/bunnycdn.py
usr/lib/python3.11/site-packages/yt_dlp/extractor/businessinsider.py
usr/lib/python3.11/site-packages/yt_dlp/extractor/buzzfeed.py
usr/lib/python3.11/site-packages/yt_dlp/extractor/byutv.py
usr/lib/python3.11/site-packages/yt_dlp/extractor/c56.py
usr/lib/python3.11/site-packages/yt_dlp/extractor/caffeinetv.py
usr/lib/python3.11/site-packages/yt_dlp/extractor/callin.py
usr/lib/python3.11/site-packages/yt_dlp/extractor/caltrans.py
usr/lib/python3.11/site-packages/yt_dlp/extractor/cam4.py
usr/lib/python3.11/site-packages/yt_dlp/extractor/camdemy.py
usr/lib/python3.11/site-packages/yt_dlp/extractor/camfm.py
usr/lib/python3.11/site-packages/yt_dlp/extractor/cammodels.py
usr/lib/python3.11/site-packages/yt_dlp/extractor/camsoda.py
usr/lib/python3.11/site-packages/yt_dlp/extractor/camtasia.py
usr/lib/python3.11/site-packages/yt_dlp/extractor/canal1.py
usr/lib/python3.11/site-packages/yt_dlp/extractor/canalalpha.py
usr/lib/python3.11/site-packages/yt_dlp/extractor/canalc2.py
usr/lib/python3.11/site-packages/yt_dlp/extractor/canalplus.py
usr/lib/python3.11/site-packages/yt_dlp/extractor/canalsurmas.py
usr/lib/python3.11/site-packages/yt_dlp/extractor/caracoltv.py
usr/lib/python3.11/site-packages/yt_dlp/extractor/cbc.py
usr/lib/python3.11/site-packages/yt_dlp/extractor/cbs.py
usr/lib/python3.11/site-packages/yt_dlp/extractor/cbsnews.py
usr/lib/python3.11/site-packages/yt_dlp/extractor/cbssports.py
usr/lib/python3.11/site-packages/yt_dlp/extractor/ccc.py
usr/lib/python3.11/site-packages/yt_dlp/extractor/ccma.py
usr/lib/python3.11/site-packages/yt_dlp/extractor/cctv.py
usr/lib/python3.11/site-packages/yt_dlp/extractor/cda.py
usr/lib/python3.11/site-packages/yt_dlp/extractor/cellebrite.py
usr/lib/python3.11/site-packages/yt_dlp/extractor/ceskatelevize.py
usr/lib/python3.11/site-packages/yt_dlp/extractor/cgtn.py
usr/lib/python3.11/site-packages/yt_dlp/extractor/charlierose.py
usr/lib/python3.11/site-packages/yt_dlp/extractor/chaturbate.py
usr/lib/python3.11/site-packages/yt_dlp/extractor/chilloutzone.py
usr/lib/python3.11/site-packages/yt_dlp/extractor/chzzk.py
usr/lib/python3.11/site-packages/yt_dlp/extractor/cinemax.py
usr/lib/python3.11/site-packages/yt_dlp/extractor/cinetecamilano.py
usr/lib/python3.11/site-packages/yt_dlp/extractor/cineverse.py
usr/lib/python3.11/site-packages/yt_dlp/extractor/ciscolive.py
usr/lib/python3.11/site-packages/yt_dlp/extractor/ciscowebex.py
usr/lib/python3.11/site-packages/yt_dlp/extractor/cjsw.py
usr/lib/python3.11/site-packages/yt_dlp/extractor/clipchamp.py
usr/lib/python3.11/site-packages/yt_dlp/extractor/clippit.py
usr/lib/python3.11/site-packages/yt_dlp/extractor/cliprs.py
usr/lib/python3.11/site-packages/yt_dlp/extractor/closertotruth.py
usr/lib/python3.11/site-packages/yt_dlp/extractor/cloudflarestream.py
usr/lib/python3.11/site-packages/yt_dlp/extractor/cloudycdn.py
usr/lib/python3.11/site-packages/yt_dlp/extractor/clubic.py
usr/lib/python3.11/site-packages/yt_dlp/extractor/clyp.py
usr/lib/python3.11/site-packages/yt_dlp/extractor/cnbc.py
usr/lib/python3.11/site-packages/yt_dlp/extractor/cnn.py
usr/lib/python3.11/site-packages/yt_dlp/extractor/comedycentral.py
usr/lib/python3.11/site-packages/yt_dlp/extractor/common.py
usr/lib/python3.11/site-packages/yt_dlp/extractor/commonmistakes.py
usr/lib/python3.11/site-packages/yt_dlp/extractor/commonprotocols.py
usr/lib/python3.11/site-packages/yt_dlp/extractor/condenast.py
usr/lib/python3.11/site-packages/yt_dlp/extractor/contv.py
usr/lib/python3.11/site-packages/yt_dlp/extractor/corus.py
usr/lib/python3.11/site-packages/yt_dlp/extractor/coub.py
usr/lib/python3.11/site-packages/yt_dlp/extractor/cozytv.py
usr/lib/python3.11/site-packages/yt_dlp/extractor/cpac.py
usr/lib/python3.11/site-packages/yt_dlp/extractor/cracked.py
usr/lib/python3.11/site-packages/yt_dlp/extractor/craftsy.py
usr/lib/python3.11/site-packages/yt_dlp/extractor/croatianfilm.py
usr/lib/python3.11/site-packages/yt_dlp/extractor/crooksandliars.py
usr/lib/python3.11/site-packages/yt_dlp/extractor/crowdbunker.py
usr/lib/python3.11/site-packages/yt_dlp/extractor/crtvg.py
usr/lib/python3.11/site-packages/yt_dlp/extractor/cspan.py
usr/lib/python3.11/site-packages/yt_dlp/extractor/ctsnews.py
usr/lib/python3.11/site-packages/yt_dlp/extractor/ctvnews.py
usr/lib/python3.11/site-packages/yt_dlp/extractor/cultureunplugged.py
usr/lib/python3.11/site-packages/yt_dlp/extractor/curiositystream.py
usr/lib/python3.11/site-packages/yt_dlp/extractor/cybrary.py
usr/lib/python3.11/site-packages/yt_dlp/extractor/dacast.py
usr/lib/python3.11/site-packages/yt_dlp/extractor/dailymail.py
usr/lib/python3.11/site-packages/yt_dlp/extractor/dailymotion.py
usr/lib/python3.11/site-packages/yt_dlp/extractor/dailywire.py
usr/lib/python3.11/site-packages/yt_dlp/extractor/damtomo.py
usr/lib/python3.11/site-packages/yt_dlp/extractor/dangalplay.py
usr/lib/python3.11/site-packages/yt_dlp/extractor/daum.py
usr/lib/python3.11/site-packages/yt_dlp/extractor/daystar.py
usr/lib/python3.11/site-packages/yt_dlp/extractor/dbtv.py
usr/lib/python3.11/site-packages/yt_dlp/extractor/dctp.py
usr/lib/python3.11/site-packages/yt_dlp/extractor/democracynow.py
usr/lib/python3.11/site-packages/yt_dlp/extractor/detik.py
usr/lib/python3.11/site-packages/yt_dlp/extractor/deuxm.py
usr/lib/python3.11/site-packages/yt_dlp/extractor/dfb.py
usr/lib/python3.11/site-packages/yt_dlp/extractor/dhm.py
usr/lib/python3.11/site-packages/yt_dlp/extractor/digitalconcerthall.py
usr/lib/python3.11/site-packages/yt_dlp/extractor/digiteka.py
usr/lib/python3.11/site-packages/yt_dlp/extractor/digiview.py
usr/lib/python3.11/site-packages/yt_dlp/extractor/discogs.py
usr/lib/python3.11/site-packages/yt_dlp/extractor/disney.py
usr/lib/python3.11/site-packages/yt_dlp/extractor/dispeak.py
usr/lib/python3.11/site-packages/yt_dlp/extractor/dlf.py
usr/lib/python3.11/site-packages/yt_dlp/extractor/dlive.py
usr/lib/python3.11/site-packages/yt_dlp/extractor/douyutv.py
usr/lib/python3.11/site-packages/yt_dlp/extractor/dplay.py
usr/lib/python3.11/site-packages/yt_dlp/extractor/drbonanza.py
usr/lib/python3.11/site-packages/yt_dlp/extractor/dreisat.py
usr/lib/python3.11/site-packages/yt_dlp/extractor/drooble.py
usr/lib/python3.11/site-packages/yt_dlp/extractor/dropbox.py
usr/lib/python3.11/site-packages/yt_dlp/extractor/dropout.py
usr/lib/python3.11/site-packages/yt_dlp/extractor/drtalks.py
usr/lib/python3.11/site-packages/yt_dlp/extractor/drtuber.py
usr/lib/python3.11/site-packages/yt_dlp/extractor/drtv.py
usr/lib/python3.11/site-packages/yt_dlp/extractor/dtube.py
usr/lib/python3.11/site-packages/yt_dlp/extractor/duboku.py
usr/lib/python3.11/site-packages/yt_dlp/extractor/dumpert.py
usr/lib/python3.11/site-packages/yt_dlp/extractor/duoplay.py
usr/lib/python3.11/site-packages/yt_dlp/extractor/dvtv.py
usr/lib/python3.11/site-packages/yt_dlp/extractor/dw.py
usr/lib/python3.11/site-packages/yt_dlp/extractor/ebaumsworld.py
usr/lib/python3.11/site-packages/yt_dlp/extractor/ebay.py
usr/lib/python3.11/site-packages/yt_dlp/extractor/egghead.py
usr/lib/python3.11/site-packages/yt_dlp/extractor/eggs.py
usr/lib/python3.11/site-packages/yt_dlp/extractor/eighttracks.py
usr/lib/python3.11/site-packages/yt_dlp/extractor/eitb.py
usr/lib/python3.11/site-packages/yt_dlp/extractor/elementorembed.py
usr/lib/python3.11/site-packages/yt_dlp/extractor/elonet.py
usr/lib/python3.11/site-packages/yt_dlp/extractor/elpais.py
usr/lib/python3.11/site-packages/yt_dlp/extractor/eltrecetv.py
usr/lib/python3.11/site-packages/yt_dlp/extractor/embedly.py
usr/lib/python3.11/site-packages/yt_dlp/extractor/epicon.py
usr/lib/python3.11/site-packages/yt_dlp/extractor/epidemicsound.py
usr/lib/python3.11/site-packages/yt_dlp/extractor/eplus.py
usr/lib/python3.11/site-packages/yt_dlp/extractor/epoch.py
usr/lib/python3.11/site-packages/yt_dlp/extractor/eporner.py
usr/lib/python3.11/site-packages/yt_dlp/extractor/erocast.py
usr/lib/python3.11/site-packages/yt_dlp/extractor/eroprofile.py
usr/lib/python3.11/site-packages/yt_dlp/extractor/err.py
usr/lib/python3.11/site-packages/yt_dlp/extractor/ertgr.py
usr/lib/python3.11/site-packages/yt_dlp/extractor/espn.py
usr/lib/python3.11/site-packages/yt_dlp/extractor/ettutv.py
usr/lib/python3.11/site-packages/yt_dlp/extractor/europa.py
usr/lib/python3.11/site-packages/yt_dlp/extractor/europeantour.py
usr/lib/python3.11/site-packages/yt_dlp/extractor/eurosport.py
usr/lib/python3.11/site-packages/yt_dlp/extractor/euscreen.py
usr/lib/python3.11/site-packages/yt_dlp/extractor/expressen.py
usr/lib/python3.11/site-packages/yt_dlp/extractor/extractors.py
usr/lib/python3.11/site-packages/yt_dlp/extractor/eyedotv.py
usr/lib/python3.11/site-packages/yt_dlp/extractor/facebook.py
usr/lib/python3.11/site-packages/yt_dlp/extractor/fancode.py
usr/lib/python3.11/site-packages/yt_dlp/extractor/fathom.py
usr/lib/python3.11/site-packages/yt_dlp/extractor/faulio.py
usr/lib/python3.11/site-packages/yt_dlp/extractor/faz.py
usr/lib/python3.11/site-packages/yt_dlp/extractor/fc2.py
usr/lib/python3.11/site-packages/yt_dlp/extractor/fczenit.py
usr/lib/python3.11/site-packages/yt_dlp/extractor/fifa.py
usr/lib/python3.11/site-packages/yt_dlp/extractor/filmarchiv.py
usr/lib/python3.11/site-packages/yt_dlp/extractor/filmon.py
usr/lib/python3.11/site-packages/yt_dlp/extractor/filmweb.py
usr/lib/python3.11/site-packages/yt_dlp/extractor/firsttv.py
usr/lib/python3.11/site-packages/yt_dlp/extractor/fivetv.py
usr/lib/python3.11/site-packages/yt_dlp/extractor/flextv.py
usr/lib/python3.11/site-packages/yt_dlp/extractor/flickr.py
usr/lib/python3.11/site-packages/yt_dlp/extractor/floatplane.py
usr/lib/python3.11/site-packages/yt_dlp/extractor/folketinget.py
usr/lib/python3.11/site-packages/yt_dlp/extractor/footyroom.py
usr/lib/python3.11/site-packages/yt_dlp/extractor/formula1.py
usr/lib/python3.11/site-packages/yt_dlp/extractor/fourtube.py
usr/lib/python3.11/site-packages/yt_dlp/extractor/fox.py
usr/lib/python3.11/site-packages/yt_dlp/extractor/fox9.py
usr/lib/python3.11/site-packages/yt_dlp/extractor/foxnews.py
usr/lib/python3.11/site-packages/yt_dlp/extractor/foxsports.py
usr/lib/python3.11/site-packages/yt_dlp/extractor/fptplay.py
usr/lib/python3.11/site-packages/yt_dlp/extractor/francaisfacile.py
usr/lib/python3.11/site-packages/yt_dlp/extractor/franceinter.py
usr/lib/python3.11/site-packages/yt_dlp/extractor/francetv.py
usr/lib/python3.11/site-packages/yt_dlp/extractor/freesound.py
usr/lib/python3.11/site-packages/yt_dlp/extractor/freespeech.py
usr/lib/python3.11/site-packages/yt_dlp/extractor/freetv.py
usr/lib/python3.11/site-packages/yt_dlp/extractor/frontendmasters.py
usr/lib/python3.11/site-packages/yt_dlp/extractor/frontro.py
usr/lib/python3.11/site-packages/yt_dlp/extractor/fujitv.py
usr/lib/python3.11/site-packages/yt_dlp/extractor/funk.py
usr/lib/python3.11/site-packages/yt_dlp/extractor/funker530.py
usr/lib/python3.11/site-packages/yt_dlp/extractor/fuyintv.py
usr/lib/python3.11/site-packages/yt_dlp/extractor/gab.py
usr/lib/python3.11/site-packages/yt_dlp/extractor/gaia.py
usr/lib/python3.11/site-packages/yt_dlp/extractor/gamedevtv.py
usr/lib/python3.11/site-packages/yt_dlp/extractor/gamejolt.py
usr/lib/python3.11/site-packages/yt_dlp/extractor/gamespot.py
usr/lib/python3.11/site-packages/yt_dlp/extractor/gamestar.py
usr/lib/python3.11/site-packages/yt_dlp/extractor/gaskrank.py
usr/lib/python3.11/site-packages/yt_dlp/extractor/gazeta.py
usr/lib/python3.11/site-packages/yt_dlp/extractor/gbnews.py
usr/lib/python3.11/site-packages/yt_dlp/extractor/gdcvault.py
usr/lib/python3.11/site-packages/yt_dlp/extractor/gedidigital.py
usr/lib/python3.11/site-packages/yt_dlp/extractor/generic.py
usr/lib/python3.11/site-packages/yt_dlp/extractor/genericembeds.py
usr/lib/python3.11/site-packages/yt_dlp/extractor/genius.py
usr/lib/python3.11/site-packages/yt_dlp/extractor/germanupa.py
usr/lib/python3.11/site-packages/yt_dlp/extractor/getcourseru.py
usr/lib/python3.11/site-packages/yt_dlp/extractor/gettr.py
usr/lib/python3.11/site-packages/yt_dlp/extractor/giantbomb.py
usr/lib/python3.11/site-packages/yt_dlp/extractor/glide.py
usr/lib/python3.11/site-packages/yt_dlp/extractor/globalplayer.py
usr/lib/python3.11/site-packages/yt_dlp/extractor/globo.py
usr/lib/python3.11/site-packages/yt_dlp/extractor/glomex.py
usr/lib/python3.11/site-packages/yt_dlp/extractor/gmanetwork.py
usr/lib/python3.11/site-packages/yt_dlp/extractor/go.py
usr/lib/python3.11/site-packages/yt_dlp/extractor/godresource.py
usr/lib/python3.11/site-packages/yt_dlp/extractor/godtube.py
usr/lib/python3.11/site-packages/yt_dlp/extractor/gofile.py
usr/lib/python3.11/site-packages/yt_dlp/extractor/golem.py
usr/lib/python3.11/site-packages/yt_dlp/extractor/goodgame.py
usr/lib/python3.11/site-packages/yt_dlp/extractor/googledrive.py
usr/lib/python3.11/site-packages/yt_dlp/extractor/googlepodcasts.py
usr/lib/python3.11/site-packages/yt_dlp/extractor/googlesearch.py
usr/lib/python3.11/site-packages/yt_dlp/extractor/goplay.py
usr/lib/python3.11/site-packages/yt_dlp/extractor/gopro.py
usr/lib/python3.11/site-packages/yt_dlp/extractor/goshgay.py
usr/lib/python3.11/site-packages/yt_dlp/extractor/gotostage.py
usr/lib/python3.11/site-packages/yt_dlp/extractor/gputechconf.py
usr/lib/python3.11/site-packages/yt_dlp/extractor/graspop.py
usr/lib/python3.11/site-packages/yt_dlp/extractor/gronkh.py
usr/lib/python3.11/site-packages/yt_dlp/extractor/groupon.py
usr/lib/python3.11/site-packages/yt_dlp/extractor/harpodeon.py
usr/lib/python3.11/site-packages/yt_dlp/extractor/hbo.py
usr/lib/python3.11/site-packages/yt_dlp/extractor/hearthisat.py
usr/lib/python3.11/site-packages/yt_dlp/extractor/heise.py
usr/lib/python3.11/site-packages/yt_dlp/extractor/hellporno.py
usr/lib/python3.11/site-packages/yt_dlp/extractor/hgtv.py
usr/lib/python3.11/site-packages/yt_dlp/extractor/hidive.py
usr/lib/python3.11/site-packages/yt_dlp/extractor/historicfilms.py
usr/lib/python3.11/site-packages/yt_dlp/extractor/hitrecord.py
usr/lib/python3.11/site-packages/yt_dlp/extractor/hketv.py
usr/lib/python3.11/site-packages/yt_dlp/extractor/hollywoodreporter.py
usr/lib/python3.11/site-packages/yt_dlp/extractor/holodex.py
usr/lib/python3.11/site-packages/yt_dlp/extractor/hotnewhiphop.py
usr/lib/python3.11/site-packages/yt_dlp/extractor/hotstar.py
usr/lib/python3.11/site-packages/yt_dlp/extractor/hrefli.py
usr/lib/python3.11/site-packages/yt_dlp/extractor/hrfensehen.py
usr/lib/python3.11/site-packages/yt_dlp/extractor/hrti.py
usr/lib/python3.11/site-packages/yt_dlp/extractor/hse.py
usr/lib/python3.11/site-packages/yt_dlp/extractor/huajiao.py
usr/lib/python3.11/site-packages/yt_dlp/extractor/huffpost.py
usr/lib/python3.11/site-packages/yt_dlp/extractor/hungama.py
usr/lib/python3.11/site-packages/yt_dlp/extractor/huya.py
usr/lib/python3.11/site-packages/yt_dlp/extractor/hypem.py
usr/lib/python3.11/site-packages/yt_dlp/extractor/hypergryph.py
usr/lib/python3.11/site-packages/yt_dlp/extractor/hytale.py
usr/lib/python3.11/site-packages/yt_dlp/extractor/icareus.py
usr/lib/python3.11/site-packages/yt_dlp/extractor/ichinanalive.py
usr/lib/python3.11/site-packages/yt_dlp/extractor/idagio.py
usr/lib/python3.11/site-packages/yt_dlp/extractor/idolplus.py
usr/lib/python3.11/site-packages/yt_dlp/extractor/ign.py
usr/lib/python3.11/site-packages/yt_dlp/extractor/iheart.py
usr/lib/python3.11/site-packages/yt_dlp/extractor/ilpost.py
usr/lib/python3.11/site-packages/yt_dlp/extractor/iltalehti.py
usr/lib/python3.11/site-packages/yt_dlp/extractor/imdb.py
usr/lib/python3.11/site-packages/yt_dlp/extractor/imggaming.py
usr/lib/python3.11/site-packages/yt_dlp/extractor/imgur.py
usr/lib/python3.11/site-packages/yt_dlp/extractor/ina.py
usr/lib/python3.11/site-packages/yt_dlp/extractor/inc.py
usr/lib/python3.11/site-packages/yt_dlp/extractor/indavideo.py
usr/lib/python3.11/site-packages/yt_dlp/extractor/infoq.py
usr/lib/python3.11/site-packages/yt_dlp/extractor/instagram.py
usr/lib/python3.11/site-packages/yt_dlp/extractor/internazionale.py
usr/lib/python3.11/site-packages/yt_dlp/extractor/internetvideoarchive.py
usr/lib/python3.11/site-packages/yt_dlp/extractor/iprima.py
usr/lib/python3.11/site-packages/yt_dlp/extractor/iqiyi.py
usr/lib/python3.11/site-packages/yt_dlp/extractor/islamchannel.py
usr/lib/python3.11/site-packages/yt_dlp/extractor/israelnationalnews.py
usr/lib/python3.11/site-packages/yt_dlp/extractor/itprotv.py
usr/lib/python3.11/site-packages/yt_dlp/extractor/itv.py
usr/lib/python3.11/site-packages/yt_dlp/extractor/ivi.py
usr/lib/python3.11/site-packages/yt_dlp/extractor/ivideon.py
usr/lib/python3.11/site-packages/yt_dlp/extractor/ivoox.py
usr/lib/python3.11/site-packages/yt_dlp/extractor/iwara.py
usr/lib/python3.11/site-packages/yt_dlp/extractor/ixigua.py
usr/lib/python3.11/site-packages/yt_dlp/extractor/izlesene.py
usr/lib/python3.11/site-packages/yt_dlp/extractor/jamendo.py
usr/lib/python3.11/site-packages/yt_dlp/extractor/japandiet.py
usr/lib/python3.11/site-packages/yt_dlp/extractor/jeuxvideo.py
usr/lib/python3.11/site-packages/yt_dlp/extractor/jiosaavn.py
usr/lib/python3.11/site-packages/yt_dlp/extractor/jixie.py
usr/lib/python3.11/site-packages/yt_dlp/extractor/joj.py
usr/lib/python3.11/site-packages/yt_dlp/extractor/jove.py
usr/lib/python3.11/site-packages/yt_dlp/extractor/jstream.py
usr/lib/python3.11/site-packages/yt_dlp/extractor/jtbc.py
usr/lib/python3.11/site-packages/yt_dlp/extractor/jwplatform.py
usr/lib/python3.11/site-packages/yt_dlp/extractor/kakao.py
usr/lib/python3.11/site-packages/yt_dlp/extractor/kaltura.py
usr/lib/python3.11/site-packages/yt_dlp/extractor/kankanews.py
usr/lib/python3.11/site-packages/yt_dlp/extractor/karaoketv.py
usr/lib/python3.11/site-packages/yt_dlp/extractor/kelbyone.py
usr/lib/python3.11/site-packages/yt_dlp/extractor/kenh14.py
usr/lib/python3.11/site-packages/yt_dlp/extractor/khanacademy.py
usr/lib/python3.11/site-packages/yt_dlp/extractor/kick.py
usr/lib/python3.11/site-packages/yt_dlp/extractor/kicker.py
usr/lib/python3.11/site-packages/yt_dlp/extractor/kickstarter.py
usr/lib/python3.11/site-packages/yt_dlp/extractor/kika.py
usr/lib/python3.11/site-packages/yt_dlp/extractor/kinja.py
usr/lib/python3.11/site-packages/yt_dlp/extractor/kinopoisk.py
usr/lib/python3.11/site-packages/yt_dlp/extractor/kommunetv.py
usr/lib/python3.11/site-packages/yt_dlp/extractor/kompas.py
usr/lib/python3.11/site-packages/yt_dlp/extractor/koo.py
usr/lib/python3.11/site-packages/yt_dlp/extractor/krasview.py
usr/lib/python3.11/site-packages/yt_dlp/extractor/kth.py
usr/lib/python3.11/site-packages/yt_dlp/extractor/ku6.py
usr/lib/python3.11/site-packages/yt_dlp/extractor/kukululive.py
usr/lib/python3.11/site-packages/yt_dlp/extractor/kuwo.py
usr/lib/python3.11/site-packages/yt_dlp/extractor/la7.py
usr/lib/python3.11/site-packages/yt_dlp/extractor/laracasts.py
usr/lib/python3.11/site-packages/yt_dlp/extractor/lastfm.py
usr/lib/python3.11/site-packages/yt_dlp/extractor/laxarxames.py
usr/lib/python3.11/site-packages/yt_dlp/extractor/lbry.py
usr/lib/python3.11/site-packages/yt_dlp/extractor/lci.py
usr/lib/python3.11/site-packages/yt_dlp/extractor/lcp.py
usr/lib/python3.11/site-packages/yt_dlp/extractor/learningonscreen.py
usr/lib/python3.11/site-packages/yt_dlp/extractor/lecture2go.py
usr/lib/python3.11/site-packages/yt_dlp/extractor/lecturio.py
usr/lib/python3.11/site-packages/yt_dlp/extractor/leeco.py
usr/lib/python3.11/site-packages/yt_dlp/extractor/lefigaro.py
usr/lib/python3.11/site-packages/yt_dlp/extractor/lego.py
usr/lib/python3.11/site-packages/yt_dlp/extractor/lemonde.py
usr/lib/python3.11/site-packages/yt_dlp/extractor/lenta.py
usr/lib/python3.11/site-packages/yt_dlp/extractor/libraryofcongress.py
usr/lib/python3.11/site-packages/yt_dlp/extractor/libsyn.py
usr/lib/python3.11/site-packages/yt_dlp/extractor/lifenews.py
usr/lib/python3.11/site-packages/yt_dlp/extractor/likee.py
usr/lib/python3.11/site-packages/yt_dlp/extractor/linkedin.py
usr/lib/python3.11/site-packages/yt_dlp/extractor/liputan6.py
usr/lib/python3.11/site-packages/yt_dlp/extractor/listennotes.py
usr/lib/python3.11/site-packages/yt_dlp/extractor/litv.py
usr/lib/python3.11/site-packages/yt_dlp/extractor/livejournal.py
usr/lib/python3.11/site-packages/yt_dlp/extractor/livestream.py
usr/lib/python3.11/site-packages/yt_dlp/extractor/livestreamfails.py
usr/lib/python3.11/site-packages/yt_dlp/extractor/lnk.py
usr/lib/python3.11/site-packages/yt_dlp/extractor/locipo.py
usr/lib/python3.11/site-packages/yt_dlp/extractor/loco.py
usr/lib/python3.11/site-packages/yt_dlp/extractor/loom.py
usr/lib/python3.11/site-packages/yt_dlp/extractor/lovehomeporn.py
usr/lib/python3.11/site-packages/yt_dlp/extractor/lrt.py
usr/lib/python3.11/site-packages/yt_dlp/extractor/lsm.py
usr/lib/python3.11/site-packages/yt_dlp/extractor/lumni.py
usr/lib/python3.11/site-packages/yt_dlp/extractor/lynda.py
usr/lib/python3.11/site-packages/yt_dlp/extractor/maariv.py
usr/lib/python3.11/site-packages/yt_dlp/extractor/magellantv.py
usr/lib/python3.11/site-packages/yt_dlp/extractor/magentamusik.py
usr/lib/python3.11/site-packages/yt_dlp/extractor/mailru.py
usr/lib/python3.11/site-packages/yt_dlp/extractor/mainstreaming.py
usr/lib/python3.11/site-packages/yt_dlp/extractor/mangomolo.py
usr/lib/python3.11/site-packages/yt_dlp/extractor/manyvids.py
usr/lib/python3.11/site-packages/yt_dlp/extractor/maoritv.py
usr/lib/python3.11/site-packages/yt_dlp/extractor/markiza.py
usr/lib/python3.11/site-packages/yt_dlp/extractor/massengeschmacktv.py
usr/lib/python3.11/site-packages/yt_dlp/extractor/masters.py
usr/lib/python3.11/site-packages/yt_dlp/extractor/matchitv.py
usr/lib/python3.11/site-packages/yt_dlp/extractor/matchtv.py
usr/lib/python3.11/site-packages/yt_dlp/extractor/mave.py
usr/lib/python3.11/site-packages/yt_dlp/extractor/mbn.py
usr/lib/python3.11/site-packages/yt_dlp/extractor/mdr.py
usr/lib/python3.11/site-packages/yt_dlp/extractor/medaltv.py
usr/lib/python3.11/site-packages/yt_dlp/extractor/mediaite.py
usr/lib/python3.11/site-packages/yt_dlp/extractor/mediaklikk.py
usr/lib/python3.11/site-packages/yt_dlp/extractor/medialaan.py
usr/lib/python3.11/site-packages/yt_dlp/extractor/mediaset.py
usr/lib/python3.11/site-packages/yt_dlp/extractor/mediasite.py
usr/lib/python3.11/site-packages/yt_dlp/extractor/mediastream.py
usr/lib/python3.11/site-packages/yt_dlp/extractor/mediaworksnz.py
usr/lib/python3.11/site-packages/yt_dlp/extractor/medici.py
usr/lib/python3.11/site-packages/yt_dlp/extractor/megaphone.py
usr/lib/python3.11/site-packages/yt_dlp/extractor/megatvcom.py
usr/lib/python3.11/site-packages/yt_dlp/extractor/meipai.py
usr/lib/python3.11/site-packages/yt_dlp/extractor/melonvod.py
usr/lib/python3.11/site-packages/yt_dlp/extractor/metacritic.py
usr/lib/python3.11/site-packages/yt_dlp/extractor/mgtv.py
usr/lib/python3.11/site-packages/yt_dlp/extractor/microsoftembed.py
usr/lib/python3.11/site-packages/yt_dlp/extractor/microsoftstream.py
usr/lib/python3.11/site-packages/yt_dlp/extractor/minds.py
usr/lib/python3.11/site-packages/yt_dlp/extractor/minoto.py
usr/lib/python3.11/site-packages/yt_dlp/extractor/mir24tv.py
usr/lib/python3.11/site-packages/yt_dlp/extractor/mirrativ.py
usr/lib/python3.11/site-packages/yt_dlp/extractor/mirrorcouk.py
usr/lib/python3.11/site-packages/yt_dlp/extractor/mit.py
usr/lib/python3.11/site-packages/yt_dlp/extractor/mixch.py
usr/lib/python3.11/site-packages/yt_dlp/extractor/mixcloud.py
usr/lib/python3.11/site-packages/yt_dlp/extractor/mixlr.py
usr/lib/python3.11/site-packages/yt_dlp/extractor/mlb.py
usr/lib/python3.11/site-packages/yt_dlp/extractor/mlssoccer.py
usr/lib/python3.11/site-packages/yt_dlp/extractor/mocha.py
usr/lib/python3.11/site-packages/yt_dlp/extractor/mojevideo.py
usr/lib/python3.11/site-packages/yt_dlp/extractor/mojvideo.py
usr/lib/python3.11/site-packages/yt_dlp/extractor/monstercat.py
usr/lib/python3.11/site-packages/yt_dlp/extractor/motherless.py
usr/lib/python3.11/site-packages/yt_dlp/extractor/motorsport.py
usr/lib/python3.11/site-packages/yt_dlp/extractor/moviepilot.py
usr/lib/python3.11/site-packages/yt_dlp/extractor/moview.py
usr/lib/python3.11/site-packages/yt_dlp/extractor/moviezine.py
usr/lib/python3.11/site-packages/yt_dlp/extractor/movingimage.py
usr/lib/python3.11/site-packages/yt_dlp/extractor/msn.py
usr/lib/python3.11/site-packages/yt_dlp/extractor/mtv.py
usr/lib/python3.11/site-packages/yt_dlp/extractor/muenchentv.py
usr/lib/python3.11/site-packages/yt_dlp/extractor/murrtube.py
usr/lib/python3.11/site-packages/yt_dlp/extractor/museai.py
usr/lib/python3.11/site-packages/yt_dlp/extractor/musescore.py
usr/lib/python3.11/site-packages/yt_dlp/extractor/musicdex.py
usr/lib/python3.11/site-packages/yt_dlp/extractor/mux.py
usr/lib/python3.11/site-packages/yt_dlp/extractor/mx3.py
usr/lib/python3.11/site-packages/yt_dlp/extractor/mxplayer.py
usr/lib/python3.11/site-packages/yt_dlp/extractor/myspace.py
usr/lib/python3.11/site-packages/yt_dlp/extractor/myspass.py
usr/lib/python3.11/site-packages/yt_dlp/extractor/myvideoge.py
usr/lib/python3.11/site-packages/yt_dlp/extractor/myvidster.py
usr/lib/python3.11/site-packages/yt_dlp/extractor/mzaalo.py
usr/lib/python3.11/site-packages/yt_dlp/extractor/n1.py
usr/lib/python3.11/site-packages/yt_dlp/extractor/nascar.py
usr/lib/python3.11/site-packages/yt_dlp/extractor/nate.py
usr/lib/python3.11/site-packages/yt_dlp/extractor/nationalgeographic.py
usr/lib/python3.11/site-packages/yt_dlp/extractor/naver.py
usr/lib/python3.11/site-packages/yt_dlp/extractor/nba.py
usr/lib/python3.11/site-packages/yt_dlp/extractor/nbc.py
usr/lib/python3.11/site-packages/yt_dlp/extractor/ndr.py
usr/lib/python3.11/site-packages/yt_dlp/extractor/ndtv.py
usr/lib/python3.11/site-packages/yt_dlp/extractor/nebula.py
usr/lib/python3.11/site-packages/yt_dlp/extractor/nekohacker.py
usr/lib/python3.11/site-packages/yt_dlp/extractor/nerdcubed.py
usr/lib/python3.11/site-packages/yt_dlp/extractor/nest.py
usr/lib/python3.11/site-packages/yt_dlp/extractor/netapp.py
usr/lib/python3.11/site-packages/yt_dlp/extractor/neteasemusic.py
usr/lib/python3.11/site-packages/yt_dlp/extractor/netverse.py
usr/lib/python3.11/site-packages/yt_dlp/extractor/netzkino.py
usr/lib/python3.11/site-packages/yt_dlp/extractor/newgrounds.py
usr/lib/python3.11/site-packages/yt_dlp/extractor/newspicks.py
usr/lib/python3.11/site-packages/yt_dlp/extractor/newsy.py
usr/lib/python3.11/site-packages/yt_dlp/extractor/nexx.py
usr/lib/python3.11/site-packages/yt_dlp/extractor/nfb.py
usr/lib/python3.11/site-packages/yt_dlp/extractor/nfhsnetwork.py
usr/lib/python3.11/site-packages/yt_dlp/extractor/nfl.py
usr/lib/python3.11/site-packages/yt_dlp/extractor/nhk.py
usr/lib/python3.11/site-packages/yt_dlp/extractor/nhl.py
usr/lib/python3.11/site-packages/yt_dlp/extractor/nick.py
usr/lib/python3.11/site-packages/yt_dlp/extractor/niconico.py
usr/lib/python3.11/site-packages/yt_dlp/extractor/niconicochannelplus.py
usr/lib/python3.11/site-packages/yt_dlp/extractor/ninaprotocol.py
usr/lib/python3.11/site-packages/yt_dlp/extractor/ninecninemedia.py
usr/lib/python3.11/site-packages/yt_dlp/extractor/ninegag.py
usr/lib/python3.11/site-packages/yt_dlp/extractor/ninenews.py
usr/lib/python3.11/site-packages/yt_dlp/extractor/ninenow.py
usr/lib/python3.11/site-packages/yt_dlp/extractor/nintendo.py
usr/lib/python3.11/site-packages/yt_dlp/extractor/nitter.py
usr/lib/python3.11/site-packages/yt_dlp/extractor/nobelprize.py
usr/lib/python3.11/site-packages/yt_dlp/extractor/noice.py
usr/lib/python3.11/site-packages/yt_dlp/extractor/nonktube.py
usr/lib/python3.11/site-packages/yt_dlp/extractor/noodlemagazine.py
usr/lib/python3.11/site-packages/yt_dlp/extractor/nosnl.py
usr/lib/python3.11/site-packages/yt_dlp/extractor/nova.py
usr/lib/python3.11/site-packages/yt_dlp/extractor/novaplay.py
usr/lib/python3.11/site-packages/yt_dlp/extractor/nowcanal.py
usr/lib/python3.11/site-packages/yt_dlp/extractor/nowness.py
usr/lib/python3.11/site-packages/yt_dlp/extractor/noz.py
usr/lib/python3.11/site-packages/yt_dlp/extractor/npo.py
usr/lib/python3.11/site-packages/yt_dlp/extractor/npr.py
usr/lib/python3.11/site-packages/yt_dlp/extractor/nrk.py
usr/lib/python3.11/site-packages/yt_dlp/extractor/nrl.py
usr/lib/python3.11/site-packages/yt_dlp/extractor/nts.py
usr/lib/python3.11/site-packages/yt_dlp/extractor/ntvcojp.py
usr/lib/python3.11/site-packages/yt_dlp/extractor/ntvde.py
usr/lib/python3.11/site-packages/yt_dlp/extractor/ntvru.py
usr/lib/python3.11/site-packages/yt_dlp/extractor/nubilesporn.py
usr/lib/python3.11/site-packages/yt_dlp/extractor/nuevo.py
usr/lib/python3.11/site-packages/yt_dlp/extractor/nuum.py
usr/lib/python3.11/site-packages/yt_dlp/extractor/nuvid.py
usr/lib/python3.11/site-packages/yt_dlp/extractor/nytimes.py
usr/lib/python3.11/site-packages/yt_dlp/extractor/nzherald.py
usr/lib/python3.11/site-packages/yt_dlp/extractor/nzonscreen.py
usr/lib/python3.11/site-packages/yt_dlp/extractor/nzz.py
usr/lib/python3.11/site-packages/yt_dlp/extractor/odkmedia.py
usr/lib/python3.11/site-packages/yt_dlp/extractor/odnoklassniki.py
usr/lib/python3.11/site-packages/yt_dlp/extractor/oftv.py
usr/lib/python3.11/site-packages/yt_dlp/extractor/oktoberfesttv.py
usr/lib/python3.11/site-packages/yt_dlp/extractor/olympics.py
usr/lib/python3.11/site-packages/yt_dlp/extractor/on24.py
usr/lib/python3.11/site-packages/yt_dlp/extractor/ondemandkorea.py
usr/lib/python3.11/site-packages/yt_dlp/extractor/onefootball.py
usr/lib/python3.11/site-packages/yt_dlp/extractor/onenewsnz.py
usr/lib/python3.11/site-packages/yt_dlp/extractor/oneplace.py
usr/lib/python3.11/site-packages/yt_dlp/extractor/onet.py
usr/lib/python3.11/site-packages/yt_dlp/extractor/onionstudios.py
usr/lib/python3.11/site-packages/yt_dlp/extractor/onsen.py
usr/lib/python3.11/site-packages/yt_dlp/extractor/opencast.py
usr/lib/python3.11/site-packages/yt_dlp/extractor/openload.py
usr/lib/python3.11/site-packages/yt_dlp/extractor/openrec.py
usr/lib/python3.11/site-packages/yt_dlp/extractor/ora.py
usr/lib/python3.11/site-packages/yt_dlp/extractor/orf.py
usr/lib/python3.11/site-packages/yt_dlp/extractor/outsidetv.py
usr/lib/python3.11/site-packages/yt_dlp/extractor/owncloud.py
usr/lib/python3.11/site-packages/yt_dlp/extractor/packtpub.py
usr/lib/python3.11/site-packages/yt_dlp/extractor/palcomp3.py
usr/lib/python3.11/site-packages/yt_dlp/extractor/pandatv.py
usr/lib/python3.11/site-packages/yt_dlp/extractor/panopto.py
usr/lib/python3.11/site-packages/yt_dlp/extractor/parler.py
usr/lib/python3.11/site-packages/yt_dlp/extractor/parlview.py
usr/lib/python3.11/site-packages/yt_dlp/extractor/parti.py
usr/lib/python3.11/site-packages/yt_dlp/extractor/patreon.py
usr/lib/python3.11/site-packages/yt_dlp/extractor/pbs.py
usr/lib/python3.11/site-packages/yt_dlp/extractor/pearvideo.py
usr/lib/python3.11/site-packages/yt_dlp/extractor/peekvids.py
usr/lib/python3.11/site-packages/yt_dlp/extractor/peertube.py
usr/lib/python3.11/site-packages/yt_dlp/extractor/peertv.py
usr/lib/python3.11/site-packages/yt_dlp/extractor/peloton.py
usr/lib/python3.11/site-packages/yt_dlp/extractor/performgroup.py
usr/lib/python3.11/site-packages/yt_dlp/extractor/periscope.py
usr/lib/python3.11/site-packages/yt_dlp/extractor/pgatour.py
usr/lib/python3.11/site-packages/yt_dlp/extractor/philharmoniedeparis.py
usr/lib/python3.11/site-packages/yt_dlp/extractor/phoenix.py
usr/lib/python3.11/site-packages/yt_dlp/extractor/photobucket.py
usr/lib/python3.11/site-packages/yt_dlp/extractor/pialive.py
usr/lib/python3.11/site-packages/yt_dlp/extractor/piapro.py
usr/lib/python3.11/site-packages/yt_dlp/extractor/picarto.py
usr/lib/python3.11/site-packages/yt_dlp/extractor/piksel.py
usr/lib/python3.11/site-packages/yt_dlp/extractor/pinkbike.py
usr/lib/python3.11/site-packages/yt_dlp/extractor/pinterest.py
usr/lib/python3.11/site-packages/yt_dlp/extractor/piramidetv.py
usr/lib/python3.11/site-packages/yt_dlp/extractor/planetmarathi.py
usr/lib/python3.11/site-packages/yt_dlp/extractor/platzi.py
usr/lib/python3.11/site-packages/yt_dlp/extractor/playerfm.py
usr/lib/python3.11/site-packages/yt_dlp/extractor/playplustv.py
usr/lib/python3.11/site-packages/yt_dlp/extractor/playsuisse.py
usr/lib/python3.11/site-packages/yt_dlp/extractor/playtvak.py
usr/lib/python3.11/site-packages/yt_dlp/extractor/playwire.py
usr/lib/python3.11/site-packages/yt_dlp/extractor/pluralsight.py
usr/lib/python3.11/site-packages/yt_dlp/extractor/plutotv.py
usr/lib/python3.11/site-packages/yt_dlp/extractor/plvideo.py
usr/lib/python3.11/site-packages/yt_dlp/extractor/plyr.py
usr/lib/python3.11/site-packages/yt_dlp/extractor/podbayfm.py
usr/lib/python3.11/site-packages/yt_dlp/extractor/podchaser.py
usr/lib/python3.11/site-packages/yt_dlp/extractor/podomatic.py
usr/lib/python3.11/site-packages/yt_dlp/extractor/pokergo.py
usr/lib/python3.11/site-packages/yt_dlp/extractor/polsatgo.py
usr/lib/python3.11/site-packages/yt_dlp/extractor/polskieradio.py
usr/lib/python3.11/site-packages/yt_dlp/extractor/popcorntimes.py
usr/lib/python3.11/site-packages/yt_dlp/extractor/popcorntv.py
usr/lib/python3.11/site-packages/yt_dlp/extractor/pornbox.py
usr/lib/python3.11/site-packages/yt_dlp/extractor/pornflip.py
usr/lib/python3.11/site-packages/yt_dlp/extractor/pornhub.py
usr/lib/python3.11/site-packages/yt_dlp/extractor/pornotube.py
usr/lib/python3.11/site-packages/yt_dlp/extractor/pornovoisines.py
usr/lib/python3.11/site-packages/yt_dlp/extractor/pornoxo.py
usr/lib/python3.11/site-packages/yt_dlp/extractor/pr0gramm.py
usr/lib/python3.11/site-packages/yt_dlp/extractor/prankcast.py
usr/lib/python3.11/site-packages/yt_dlp/extractor/premiershiprugby.py
usr/lib/python3.11/site-packages/yt_dlp/extractor/presstv.py
usr/lib/python3.11/site-packages/yt_dlp/extractor/projectveritas.py
usr/lib/python3.11/site-packages/yt_dlp/extractor/prosiebensat1.py
usr/lib/python3.11/site-packages/yt_dlp/extractor/prx.py
usr/lib/python3.11/site-packages/yt_dlp/extractor/puhutv.py
usr/lib/python3.11/site-packages/yt_dlp/extractor/puls4.py
usr/lib/python3.11/site-packages/yt_dlp/extractor/pyvideo.py
usr/lib/python3.11/site-packages/yt_dlp/extractor/qdance.py
usr/lib/python3.11/site-packages/yt_dlp/extractor/qingting.py
usr/lib/python3.11/site-packages/yt_dlp/extractor/qqmusic.py
usr/lib/python3.11/site-packages/yt_dlp/extractor/r7.py
usr/lib/python3.11/site-packages/yt_dlp/extractor/radiko.py
usr/lib/python3.11/site-packages/yt_dlp/extractor/radiocanada.py
usr/lib/python3.11/site-packages/yt_dlp/extractor/radiocomercial.py
usr/lib/python3.11/site-packages/yt_dlp/extractor/radiode.py
usr/lib/python3.11/site-packages/yt_dlp/extractor/radiofrance.py
usr/lib/python3.11/site-packages/yt_dlp/extractor/radiojavan.py
usr/lib/python3.11/site-packages/yt_dlp/extractor/radiokapital.py
usr/lib/python3.11/site-packages/yt_dlp/extractor/radioradicale.py
usr/lib/python3.11/site-packages/yt_dlp/extractor/radiozet.py
usr/lib/python3.11/site-packages/yt_dlp/extractor/radlive.py
usr/lib/python3.11/site-packages/yt_dlp/extractor/rai.py
usr/lib/python3.11/site-packages/yt_dlp/extractor/raywenderlich.py
usr/lib/python3.11/site-packages/yt_dlp/extractor/rbgtum.py
usr/lib/python3.11/site-packages/yt_dlp/extractor/rcs.py
usr/lib/python3.11/site-packages/yt_dlp/extractor/rcti.py
usr/lib/python3.11/site-packages/yt_dlp/extractor/rds.py
usr/lib/python3.11/site-packages/yt_dlp/extractor/redbee.py
usr/lib/python3.11/site-packages/yt_dlp/extractor/redbulltv.py
usr/lib/python3.11/site-packages/yt_dlp/extractor/reddit.py
usr/lib/python3.11/site-packages/yt_dlp/extractor/redge.py
usr/lib/python3.11/site-packages/yt_dlp/extractor/redgifs.py
usr/lib/python3.11/site-packages/yt_dlp/extractor/redtube.py
usr/lib/python3.11/site-packages/yt_dlp/extractor/rentv.py
usr/lib/python3.11/site-packages/yt_dlp/extractor/restudy.py
usr/lib/python3.11/site-packages/yt_dlp/extractor/reuters.py
usr/lib/python3.11/site-packages/yt_dlp/extractor/reverbnation.py
usr/lib/python3.11/site-packages/yt_dlp/extractor/rheinmaintv.py
usr/lib/python3.11/site-packages/yt_dlp/extractor/ridehome.py
usr/lib/python3.11/site-packages/yt_dlp/extractor/rinsefm.py
usr/lib/python3.11/site-packages/yt_dlp/extractor/rmcdecouverte.py
usr/lib/python3.11/site-packages/yt_dlp/extractor/rockstargames.py
usr/lib/python3.11/site-packages/yt_dlp/extractor/rokfin.py
usr/lib/python3.11/site-packages/yt_dlp/extractor/roosterteeth.py
usr/lib/python3.11/site-packages/yt_dlp/extractor/rottentomatoes.py
usr/lib/python3.11/site-packages/yt_dlp/extractor/roya.py
usr/lib/python3.11/site-packages/yt_dlp/extractor/rozhlas.py
usr/lib/python3.11/site-packages/yt_dlp/extractor/rte.py
usr/lib/python3.11/site-packages/yt_dlp/extractor/rtl2.py
usr/lib/python3.11/site-packages/yt_dlp/extractor/rtlnl.py
usr/lib/python3.11/site-packages/yt_dlp/extractor/rtnews.py
usr/lib/python3.11/site-packages/yt_dlp/extractor/rtp.py
usr/lib/python3.11/site-packages/yt_dlp/extractor/rtrfm.py
usr/lib/python3.11/site-packages/yt_dlp/extractor/rts.py
usr/lib/python3.11/site-packages/yt_dlp/extractor/rtvcplay.py
usr/lib/python3.11/site-packages/yt_dlp/extractor/rtve.py
usr/lib/python3.11/site-packages/yt_dlp/extractor/rtvs.py
usr/lib/python3.11/site-packages/yt_dlp/extractor/rtvslo.py
usr/lib/python3.11/site-packages/yt_dlp/extractor/rudovideo.py
usr/lib/python3.11/site-packages/yt_dlp/extractor/rule34video.py
usr/lib/python3.11/site-packages/yt_dlp/extractor/rumble.py
usr/lib/python3.11/site-packages/yt_dlp/extractor/rutube.py
usr/lib/python3.11/site-packages/yt_dlp/extractor/ruutu.py
usr/lib/python3.11/site-packages/yt_dlp/extractor/ruv.py
usr/lib/python3.11/site-packages/yt_dlp/extractor/s4c.py
usr/lib/python3.11/site-packages/yt_dlp/extractor/safari.py
usr/lib/python3.11/site-packages/yt_dlp/extractor/saitosan.py
usr/lib/python3.11/site-packages/yt_dlp/extractor/samplefocus.py
usr/lib/python3.11/site-packages/yt_dlp/extractor/sapo.py
usr/lib/python3.11/site-packages/yt_dlp/extractor/sauceplus.py
usr/lib/python3.11/site-packages/yt_dlp/extractor/sbs.py
usr/lib/python3.11/site-packages/yt_dlp/extractor/sbscokr.py
usr/lib/python3.11/site-packages/yt_dlp/extractor/screen9.py
usr/lib/python3.11/site-packages/yt_dlp/extractor/screencast.py
usr/lib/python3.11/site-packages/yt_dlp/extractor/screencastify.py
usr/lib/python3.11/site-packages/yt_dlp/extractor/screencastomatic.py
usr/lib/python3.11/site-packages/yt_dlp/extractor/screenrec.py
usr/lib/python3.11/site-packages/yt_dlp/extractor/scrippsnetworks.py
usr/lib/python3.11/site-packages/yt_dlp/extractor/scrolller.py
usr/lib/python3.11/site-packages/yt_dlp/extractor/sejmpl.py
usr/lib/python3.11/site-packages/yt_dlp/extractor/sen.py
usr/lib/python3.11/site-packages/yt_dlp/extractor/senalcolombia.py
usr/lib/python3.11/site-packages/yt_dlp/extractor/senategov.py
usr/lib/python3.11/site-packages/yt_dlp/extractor/sendtonews.py
usr/lib/python3.11/site-packages/yt_dlp/extractor/servus.py
usr/lib/python3.11/site-packages/yt_dlp/extractor/sevenplus.py
usr/lib/python3.11/site-packages/yt_dlp/extractor/sexu.py
usr/lib/python3.11/site-packages/yt_dlp/extractor/seznamzpravy.py
usr/lib/python3.11/site-packages/yt_dlp/extractor/shahid.py
usr/lib/python3.11/site-packages/yt_dlp/extractor/sharepoint.py
usr/lib/python3.11/site-packages/yt_dlp/extractor/sharevideos.py
usr/lib/python3.11/site-packages/yt_dlp/extractor/shemaroome.py
usr/lib/python3.11/site-packages/yt_dlp/extractor/shiey.py
usr/lib/python3.11/site-packages/yt_dlp/extractor/showroomlive.py
usr/lib/python3.11/site-packages/yt_dlp/extractor/sibnet.py
usr/lib/python3.11/site-packages/yt_dlp/extractor/simplecast.py
usr/lib/python3.11/site-packages/yt_dlp/extractor/sina.py
usr/lib/python3.11/site-packages/yt_dlp/extractor/skeb.py
usr/lib/python3.11/site-packages/yt_dlp/extractor/sky.py
usr/lib/python3.11/site-packages/yt_dlp/extractor/skyit.py
usr/lib/python3.11/site-packages/yt_dlp/extractor/skylinewebcams.py
usr/lib/python3.11/site-packages/yt_dlp/extractor/skynewsarabia.py
usr/lib/python3.11/site-packages/yt_dlp/extractor/skynewsau.py
usr/lib/python3.11/site-packages/yt_dlp/extractor/slideshare.py
usr/lib/python3.11/site-packages/yt_dlp/extractor/slideslive.py
usr/lib/python3.11/site-packages/yt_dlp/extractor/slutload.py
usr/lib/python3.11/site-packages/yt_dlp/extractor/smotrim.py
usr/lib/python3.11/site-packages/yt_dlp/extractor/snapchat.py
usr/lib/python3.11/site-packages/yt_dlp/extractor/snotr.py
usr/lib/python3.11/site-packages/yt_dlp/extractor/softwhiteunderbelly.py
usr/lib/python3.11/site-packages/yt_dlp/extractor/sohu.py
usr/lib/python3.11/site-packages/yt_dlp/extractor/sonyliv.py
usr/lib/python3.11/site-packages/yt_dlp/extractor/soundcloud.py
usr/lib/python3.11/site-packages/yt_dlp/extractor/soundgasm.py
usr/lib/python3.11/site-packages/yt_dlp/extractor/southpark.py
usr/lib/python3.11/site-packages/yt_dlp/extractor/sovietscloset.py
usr/lib/python3.11/site-packages/yt_dlp/extractor/spankbang.py
usr/lib/python3.11/site-packages/yt_dlp/extractor/spiegel.py
usr/lib/python3.11/site-packages/yt_dlp/extractor/sport5.py
usr/lib/python3.11/site-packages/yt_dlp/extractor/sportbox.py
usr/lib/python3.11/site-packages/yt_dlp/extractor/sportdeutschland.py
usr/lib/python3.11/site-packages/yt_dlp/extractor/spreaker.py
usr/lib/python3.11/site-packages/yt_dlp/extractor/springboardplatform.py
usr/lib/python3.11/site-packages/yt_dlp/extractor/sproutvideo.py
usr/lib/python3.11/site-packages/yt_dlp/extractor/srgssr.py
usr/lib/python3.11/site-packages/yt_dlp/extractor/srmediathek.py
usr/lib/python3.11/site-packages/yt_dlp/extractor/stacommu.py
usr/lib/python3.11/site-packages/yt_dlp/extractor/stageplus.py
usr/lib/python3.11/site-packages/yt_dlp/extractor/stanfordoc.py
usr/lib/python3.11/site-packages/yt_dlp/extractor/startrek.py
usr/lib/python3.11/site-packages/yt_dlp/extractor/startv.py
usr/lib/python3.11/site-packages/yt_dlp/extractor/steam.py
usr/lib/python3.11/site-packages/yt_dlp/extractor/stitcher.py
usr/lib/python3.11/site-packages/yt_dlp/extractor/storyfire.py
usr/lib/python3.11/site-packages/yt_dlp/extractor/streaks.py
usr/lib/python3.11/site-packages/yt_dlp/extractor/streamable.py
usr/lib/python3.11/site-packages/yt_dlp/extractor/streamcz.py
usr/lib/python3.11/site-packages/yt_dlp/extractor/streetvoice.py
usr/lib/python3.11/site-packages/yt_dlp/extractor/stretchinternet.py
usr/lib/python3.11/site-packages/yt_dlp/extractor/stripchat.py
usr/lib/python3.11/site-packages/yt_dlp/extractor/stv.py
usr/lib/python3.11/site-packages/yt_dlp/extractor/subsplash.py
usr/lib/python3.11/site-packages/yt_dlp/extractor/substack.py
usr/lib/python3.11/site-packages/yt_dlp/extractor/sunporno.py
usr/lib/python3.11/site-packages/yt_dlp/extractor/sverigesradio.py
usr/lib/python3.11/site-packages/yt_dlp/extractor/svt.py
usr/lib/python3.11/site-packages/yt_dlp/extractor/swearnet.py
usr/lib/python3.11/site-packages/yt_dlp/extractor/syvdk.py
usr/lib/python3.11/site-packages/yt_dlp/extractor/sztvhu.py
usr/lib/python3.11/site-packages/yt_dlp/extractor/tagesschau.py
usr/lib/python3.11/site-packages/yt_dlp/extractor/taptap.py
usr/lib/python3.11/site-packages/yt_dlp/extractor/tarangplus.py
usr/lib/python3.11/site-packages/yt_dlp/extractor/tass.py
usr/lib/python3.11/site-packages/yt_dlp/extractor/tbs.py
usr/lib/python3.11/site-packages/yt_dlp/extractor/tbsjp.py
usr/lib/python3.11/site-packages/yt_dlp/extractor/teachable.py
usr/lib/python3.11/site-packages/yt_dlp/extractor/teachertube.py
usr/lib/python3.11/site-packages/yt_dlp/extractor/teachingchannel.py
usr/lib/python3.11/site-packages/yt_dlp/extractor/teamcoco.py
usr/lib/python3.11/site-packages/yt_dlp/extractor/teamtreehouse.py
usr/lib/python3.11/site-packages/yt_dlp/extractor/ted.py
usr/lib/python3.11/site-packages/yt_dlp/extractor/tele13.py
usr/lib/python3.11/site-packages/yt_dlp/extractor/tele5.py
usr/lib/python3.11/site-packages/yt_dlp/extractor/telebruxelles.py
usr/lib/python3.11/site-packages/yt_dlp/extractor/telecaribe.py
usr/lib/python3.11/site-packages/yt_dlp/extractor/telecinco.py
usr/lib/python3.11/site-packages/yt_dlp/extractor/telegraaf.py
usr/lib/python3.11/site-packages/yt_dlp/extractor/telegram.py
usr/lib/python3.11/site-packages/yt_dlp/extractor/telemb.py
usr/lib/python3.11/site-packages/yt_dlp/extractor/telemundo.py
usr/lib/python3.11/site-packages/yt_dlp/extractor/telequebec.py
usr/lib/python3.11/site-packages/yt_dlp/extractor/teletask.py
usr/lib/python3.11/site-packages/yt_dlp/extractor/telewebion.py
usr/lib/python3.11/site-packages/yt_dlp/extractor/tempo.py
usr/lib/python3.11/site-packages/yt_dlp/extractor/tencent.py
usr/lib/python3.11/site-packages/yt_dlp/extractor/tennistv.py
usr/lib/python3.11/site-packages/yt_dlp/extractor/tenplay.py
usr/lib/python3.11/site-packages/yt_dlp/extractor/testurl.py
usr/lib/python3.11/site-packages/yt_dlp/extractor/tf1.py
usr/lib/python3.11/site-packages/yt_dlp/extractor/tfo.py
usr/lib/python3.11/site-packages/yt_dlp/extractor/theguardian.py
usr/lib/python3.11/site-packages/yt_dlp/extractor/thehighwire.py
usr/lib/python3.11/site-packages/yt_dlp/extractor/theholetv.py
usr/lib/python3.11/site-packages/yt_dlp/extractor/theintercept.py
usr/lib/python3.11/site-packages/yt_dlp/extractor/theplatform.py
usr/lib/python3.11/site-packages/yt_dlp/extractor/thestar.py
usr/lib/python3.11/site-packages/yt_dlp/extractor/thesun.py
usr/lib/python3.11/site-packages/yt_dlp/extractor/theweatherchannel.py
usr/lib/python3.11/site-packages/yt_dlp/extractor/thisamericanlife.py
usr/lib/python3.11/site-packages/yt_dlp/extractor/thisoldhouse.py
usr/lib/python3.11/site-packages/yt_dlp/extractor/thisvid.py
usr/lib/python3.11/site-packages/yt_dlp/extractor/threeqsdn.py
usr/lib/python3.11/site-packages/yt_dlp/extractor/threespeak.py
usr/lib/python3.11/site-packages/yt_dlp/extractor/tiktok.py
usr/lib/python3.11/site-packages/yt_dlp/extractor/tmz.py
usr/lib/python3.11/site-packages/yt_dlp/extractor/tnaflix.py
usr/lib/python3.11/site-packages/yt_dlp/extractor/toggle.py
usr/lib/python3.11/site-packages/yt_dlp/extractor/toggo.py
usr/lib/python3.11/site-packages/yt_dlp/extractor/tonline.py
usr/lib/python3.11/site-packages/yt_dlp/extractor/toongoggles.py
usr/lib/python3.11/site-packages/yt_dlp/extractor/toutiao.py
usr/lib/python3.11/site-packages/yt_dlp/extractor/toutv.py
usr/lib/python3.11/site-packages/yt_dlp/extractor/toypics.py
usr/lib/python3.11/site-packages/yt_dlp/extractor/traileraddict.py
usr/lib/python3.11/site-packages/yt_dlp/extractor/triller.py
usr/lib/python3.11/site-packages/yt_dlp/extractor/trovo.py
usr/lib/python3.11/site-packages/yt_dlp/extractor/trtcocuk.py
usr/lib/python3.11/site-packages/yt_dlp/extractor/trtworld.py
usr/lib/python3.11/site-packages/yt_dlp/extractor/trueid.py
usr/lib/python3.11/site-packages/yt_dlp/extractor/trunews.py
usr/lib/python3.11/site-packages/yt_dlp/extractor/truth.py
usr/lib/python3.11/site-packages/yt_dlp/extractor/tube8.py
usr/lib/python3.11/site-packages/yt_dlp/extractor/tubetugraz.py
usr/lib/python3.11/site-packages/yt_dlp/extractor/tubitv.py
usr/lib/python3.11/site-packages/yt_dlp/extractor/tumblr.py
usr/lib/python3.11/site-packages/yt_dlp/extractor/tunein.py
usr/lib/python3.11/site-packages/yt_dlp/extractor/turner.py
usr/lib/python3.11/site-packages/yt_dlp/extractor/tv2.py
usr/lib/python3.11/site-packages/yt_dlp/extractor/tv24ua.py
usr/lib/python3.11/site-packages/yt_dlp/extractor/tv2dk.py
usr/lib/python3.11/site-packages/yt_dlp/extractor/tv2hu.py
usr/lib/python3.11/site-packages/yt_dlp/extractor/tv4.py
usr/lib/python3.11/site-packages/yt_dlp/extractor/tv5mondeplus.py
usr/lib/python3.11/site-packages/yt_dlp/extractor/tv5unis.py
usr/lib/python3.11/site-packages/yt_dlp/extractor/tva.py
usr/lib/python3.11/site-packages/yt_dlp/extractor/tvanouvelles.py
usr/lib/python3.11/site-packages/yt_dlp/extractor/tvc.py
usr/lib/python3.11/site-packages/yt_dlp/extractor/tver.py
usr/lib/python3.11/site-packages/yt_dlp/extractor/tvigle.py
usr/lib/python3.11/site-packages/yt_dlp/extractor/tviplayer.py
usr/lib/python3.11/site-packages/yt_dlp/extractor/tvn24.py
usr/lib/python3.11/site-packages/yt_dlp/extractor/tvnoe.py
usr/lib/python3.11/site-packages/yt_dlp/extractor/tvo.py
usr/lib/python3.11/site-packages/yt_dlp/extractor/tvopengr.py
usr/lib/python3.11/site-packages/yt_dlp/extractor/tvp.py
usr/lib/python3.11/site-packages/yt_dlp/extractor/tvplay.py
usr/lib/python3.11/site-packages/yt_dlp/extractor/tvplayer.py
usr/lib/python3.11/site-packages/yt_dlp/extractor/tvw.py
usr/lib/python3.11/site-packages/yt_dlp/extractor/tweakers.py
usr/lib/python3.11/site-packages/yt_dlp/extractor/twentymin.py
usr/lib/python3.11/site-packages/yt_dlp/extractor/twentythreevideo.py
usr/lib/python3.11/site-packages/yt_dlp/extractor/twitcasting.py
usr/lib/python3.11/site-packages/yt_dlp/extractor/twitch.py
usr/lib/python3.11/site-packages/yt_dlp/extractor/twitter.py
usr/lib/python3.11/site-packages/yt_dlp/extractor/txxx.py
usr/lib/python3.11/site-packages/yt_dlp/extractor/udemy.py
usr/lib/python3.11/site-packages/yt_dlp/extractor/udn.py
usr/lib/python3.11/site-packages/yt_dlp/extractor/ufctv.py
usr/lib/python3.11/site-packages/yt_dlp/extractor/ukcolumn.py
usr/lib/python3.11/site-packages/yt_dlp/extractor/uktvplay.py
usr/lib/python3.11/site-packages/yt_dlp/extractor/uliza.py
usr/lib/python3.11/site-packages/yt_dlp/extractor/umg.py
usr/lib/python3.11/site-packages/yt_dlp/extractor/unistra.py
usr/lib/python3.11/site-packages/yt_dlp/extractor/unitednations.py
usr/lib/python3.11/site-packages/yt_dlp/extractor/unity.py
usr/lib/python3.11/site-packages/yt_dlp/extractor/unsupported.py
usr/lib/python3.11/site-packages/yt_dlp/extractor/uol.py
usr/lib/python3.11/site-packages/yt_dlp/extractor/uplynk.py
usr/lib/python3.11/site-packages/yt_dlp/extractor/urort.py
usr/lib/python3.11/site-packages/yt_dlp/extractor/urplay.py
usr/lib/python3.11/site-packages/yt_dlp/extractor/usanetwork.py
usr/lib/python3.11/site-packages/yt_dlp/extractor/usatoday.py
usr/lib/python3.11/site-packages/yt_dlp/extractor/ustream.py
usr/lib/python3.11/site-packages/yt_dlp/extractor/ustudio.py
usr/lib/python3.11/site-packages/yt_dlp/extractor/utreon.py
usr/lib/python3.11/site-packages/yt_dlp/extractor/varzesh3.py
usr/lib/python3.11/site-packages/yt_dlp/extractor/vbox7.py
usr/lib/python3.11/site-packages/yt_dlp/extractor/veo.py
usr/lib/python3.11/site-packages/yt_dlp/extractor/vevo.py
usr/lib/python3.11/site-packages/yt_dlp/extractor/vgtv.py
usr/lib/python3.11/site-packages/yt_dlp/extractor/vh1.py
usr/lib/python3.11/site-packages/yt_dlp/extractor/vice.py
usr/lib/python3.11/site-packages/yt_dlp/extractor/viddler.py
usr/lib/python3.11/site-packages/yt_dlp/extractor/videa.py
usr/lib/python3.11/site-packages/yt_dlp/extractor/videocampus_sachsen.py
usr/lib/python3.11/site-packages/yt_dlp/extractor/videodetective.py
usr/lib/python3.11/site-packages/yt_dlp/extractor/videofyme.py
usr/lib/python3.11/site-packages/yt_dlp/extractor/videoken.py
usr/lib/python3.11/site-packages/yt_dlp/extractor/videomore.py
usr/lib/python3.11/site-packages/yt_dlp/extractor/videopress.py
usr/lib/python3.11/site-packages/yt_dlp/extractor/vidflex.py
usr/lib/python3.11/site-packages/yt_dlp/extractor/vidio.py
usr/lib/python3.11/site-packages/yt_dlp/extractor/vidlii.py
usr/lib/python3.11/site-packages/yt_dlp/extractor/vidly.py
usr/lib/python3.11/site-packages/yt_dlp/extractor/vidyard.py
usr/lib/python3.11/site-packages/yt_dlp/extractor/viewlift.py
usr/lib/python3.11/site-packages/yt_dlp/extractor/viidea.py
usr/lib/python3.11/site-packages/yt_dlp/extractor/vimeo.py
usr/lib/python3.11/site-packages/yt_dlp/extractor/vimm.py
usr/lib/python3.11/site-packages/yt_dlp/extractor/viously.py
usr/lib/python3.11/site-packages/yt_dlp/extractor/viqeo.py
usr/lib/python3.11/site-packages/yt_dlp/extractor/visir.py
usr/lib/python3.11/site-packages/yt_dlp/extractor/viu.py
usr/lib/python3.11/site-packages/yt_dlp/extractor/vk.py
usr/lib/python3.11/site-packages/yt_dlp/extractor/vocaroo.py
usr/lib/python3.11/site-packages/yt_dlp/extractor/vodpl.py
usr/lib/python3.11/site-packages/yt_dlp/extractor/vodplatform.py
usr/lib/python3.11/site-packages/yt_dlp/extractor/voicy.py
usr/lib/python3.11/site-packages/yt_dlp/extractor/volejtv.py
usr/lib/python3.11/site-packages/yt_dlp/extractor/voxmedia.py
usr/lib/python3.11/site-packages/yt_dlp/extractor/vrsquare.py
usr/lib/python3.11/site-packages/yt_dlp/extractor/vrt.py
usr/lib/python3.11/site-packages/yt_dlp/extractor/vtm.py
usr/lib/python3.11/site-packages/yt_dlp/extractor/vtv.py
usr/lib/python3.11/site-packages/yt_dlp/extractor/vuclip.py
usr/lib/python3.11/site-packages/yt_dlp/extractor/vvvvid.py
usr/lib/python3.11/site-packages/yt_dlp/extractor/walla.py
usr/lib/python3.11/site-packages/yt_dlp/extractor/washingtonpost.py
usr/lib/python3.11/site-packages/yt_dlp/extractor/wat.py
usr/lib/python3.11/site-packages/yt_dlp/extractor/wdr.py
usr/lib/python3.11/site-packages/yt_dlp/extractor/webcamerapl.py
usr/lib/python3.11/site-packages/yt_dlp/extractor/webcaster.py
usr/lib/python3.11/site-packages/yt_dlp/extractor/webofstories.py
usr/lib/python3.11/site-packages/yt_dlp/extractor/weibo.py
usr/lib/python3.11/site-packages/yt_dlp/extractor/weiqitv.py
usr/lib/python3.11/site-packages/yt_dlp/extractor/weverse.py
usr/lib/python3.11/site-packages/yt_dlp/extractor/wevidi.py
usr/lib/python3.11/site-packages/yt_dlp/extractor/weyyak.py
usr/lib/python3.11/site-packages/yt_dlp/extractor/whowatch.py
usr/lib/python3.11/site-packages/yt_dlp/extractor/whyp.py
usr/lib/python3.11/site-packages/yt_dlp/extractor/wikimedia.py
usr/lib/python3.11/site-packages/yt_dlp/extractor/wimbledon.py
usr/lib/python3.11/site-packages/yt_dlp/extractor/wimtv.py
usr/lib/python3.11/site-packages/yt_dlp/extractor/wistia.py
usr/lib/python3.11/site-packages/yt_dlp/extractor/wordpress.py
usr/lib/python3.11/site-packages/yt_dlp/extractor/worldstarhiphop.py
usr/lib/python3.11/site-packages/yt_dlp/extractor/wppilot.py
usr/lib/python3.11/site-packages/yt_dlp/extractor/wrestleuniverse.py
usr/lib/python3.11/site-packages/yt_dlp/extractor/wsj.py
usr/lib/python3.11/site-packages/yt_dlp/extractor/wwe.py
usr/lib/python3.11/site-packages/yt_dlp/extractor/wykop.py
usr/lib/python3.11/site-packages/yt_dlp/extractor/xboxclips.py
usr/lib/python3.11/site-packages/yt_dlp/extractor/xhamster.py
usr/lib/python3.11/site-packages/yt_dlp/extractor/xiaohongshu.py
usr/lib/python3.11/site-packages/yt_dlp/extractor/ximalaya.py
usr/lib/python3.11/site-packages/yt_dlp/extractor/xinpianchang.py
usr/lib/python3.11/site-packages/yt_dlp/extractor/xminus.py
usr/lib/python3.11/site-packages/yt_dlp/extractor/xnxx.py
usr/lib/python3.11/site-packages/yt_dlp/extractor/xstream.py
usr/lib/python3.11/site-packages/yt_dlp/extractor/xvideos.py
usr/lib/python3.11/site-packages/yt_dlp/extractor/xxxymovies.py
usr/lib/python3.11/site-packages/yt_dlp/extractor/yahoo.py
usr/lib/python3.11/site-packages/yt_dlp/extractor/yandexdisk.py
usr/lib/python3.11/site-packages/yt_dlp/extractor/yandexmusic.py
usr/lib/python3.11/site-packages/yt_dlp/extractor/yandexvideo.py
usr/lib/python3.11/site-packages/yt_dlp/extractor/yapfiles.py
usr/lib/python3.11/site-packages/yt_dlp/extractor/yappy.py
usr/lib/python3.11/site-packages/yt_dlp/extractor/yfanefa.py
usr/lib/python3.11/site-packages/yt_dlp/extractor/yle_areena.py
usr/lib/python3.11/site-packages/yt_dlp/extractor/youjizz.py
usr/lib/python3.11/site-packages/yt_dlp/extractor/youku.py
usr/lib/python3.11/site-packages/yt_dlp/extractor/younow.py
usr/lib/python3.11/site-packages/yt_dlp/extractor/youporn.py
usr/lib/python3.11/site-packages/yt_dlp/extractor/youtube/
usr/lib/python3.11/site-packages/yt_dlp/extractor/youtube/__init__.py
usr/lib/python3.11/site-packages/yt_dlp/extractor/youtube/__pycache__/
usr/lib/python3.11/site-packages/yt_dlp/extractor/youtube/__pycache__/__init__.cpython-311.opt-1.pyc
usr/lib/python3.11/site-packages/yt_dlp/extractor/youtube/__pycache__/__init__.cpython-311.pyc
usr/lib/python3.11/site-packages/yt_dlp/extractor/youtube/__pycache__/_base.cpython-311.opt-1.pyc
usr/lib/python3.11/site-packages/yt_dlp/extractor/youtube/__pycache__/_base.cpython-311.pyc
usr/lib/python3.11/site-packages/yt_dlp/extractor/youtube/__pycache__/_clip.cpython-311.opt-1.pyc
usr/lib/python3.11/site-packages/yt_dlp/extractor/youtube/__pycache__/_clip.cpython-311.pyc
usr/lib/python3.11/site-packages/yt_dlp/extractor/youtube/__pycache__/_mistakes.cpython-311.opt-1.pyc
usr/lib/python3.11/site-packages/yt_dlp/extractor/youtube/__pycache__/_mistakes.cpython-311.pyc
usr/lib/python3.11/site-packages/yt_dlp/extractor/youtube/__pycache__/_notifications.cpython-311.opt-1.pyc
usr/lib/python3.11/site-packages/yt_dlp/extractor/youtube/__pycache__/_notifications.cpython-311.pyc
usr/lib/python3.11/site-packages/yt_dlp/extractor/youtube/__pycache__/_redirect.cpython-311.opt-1.pyc
usr/lib/python3.11/site-packages/yt_dlp/extractor/youtube/__pycache__/_redirect.cpython-311.pyc
usr/lib/python3.11/site-packages/yt_dlp/extractor/youtube/__pycache__/_search.cpython-311.opt-1.pyc
usr/lib/python3.11/site-packages/yt_dlp/extractor/youtube/__pycache__/_search.cpython-311.pyc
usr/lib/python3.11/site-packages/yt_dlp/extractor/youtube/__pycache__/_tab.cpython-311.opt-1.pyc
usr/lib/python3.11/site-packages/yt_dlp/extractor/youtube/__pycache__/_tab.cpython-311.pyc
usr/lib/python3.11/site-packages/yt_dlp/extractor/youtube/__pycache__/_video.cpython-311.opt-1.pyc
usr/lib/python3.11/site-packages/yt_dlp/extractor/youtube/__pycache__/_video.cpython-311.pyc
usr/lib/python3.11/site-packages/yt_dlp/extractor/youtube/_base.py
usr/lib/python3.11/site-packages/yt_dlp/extractor/youtube/_clip.py
usr/lib/python3.11/site-packages/yt_dlp/extractor/youtube/_mistakes.py
usr/lib/python3.11/site-packages/yt_dlp/extractor/youtube/_notifications.py
usr/lib/python3.11/site-packages/yt_dlp/extractor/youtube/_redirect.py
usr/lib/python3.11/site-packages/yt_dlp/extractor/youtube/_search.py
usr/lib/python3.11/site-packages/yt_dlp/extractor/youtube/_tab.py
usr/lib/python3.11/site-packages/yt_dlp/extractor/youtube/_video.py
usr/lib/python3.11/site-packages/yt_dlp/extractor/youtube/jsc/
usr/lib/python3.11/site-packages/yt_dlp/extractor/youtube/jsc/__init__.py
usr/lib/python3.11/site-packages/yt_dlp/extractor/youtube/jsc/__pycache__/
usr/lib/python3.11/site-packages/yt_dlp/extractor/youtube/jsc/__pycache__/__init__.cpython-311.opt-1.pyc
usr/lib/python3.11/site-packages/yt_dlp/extractor/youtube/jsc/__pycache__/__init__.cpython-311.pyc
usr/lib/python3.11/site-packages/yt_dlp/extractor/youtube/jsc/__pycache__/_director.cpython-311.opt-1.pyc
usr/lib/python3.11/site-packages/yt_dlp/extractor/youtube/jsc/__pycache__/_director.cpython-311.pyc
usr/lib/python3.11/site-packages/yt_dlp/extractor/youtube/jsc/__pycache__/_registry.cpython-311.opt-1.pyc
usr/lib/python3.11/site-packages/yt_dlp/extractor/youtube/jsc/__pycache__/_registry.cpython-311.pyc
usr/lib/python3.11/site-packages/yt_dlp/extractor/youtube/jsc/__pycache__/provider.cpython-311.opt-1.pyc
usr/lib/python3.11/site-packages/yt_dlp/extractor/youtube/jsc/__pycache__/provider.cpython-311.pyc
usr/lib/python3.11/site-packages/yt_dlp/extractor/youtube/jsc/_builtin/
usr/lib/python3.11/site-packages/yt_dlp/extractor/youtube/jsc/_builtin/__init__.py
usr/lib/python3.11/site-packages/yt_dlp/extractor/youtube/jsc/_builtin/__pycache__/
usr/lib/python3.11/site-packages/yt_dlp/extractor/youtube/jsc/_builtin/__pycache__/__init__.cpython-311.opt-1.pyc
usr/lib/python3.11/site-packages/yt_dlp/extractor/youtube/jsc/_builtin/__pycache__/__init__.cpython-311.pyc
usr/lib/python3.11/site-packages/yt_dlp/extractor/youtube/jsc/_builtin/__pycache__/bun.cpython-311.opt-1.pyc
usr/lib/python3.11/site-packages/yt_dlp/extractor/youtube/jsc/_builtin/__pycache__/bun.cpython-311.pyc
usr/lib/python3.11/site-packages/yt_dlp/extractor/youtube/jsc/_builtin/__pycache__/deno.cpython-311.opt-1.pyc
usr/lib/python3.11/site-packages/yt_dlp/extractor/youtube/jsc/_builtin/__pycache__/deno.cpython-311.pyc
usr/lib/python3.11/site-packages/yt_dlp/extractor/youtube/jsc/_builtin/__pycache__/ejs.cpython-311.opt-1.pyc
usr/lib/python3.11/site-packages/yt_dlp/extractor/youtube/jsc/_builtin/__pycache__/ejs.cpython-311.pyc
usr/lib/python3.11/site-packages/yt_dlp/extractor/youtube/jsc/_builtin/__pycache__/node.cpython-311.opt-1.pyc
usr/lib/python3.11/site-packages/yt_dlp/extractor/youtube/jsc/_builtin/__pycache__/node.cpython-311.pyc
usr/lib/python3.11/site-packages/yt_dlp/extractor/youtube/jsc/_builtin/__pycache__/quickjs.cpython-311.opt-1.pyc
usr/lib/python3.11/site-packages/yt_dlp/extractor/youtube/jsc/_builtin/__pycache__/quickjs.cpython-311.pyc
usr/lib/python3.11/site-packages/yt_dlp/extractor/youtube/jsc/_builtin/bun.py
usr/lib/python3.11/site-packages/yt_dlp/extractor/youtube/jsc/_builtin/deno.py
usr/lib/python3.11/site-packages/yt_dlp/extractor/youtube/jsc/_builtin/ejs.py
usr/lib/python3.11/site-packages/yt_dlp/extractor/youtube/jsc/_builtin/node.py
usr/lib/python3.11/site-packages/yt_dlp/extractor/youtube/jsc/_builtin/quickjs.py
usr/lib/python3.11/site-packages/yt_dlp/extractor/youtube/jsc/_builtin/vendor/
usr/lib/python3.11/site-packages/yt_dlp/extractor/youtube/jsc/_builtin/vendor/__init__.py
usr/lib/python3.11/site-packages/yt_dlp/extractor/youtube/jsc/_builtin/vendor/__pycache__/
usr/lib/python3.11/site-packages/yt_dlp/extractor/youtube/jsc/_builtin/vendor/__pycache__/__init__.cpython-311.opt-1.pyc
usr/lib/python3.11/site-packages/yt_dlp/extractor/youtube/jsc/_builtin/vendor/__pycache__/__init__.cpython-311.pyc
usr/lib/python3.11/site-packages/yt_dlp/extractor/youtube/jsc/_builtin/vendor/__pycache__/_info.cpython-311.opt-1.pyc
usr/lib/python3.11/site-packages/yt_dlp/extractor/youtube/jsc/_builtin/vendor/__pycache__/_info.cpython-311.pyc
usr/lib/python3.11/site-packages/yt_dlp/extractor/youtube/jsc/_builtin/vendor/_info.py
usr/lib/python3.11/site-packages/yt_dlp/extractor/youtube/jsc/_builtin/vendor/yt.solver.bun.lib.js
usr/lib/python3.11/site-packages/yt_dlp/extractor/youtube/jsc/_builtin/vendor/yt.solver.core.js
usr/lib/python3.11/site-packages/yt_dlp/extractor/youtube/jsc/_builtin/vendor/yt.solver.deno.lib.js
usr/lib/python3.11/site-packages/yt_dlp/extractor/youtube/jsc/_director.py
usr/lib/python3.11/site-packages/yt_dlp/extractor/youtube/jsc/_registry.py
usr/lib/python3.11/site-packages/yt_dlp/extractor/youtube/jsc/provider.py
usr/lib/python3.11/site-packages/yt_dlp/extractor/youtube/pot/
usr/lib/python3.11/site-packages/yt_dlp/extractor/youtube/pot/__init__.py
usr/lib/python3.11/site-packages/yt_dlp/extractor/youtube/pot/__pycache__/
usr/lib/python3.11/site-packages/yt_dlp/extractor/youtube/pot/__pycache__/__init__.cpython-311.opt-1.pyc
usr/lib/python3.11/site-packages/yt_dlp/extractor/youtube/pot/__pycache__/__init__.cpython-311.pyc
usr/lib/python3.11/site-packages/yt_dlp/extractor/youtube/pot/__pycache__/_director.cpython-311.opt-1.pyc
usr/lib/python3.11/site-packages/yt_dlp/extractor/youtube/pot/__pycache__/_director.cpython-311.pyc
usr/lib/python3.11/site-packages/yt_dlp/extractor/youtube/pot/__pycache__/_provider.cpython-311.opt-1.pyc
usr/lib/python3.11/site-packages/yt_dlp/extractor/youtube/pot/__pycache__/_provider.cpython-311.pyc
usr/lib/python3.11/site-packages/yt_dlp/extractor/youtube/pot/__pycache__/_registry.cpython-311.opt-1.pyc
usr/lib/python3.11/site-packages/yt_dlp/extractor/youtube/pot/__pycache__/_registry.cpython-311.pyc
usr/lib/python3.11/site-packages/yt_dlp/extractor/youtube/pot/__pycache__/cache.cpython-311.opt-1.pyc
usr/lib/python3.11/site-packages/yt_dlp/extractor/youtube/pot/__pycache__/cache.cpython-311.pyc
usr/lib/python3.11/site-packages/yt_dlp/extractor/youtube/pot/__pycache__/provider.cpython-311.opt-1.pyc
usr/lib/python3.11/site-packages/yt_dlp/extractor/youtube/pot/__pycache__/provider.cpython-311.pyc
usr/lib/python3.11/site-packages/yt_dlp/extractor/youtube/pot/__pycache__/utils.cpython-311.opt-1.pyc
usr/lib/python3.11/site-packages/yt_dlp/extractor/youtube/pot/__pycache__/utils.cpython-311.pyc
usr/lib/python3.11/site-packages/yt_dlp/extractor/youtube/pot/_builtin/
usr/lib/python3.11/site-packages/yt_dlp/extractor/youtube/pot/_builtin/__init__.py
usr/lib/python3.11/site-packages/yt_dlp/extractor/youtube/pot/_builtin/__pycache__/
usr/lib/python3.11/site-packages/yt_dlp/extractor/youtube/pot/_builtin/__pycache__/__init__.cpython-311.opt-1.pyc
usr/lib/python3.11/site-packages/yt_dlp/extractor/youtube/pot/_builtin/__pycache__/__init__.cpython-311.pyc
usr/lib/python3.11/site-packages/yt_dlp/extractor/youtube/pot/_builtin/__pycache__/memory_cache.cpython-311.opt-1.pyc
usr/lib/python3.11/site-packages/yt_dlp/extractor/youtube/pot/_builtin/__pycache__/memory_cache.cpython-311.pyc
usr/lib/python3.11/site-packages/yt_dlp/extractor/youtube/pot/_builtin/__pycache__/webpo_cachespec.cpython-311.opt-1.pyc
usr/lib/python3.11/site-packages/yt_dlp/extractor/youtube/pot/_builtin/__pycache__/webpo_cachespec.cpython-311.pyc
usr/lib/python3.11/site-packages/yt_dlp/extractor/youtube/pot/_builtin/memory_cache.py
usr/lib/python3.11/site-packages/yt_dlp/extractor/youtube/pot/_builtin/webpo_cachespec.py
usr/lib/python3.11/site-packages/yt_dlp/extractor/youtube/pot/_director.py
usr/lib/python3.11/site-packages/yt_dlp/extractor/youtube/pot/_provider.py
usr/lib/python3.11/site-packages/yt_dlp/extractor/youtube/pot/_registry.py
usr/lib/python3.11/site-packages/yt_dlp/extractor/youtube/pot/cache.py
usr/lib/python3.11/site-packages/yt_dlp/extractor/youtube/pot/provider.py
usr/lib/python3.11/site-packages/yt_dlp/extractor/youtube/pot/utils.py
usr/lib/python3.11/site-packages/yt_dlp/extractor/zaiko.py
usr/lib/python3.11/site-packages/yt_dlp/extractor/zapiks.py
usr/lib/python3.11/site-packages/yt_dlp/extractor/zattoo.py
usr/lib/python3.11/site-packages/yt_dlp/extractor/zdf.py
usr/lib/python3.11/site-packages/yt_dlp/extractor/zee5.py
usr/lib/python3.11/site-packages/yt_dlp/extractor/zeenews.py
usr/lib/python3.11/site-packages/yt_dlp/extractor/zenporn.py
usr/lib/python3.11/site-packages/yt_dlp/extractor/zetland.py
usr/lib/python3.11/site-packages/yt_dlp/extractor/zhihu.py
usr/lib/python3.11/site-packages/yt_dlp/extractor/zingmp3.py
usr/lib/python3.11/site-packages/yt_dlp/extractor/zoom.py
usr/lib/python3.11/site-packages/yt_dlp/extractor/zype.py
usr/lib/python3.11/site-packages/yt_dlp/globals.py
usr/lib/python3.11/site-packages/yt_dlp/jsinterp.py
usr/lib/python3.11/site-packages/yt_dlp/minicurses.py
usr/lib/python3.11/site-packages/yt_dlp/networking/
usr/lib/python3.11/site-packages/yt_dlp/networking/__init__.py
usr/lib/python3.11/site-packages/yt_dlp/networking/__pycache__/
usr/lib/python3.11/site-packages/yt_dlp/networking/__pycache__/__init__.cpython-311.opt-1.pyc
usr/lib/python3.11/site-packages/yt_dlp/networking/__pycache__/__init__.cpython-311.pyc
usr/lib/python3.11/site-packages/yt_dlp/networking/__pycache__/_curlcffi.cpython-311.opt-1.pyc
usr/lib/python3.11/site-packages/yt_dlp/networking/__pycache__/_curlcffi.cpython-311.pyc
usr/lib/python3.11/site-packages/yt_dlp/networking/__pycache__/_helper.cpython-311.opt-1.pyc
usr/lib/python3.11/site-packages/yt_dlp/networking/__pycache__/_helper.cpython-311.pyc
usr/lib/python3.11/site-packages/yt_dlp/networking/__pycache__/_requests.cpython-311.opt-1.pyc
usr/lib/python3.11/site-packages/yt_dlp/networking/__pycache__/_requests.cpython-311.pyc
usr/lib/python3.11/site-packages/yt_dlp/networking/__pycache__/_urllib.cpython-311.opt-1.pyc
usr/lib/python3.11/site-packages/yt_dlp/networking/__pycache__/_urllib.cpython-311.pyc
usr/lib/python3.11/site-packages/yt_dlp/networking/__pycache__/_websockets.cpython-311.opt-1.pyc
usr/lib/python3.11/site-packages/yt_dlp/networking/__pycache__/_websockets.cpython-311.pyc
usr/lib/python3.11/site-packages/yt_dlp/networking/__pycache__/common.cpython-311.opt-1.pyc
usr/lib/python3.11/site-packages/yt_dlp/networking/__pycache__/common.cpython-311.pyc
usr/lib/python3.11/site-packages/yt_dlp/networking/__pycache__/exceptions.cpython-311.opt-1.pyc
usr/lib/python3.11/site-packages/yt_dlp/networking/__pycache__/exceptions.cpython-311.pyc
usr/lib/python3.11/site-packages/yt_dlp/networking/__pycache__/impersonate.cpython-311.opt-1.pyc
usr/lib/python3.11/site-packages/yt_dlp/networking/__pycache__/impersonate.cpython-311.pyc
usr/lib/python3.11/site-packages/yt_dlp/networking/__pycache__/websocket.cpython-311.opt-1.pyc
usr/lib/python3.11/site-packages/yt_dlp/networking/__pycache__/websocket.cpython-311.pyc
usr/lib/python3.11/site-packages/yt_dlp/networking/_curlcffi.py
usr/lib/python3.11/site-packages/yt_dlp/networking/_helper.py
usr/lib/python3.11/site-packages/yt_dlp/networking/_requests.py
usr/lib/python3.11/site-packages/yt_dlp/networking/_urllib.py
usr/lib/python3.11/site-packages/yt_dlp/networking/_websockets.py
usr/lib/python3.11/site-packages/yt_dlp/networking/common.py
usr/lib/python3.11/site-packages/yt_dlp/networking/exceptions.py
usr/lib/python3.11/site-packages/yt_dlp/networking/impersonate.py
usr/lib/python3.11/site-packages/yt_dlp/networking/websocket.py
usr/lib/python3.11/site-packages/yt_dlp/options.py
usr/lib/python3.11/site-packages/yt_dlp/plugins.py
usr/lib/python3.11/site-packages/yt_dlp/postprocessor/
usr/lib/python3.11/site-packages/yt_dlp/postprocessor/__init__.py
usr/lib/python3.11/site-packages/yt_dlp/postprocessor/__pycache__/
usr/lib/python3.11/site-packages/yt_dlp/postprocessor/__pycache__/__init__.cpython-311.opt-1.pyc
usr/lib/python3.11/site-packages/yt_dlp/postprocessor/__pycache__/__init__.cpython-311.pyc
usr/lib/python3.11/site-packages/yt_dlp/postprocessor/__pycache__/common.cpython-311.opt-1.pyc
usr/lib/python3.11/site-packages/yt_dlp/postprocessor/__pycache__/common.cpython-311.pyc
usr/lib/python3.11/site-packages/yt_dlp/postprocessor/__pycache__/embedthumbnail.cpython-311.opt-1.pyc
usr/lib/python3.11/site-packages/yt_dlp/postprocessor/__pycache__/embedthumbnail.cpython-311.pyc
usr/lib/python3.11/site-packages/yt_dlp/postprocessor/__pycache__/exec.cpython-311.opt-1.pyc
usr/lib/python3.11/site-packages/yt_dlp/postprocessor/__pycache__/exec.cpython-311.pyc
usr/lib/python3.11/site-packages/yt_dlp/postprocessor/__pycache__/ffmpeg.cpython-311.opt-1.pyc
usr/lib/python3.11/site-packages/yt_dlp/postprocessor/__pycache__/ffmpeg.cpython-311.pyc
usr/lib/python3.11/site-packages/yt_dlp/postprocessor/__pycache__/metadataparser.cpython-311.opt-1.pyc
usr/lib/python3.11/site-packages/yt_dlp/postprocessor/__pycache__/metadataparser.cpython-311.pyc
usr/lib/python3.11/site-packages/yt_dlp/postprocessor/__pycache__/modify_chapters.cpython-311.opt-1.pyc
usr/lib/python3.11/site-packages/yt_dlp/postprocessor/__pycache__/modify_chapters.cpython-311.pyc
usr/lib/python3.11/site-packages/yt_dlp/postprocessor/__pycache__/movefilesafterdownload.cpython-311.opt-1.pyc
usr/lib/python3.11/site-packages/yt_dlp/postprocessor/__pycache__/movefilesafterdownload.cpython-311.pyc
usr/lib/python3.11/site-packages/yt_dlp/postprocessor/__pycache__/sponsorblock.cpython-311.opt-1.pyc
usr/lib/python3.11/site-packages/yt_dlp/postprocessor/__pycache__/sponsorblock.cpython-311.pyc
usr/lib/python3.11/site-packages/yt_dlp/postprocessor/__pycache__/xattrpp.cpython-311.opt-1.pyc
usr/lib/python3.11/site-packages/yt_dlp/postprocessor/__pycache__/xattrpp.cpython-311.pyc
usr/lib/python3.11/site-packages/yt_dlp/postprocessor/common.py
usr/lib/python3.11/site-packages/yt_dlp/postprocessor/embedthumbnail.py
usr/lib/python3.11/site-packages/yt_dlp/postprocessor/exec.py
usr/lib/python3.11/site-packages/yt_dlp/postprocessor/ffmpeg.py
usr/lib/python3.11/site-packages/yt_dlp/postprocessor/metadataparser.py
usr/lib/python3.11/site-packages/yt_dlp/postprocessor/modify_chapters.py
usr/lib/python3.11/site-packages/yt_dlp/postprocessor/movefilesafterdownload.py
usr/lib/python3.11/site-packages/yt_dlp/postprocessor/sponsorblock.py
usr/lib/python3.11/site-packages/yt_dlp/postprocessor/xattrpp.py
usr/lib/python3.11/site-packages/yt_dlp/socks.py
usr/lib/python3.11/site-packages/yt_dlp/update.py
usr/lib/python3.11/site-packages/yt_dlp/utils/
usr/lib/python3.11/site-packages/yt_dlp/utils/__init__.py
usr/lib/python3.11/site-packages/yt_dlp/utils/__pycache__/
usr/lib/python3.11/site-packages/yt_dlp/utils/__pycache__/__init__.cpython-311.opt-1.pyc
usr/lib/python3.11/site-packages/yt_dlp/utils/__pycache__/__init__.cpython-311.pyc
usr/lib/python3.11/site-packages/yt_dlp/utils/__pycache__/_deprecated.cpython-311.opt-1.pyc
usr/lib/python3.11/site-packages/yt_dlp/utils/__pycache__/_deprecated.cpython-311.pyc
usr/lib/python3.11/site-packages/yt_dlp/utils/__pycache__/_jsruntime.cpython-311.opt-1.pyc
usr/lib/python3.11/site-packages/yt_dlp/utils/__pycache__/_jsruntime.cpython-311.pyc
usr/lib/python3.11/site-packages/yt_dlp/utils/__pycache__/_legacy.cpython-311.opt-1.pyc
usr/lib/python3.11/site-packages/yt_dlp/utils/__pycache__/_legacy.cpython-311.pyc
usr/lib/python3.11/site-packages/yt_dlp/utils/__pycache__/_utils.cpython-311.opt-1.pyc
usr/lib/python3.11/site-packages/yt_dlp/utils/__pycache__/_utils.cpython-311.pyc
usr/lib/python3.11/site-packages/yt_dlp/utils/__pycache__/networking.cpython-311.opt-1.pyc
usr/lib/python3.11/site-packages/yt_dlp/utils/__pycache__/networking.cpython-311.pyc
usr/lib/python3.11/site-packages/yt_dlp/utils/__pycache__/progress.cpython-311.opt-1.pyc
usr/lib/python3.11/site-packages/yt_dlp/utils/__pycache__/progress.cpython-311.pyc
usr/lib/python3.11/site-packages/yt_dlp/utils/__pycache__/traversal.cpython-311.opt-1.pyc
usr/lib/python3.11/site-packages/yt_dlp/utils/__pycache__/traversal.cpython-311.pyc
usr/lib/python3.11/site-packages/yt_dlp/utils/_deprecated.py
usr/lib/python3.11/site-packages/yt_dlp/utils/_jsruntime.py
usr/lib/python3.11/site-packages/yt_dlp/utils/_legacy.py
usr/lib/python3.11/site-packages/yt_dlp/utils/_utils.py
usr/lib/python3.11/site-packages/yt_dlp/utils/jslib/
usr/lib/python3.11/site-packages/yt_dlp/utils/jslib/__init__.py
usr/lib/python3.11/site-packages/yt_dlp/utils/jslib/__pycache__/
usr/lib/python3.11/site-packages/yt_dlp/utils/jslib/__pycache__/__init__.cpython-311.opt-1.pyc
usr/lib/python3.11/site-packages/yt_dlp/utils/jslib/__pycache__/__init__.cpython-311.pyc
usr/lib/python3.11/site-packages/yt_dlp/utils/jslib/__pycache__/devalue.cpython-311.opt-1.pyc
usr/lib/python3.11/site-packages/yt_dlp/utils/jslib/__pycache__/devalue.cpython-311.pyc
usr/lib/python3.11/site-packages/yt_dlp/utils/jslib/devalue.py
usr/lib/python3.11/site-packages/yt_dlp/utils/networking.py
usr/lib/python3.11/site-packages/yt_dlp/utils/progress.py
usr/lib/python3.11/site-packages/yt_dlp/utils/traversal.py
usr/lib/python3.11/site-packages/yt_dlp/version.py
usr/lib/python3.11/site-packages/yt_dlp/webvtt.py
usr/man/
usr/man/man1/
usr/man/man1/yt-dlp.1.gz
usr/src/
usr/src/yt-dlp-2026.02.21/
usr/src/yt-dlp-2026.02.21/SLKBUILD
WARNING:  zero length file usr/lib/python3.11/site-packages/yt_dlp/extractor/youtube/jsc/_builtin/__init__.py
WARNING:  zero length file usr/lib/python3.11/site-packages/yt_dlp/extractor/youtube/pot/_builtin/__init__.py

Slackware package /home/sektor/projects/slackbuilds/ap/yt-dlp/yt-dlp-2026.02.21-x86_64-1slint.txz created.

Package has been built.
Cleaning pkg and src directories
