tar -xf kbd-2.6.3.tar.xz
tar -xf extraf.tgz
Hmm...  Looks like a unified diff to me...
The text leading up to this was:
--------------------------
|Submitted By: Matt Burgess
|Date: 2008-12-06
|Initial Package Version: 1.15
|Upstream Status: Not submitted, possibly incomplete
|Description: Makes Backspace and Delete keys consistent in all i386 keymaps.
|Makes the Backspace key send character code 127, and Delete send a well known
|escape sequence. Obsoletes the /etc/kbd/bs-sends-del file for i386.
|
|Original patch for 1.12 by Alexander Patrakov.
|Updated for 1.13 (drop ru.map, the change is upstream, and add ru_win.map,
|ru-cp1251.map) by Ken Moffat <ken at linuxfromscratch dot org>.
|Re-diffed against 1.15 by Matt Burgess <matthew at linuxfromscratch.org>.
|
|diff -Naur kbd-1.15.orig/data/keymaps/i386/dvorak/dvorak-l.map kbd-1.15/data/keymaps/i386/dvorak/dvorak-l.map
|--- kbd-1.15.orig/data/keymaps/i386/dvorak/dvorak-l.map	2008-06-20 12:36:01.000000000 +0100
|+++ kbd-1.15/data/keymaps/i386/dvorak/dvorak-l.map	2008-12-03 22:27:55.000000000 +0000
--------------------------
patching file data/keymaps/i386/dvorak/dvorak-l.map
Hunk #1 succeeded at 43.
Hmm...  The next patch looks like a unified diff to me...
The text leading up to this was:
--------------------------
|diff -Naur kbd-1.15.orig/data/keymaps/i386/dvorak/dvorak-r.map kbd-1.15/data/keymaps/i386/dvorak/dvorak-r.map
|--- kbd-1.15.orig/data/keymaps/i386/dvorak/dvorak-r.map	2008-06-20 12:36:01.000000000 +0100
|+++ kbd-1.15/data/keymaps/i386/dvorak/dvorak-r.map	2008-12-03 22:28:13.000000000 +0000
--------------------------
patching file data/keymaps/i386/dvorak/dvorak-r.map
Hunk #1 succeeded at 43.
Hmm...  The next patch looks like a unified diff to me...
The text leading up to this was:
--------------------------
|diff -Naur kbd-1.15.orig/data/keymaps/i386/fgGIod/tr_f-latin5.map kbd-1.15/data/keymaps/i386/fgGIod/tr_f-latin5.map
|--- kbd-1.15.orig/data/keymaps/i386/fgGIod/tr_f-latin5.map	2008-10-23 20:03:58.000000000 +0100
|+++ kbd-1.15/data/keymaps/i386/fgGIod/tr_f-latin5.map	2008-12-03 22:40:32.000000000 +0000
--------------------------
patching file data/keymaps/i386/fgGIod/tr_f-latin5.map
Hunk #1 succeeded at 51.
Hmm...  The next patch looks like a unified diff to me...
The text leading up to this was:
--------------------------
|diff -Naur kbd-1.15.orig/data/keymaps/i386/qwerty/lt.l4.map kbd-1.15/data/keymaps/i386/qwerty/lt.l4.map
|--- kbd-1.15.orig/data/keymaps/i386/qwerty/lt.l4.map	2008-10-23 20:03:59.000000000 +0100
|+++ kbd-1.15/data/keymaps/i386/qwerty/lt.l4.map	2008-12-03 22:42:14.000000000 +0000
--------------------------
patching file data/keymaps/i386/qwerty/lt.l4.map
Hunk #1 succeeded at 205.
Hunk #2 succeeded at 506.
Hmm...  The next patch looks like a unified diff to me...
The text leading up to this was:
--------------------------
|diff -Naur kbd-1.15.orig/data/keymaps/i386/qwerty/lt.map kbd-1.15/data/keymaps/i386/qwerty/lt.map
|--- kbd-1.15.orig/data/keymaps/i386/qwerty/lt.map	2008-10-23 20:03:59.000000000 +0100
|+++ kbd-1.15/data/keymaps/i386/qwerty/lt.map	2008-12-03 22:42:58.000000000 +0000
--------------------------
patching file data/keymaps/i386/qwerty/lt.map
Hunk #1 succeeded at 204.
Hunk #2 succeeded at 505.
Hmm...  The next patch looks like a unified diff to me...
The text leading up to this was:
--------------------------
|diff -Naur kbd-1.15.orig/data/keymaps/i386/qwerty/no-latin1.map kbd-1.15/data/keymaps/i386/qwerty/no-latin1.map
|--- kbd-1.15.orig/data/keymaps/i386/qwerty/no-latin1.map	2008-06-20 12:36:00.000000000 +0100
|+++ kbd-1.15/data/keymaps/i386/qwerty/no-latin1.map	2008-12-03 22:44:25.000000000 +0000
--------------------------
patching file data/keymaps/i386/qwerty/no-latin1.map
Hunk #1 succeeded at 3.
Hmm...  The next patch looks like a unified diff to me...
The text leading up to this was:
--------------------------
|diff -Naur kbd-1.15.orig/data/keymaps/i386/qwerty/ru1.map kbd-1.15/data/keymaps/i386/qwerty/ru1.map
|--- kbd-1.15.orig/data/keymaps/i386/qwerty/ru1.map	2008-10-23 20:03:59.000000000 +0100
|+++ kbd-1.15/data/keymaps/i386/qwerty/ru1.map	2008-12-03 22:45:32.000000000 +0000
--------------------------
patching file data/keymaps/i386/qwerty/ru1.map
Hunk #1 succeeded at 143.
Hmm...  The next patch looks like a unified diff to me...
The text leading up to this was:
--------------------------
|diff -Naur kbd-1.15.orig/data/keymaps/i386/qwerty/ru2.map kbd-1.15/data/keymaps/i386/qwerty/ru2.map
|--- kbd-1.15.orig/data/keymaps/i386/qwerty/ru2.map	2008-10-23 20:03:59.000000000 +0100
|+++ kbd-1.15/data/keymaps/i386/qwerty/ru2.map	2008-12-03 22:46:15.000000000 +0000
--------------------------
patching file data/keymaps/i386/qwerty/ru2.map
Hunk #1 succeeded at 46.
Hmm...  The next patch looks like a unified diff to me...
The text leading up to this was:
--------------------------
|diff -Naur kbd-1.15.orig/data/keymaps/i386/qwerty/ru-cp1251.map kbd-1.15/data/keymaps/i386/qwerty/ru-cp1251.map
|--- kbd-1.15.orig/data/keymaps/i386/qwerty/ru-cp1251.map	2008-10-23 20:03:59.000000000 +0100
|+++ kbd-1.15/data/keymaps/i386/qwerty/ru-cp1251.map	2008-12-03 22:47:12.000000000 +0000
--------------------------
patching file data/keymaps/i386/qwerty/ru-cp1251.map
Hunk #1 succeeded at 39.
Hmm...  The next patch looks like a unified diff to me...
The text leading up to this was:
--------------------------
|diff -Naur kbd-1.15.orig/data/keymaps/i386/qwerty/ru-ms.map kbd-1.15/data/keymaps/i386/qwerty/ru-ms.map
|--- kbd-1.15.orig/data/keymaps/i386/qwerty/ru-ms.map	2008-10-23 20:03:59.000000000 +0100
|+++ kbd-1.15/data/keymaps/i386/qwerty/ru-ms.map	2008-12-03 22:48:10.000000000 +0000
--------------------------
patching file data/keymaps/i386/qwerty/ru-ms.map
Hunk #1 succeeded at 89.
Hmm...  The next patch looks like a unified diff to me...
The text leading up to this was:
--------------------------
|diff -Naur kbd-1.15.orig/data/keymaps/i386/qwerty/ru_win.map kbd-1.15/data/keymaps/i386/qwerty/ru_win.map
|--- kbd-1.15.orig/data/keymaps/i386/qwerty/ru_win.map	2008-10-23 20:03:59.000000000 +0100
|+++ kbd-1.15/data/keymaps/i386/qwerty/ru_win.map	2008-12-03 22:49:17.000000000 +0000
--------------------------
patching file data/keymaps/i386/qwerty/ru_win.map
Hunk #1 succeeded at 42.
Hmm...  The next patch looks like a unified diff to me...
The text leading up to this was:
--------------------------
|diff -Naur kbd-1.15.orig/data/keymaps/i386/qwerty/se-ir209.map kbd-1.15/data/keymaps/i386/qwerty/se-ir209.map
|--- kbd-1.15.orig/data/keymaps/i386/qwerty/se-ir209.map	2008-10-23 20:03:59.000000000 +0100
|+++ kbd-1.15/data/keymaps/i386/qwerty/se-ir209.map	2008-12-03 22:50:18.000000000 +0000
--------------------------
patching file data/keymaps/i386/qwerty/se-ir209.map
Hunk #1 succeeded at 345.
Hmm...  The next patch looks like a unified diff to me...
The text leading up to this was:
--------------------------
|diff -Naur kbd-1.15.orig/data/keymaps/i386/qwerty/se-lat6.map kbd-1.15/data/keymaps/i386/qwerty/se-lat6.map
|--- kbd-1.15.orig/data/keymaps/i386/qwerty/se-lat6.map	2008-10-23 20:03:59.000000000 +0100
|+++ kbd-1.15/data/keymaps/i386/qwerty/se-lat6.map	2008-12-03 22:50:44.000000000 +0000
--------------------------
patching file data/keymaps/i386/qwerty/se-lat6.map
Hunk #1 succeeded at 374.
Hmm...  The next patch looks like a unified diff to me...
The text leading up to this was:
--------------------------
|diff -Naur kbd-1.15.orig/data/keymaps/i386/qwerty/tr_q-latin5.map kbd-1.15/data/keymaps/i386/qwerty/tr_q-latin5.map
|--- kbd-1.15.orig/data/keymaps/i386/qwerty/tr_q-latin5.map	2008-10-23 20:03:59.000000000 +0100
|+++ kbd-1.15/data/keymaps/i386/qwerty/tr_q-latin5.map	2008-12-03 22:52:09.000000000 +0000
--------------------------
patching file data/keymaps/i386/qwerty/tr_q-latin5.map
Hunk #1 succeeded at 49.
Hmm...  The next patch looks like a unified diff to me...
The text leading up to this was:
--------------------------
|diff -Naur kbd-1.15.orig/data/keymaps/i386/qwerty/ua.map kbd-1.15/data/keymaps/i386/qwerty/ua.map
|--- kbd-1.15.orig/data/keymaps/i386/qwerty/ua.map	2008-10-23 20:03:59.000000000 +0100
|+++ kbd-1.15/data/keymaps/i386/qwerty/ua.map	2008-12-03 22:52:52.000000000 +0000
--------------------------
patching file data/keymaps/i386/qwerty/ua.map
Hunk #1 succeeded at 249.
Hmm...  The next patch looks like a unified diff to me...
The text leading up to this was:
--------------------------
|diff -Naur kbd-1.15.orig/data/keymaps/i386/qwerty/ua-utf.map kbd-1.15/data/keymaps/i386/qwerty/ua-utf.map
|--- kbd-1.15.orig/data/keymaps/i386/qwerty/ua-utf.map	2008-10-23 20:03:59.000000000 +0100
|+++ kbd-1.15/data/keymaps/i386/qwerty/ua-utf.map	2008-12-03 22:53:36.000000000 +0000
--------------------------
patching file data/keymaps/i386/qwerty/ua-utf.map
Hunk #1 succeeded at 250.
Hmm...  The next patch looks like a unified diff to me...
The text leading up to this was:
--------------------------
|diff -Naur kbd-1.15.orig/data/keymaps/i386/qwerty/ua-utf-ws.map kbd-1.15/data/keymaps/i386/qwerty/ua-utf-ws.map
|--- kbd-1.15.orig/data/keymaps/i386/qwerty/ua-utf-ws.map	2008-10-23 20:03:59.000000000 +0100
|+++ kbd-1.15/data/keymaps/i386/qwerty/ua-utf-ws.map	2008-12-03 22:54:06.000000000 +0000
--------------------------
patching file data/keymaps/i386/qwerty/ua-utf-ws.map
Hunk #1 succeeded at 260.
Hmm...  The next patch looks like a unified diff to me...
The text leading up to this was:
--------------------------
|diff -Naur kbd-1.15.orig/data/keymaps/i386/qwerty/ua-ws.map kbd-1.15/data/keymaps/i386/qwerty/ua-ws.map
|--- kbd-1.15.orig/data/keymaps/i386/qwerty/ua-ws.map	2008-10-23 20:03:59.000000000 +0100
|+++ kbd-1.15/data/keymaps/i386/qwerty/ua-ws.map	2008-12-03 22:54:23.000000000 +0000
--------------------------
patching file data/keymaps/i386/qwerty/ua-ws.map
Hunk #1 succeeded at 260.
done
patching file data/keymaps/i386/include/euro2.map
'data/keymaps/i386/qwerty/pt-latin9.map' -> 'data/keymaps/i386/qwerty/pt.map'
'data/keymaps/i386/qwerty/sv-latin1.map' -> 'data/keymaps/i386/qwerty/se-latin1.map'
renamed 'data/keymaps/i386/azerty/fr.map' -> 'data/keymaps/i386/azerty/fr-old.map'
'data/keymaps/i386/azerty/fr-latin9.map' -> 'data/keymaps/i386/azerty/fr.map'
'data/keymaps/i386/azerty/fr-latin9.map' -> 'data/keymaps/i386/azerty/fr-latin0.map'
checking for a BSD-compatible install... /usr/bin/ginstall -c
checking whether build environment is sane... yes
checking for a race-free mkdir -p... /usr/bin/mkdir -p
checking for gawk... gawk
checking whether make sets $(MAKE)... yes
checking whether make supports nested variables... yes
checking for pkg-config... /usr/bin/pkg-config
checking pkg-config is at least version 0.9.0... yes
checking whether to build with code coverage support... no
checking whether make supports nested variables... (cached) yes
checking for gcc... gcc
checking whether the C compiler works... yes
checking for C compiler default output file name... a.out
checking for suffix of executables... 
checking whether we are cross compiling... no
checking for suffix of object files... o
checking whether the compiler supports GNU C... yes
checking whether gcc accepts -g... yes
checking for gcc option to enable C11 features... none needed
checking whether gcc understands -c and -o together... yes
checking whether make supports the include directive... yes (GNU style)
checking dependency style of gcc... gcc3
checking for bison... bison -y
checking for flex... flex
checking for lex output file root... lex.yy
checking for lex library... none needed
checking whether yytext is a pointer... yes
checking for a sed that does not truncate output... /usr/bin/sed
checking whether ln -s works... yes
checking whether make sets $(MAKE)... (cached) yes
checking build system type... x86_64-pc-linux-gnu
checking host system type... x86_64-pc-linux-gnu
checking for ar... ar
checking the archiver (ar) interface... ar
checking how to print strings... printf
checking for a sed that does not truncate output... (cached) /usr/bin/sed
checking for grep that handles long lines and -e... /usr/bin/grep
checking for egrep... /usr/bin/grep -E
checking for fgrep... /usr/bin/grep -F
checking for ld used by gcc... /usr/bin/ld
checking if the linker (/usr/bin/ld) is GNU ld... yes
checking for BSD- or MS-compatible name lister (nm)... /usr/bin/nm -B
checking the name lister (/usr/bin/nm -B) interface... BSD nm
checking the maximum length of command line arguments... 1572864
checking how to convert x86_64-pc-linux-gnu file names to x86_64-pc-linux-gnu format... func_convert_file_noop
checking how to convert x86_64-pc-linux-gnu file names to toolchain format... func_convert_file_noop
checking for /usr/bin/ld option to reload object files... -r
checking for file... file
checking for objdump... objdump
checking how to recognize dependent libraries... pass_all
checking for dlltool... dlltool
checking how to associate runtime and link libraries... printf %s\n
checking for archiver @FILE support... @
checking for strip... strip
checking for ranlib... ranlib
checking command to parse /usr/bin/nm -B output from gcc object... ok
checking for sysroot... no
checking for a working dd... /usr/bin/dd
checking how to truncate binary pipes... /usr/bin/dd bs=4096 count=1
checking for mt... no
checking if : is a manifest tool... no
checking for stdio.h... yes
checking for stdlib.h... yes
checking for string.h... yes
checking for inttypes.h... yes
checking for stdint.h... yes
checking for strings.h... yes
checking for sys/stat.h... yes
checking for sys/types.h... yes
checking for unistd.h... yes
checking for vfork.h... no
checking for dlfcn.h... yes
checking for objdir... .libs
checking if gcc supports -fno-rtti -fno-exceptions... no
checking for gcc option to produce PIC... -fPIC -DPIC
checking if gcc PIC flag -fPIC -DPIC works... yes
checking if gcc static flag -static works... yes
checking if gcc supports -c -o file.o... yes
checking if gcc supports -c -o file.o... (cached) yes
checking whether the gcc linker (/usr/bin/ld -m elf_x86_64) supports shared libraries... yes
checking whether -lc should be explicitly linked in... no
checking dynamic linker characteristics... GNU/Linux ld.so
checking how to hardcode library paths into programs... immediate
checking whether stripping libraries is possible... yes
checking if libtool supports shared libraries... yes
checking whether to build shared libraries... yes
checking whether to build static libraries... no
checking whether NLS is requested... yes
checking for msgfmt... /usr/bin/msgfmt
checking for gmsgfmt... /usr/bin/msgfmt
checking for xgettext... /usr/bin/xgettext
checking for msgmerge... /usr/bin/msgmerge
checking for ld used by gcc... /usr/bin/ld -m elf_x86_64
checking if the linker (/usr/bin/ld -m elf_x86_64) is GNU ld... yes
checking for shared library run path origin... done
checking how to run the C preprocessor... gcc -E
checking for CFPreferencesCopyAppValue... no
checking for CFLocaleCopyCurrent... no
checking for GNU gettext in libc... yes
checking whether to use NLS... yes
checking where the gettext function comes from... libc
checking for dirent.h that defines DIR... yes
checking for library containing opendir... none required
checking for sys/wait.h that is POSIX.1 compatible... yes
checking for fcntl.h... yes
checking for libintl.h... yes
checking for locale.h... yes
checking for memory.h... yes
checking for stdlib.h... (cached) yes
checking for string.h... (cached) yes
checking for sys/file.h... yes
checking for sys/ioctl.h... yes
checking for termios.h... yes
checking for unistd.h... (cached) yes
checking for an ANSI C-conforming const... yes
checking for inline... inline
checking for size_t... yes
checking whether struct tm is in sys/time.h or time.h... time.h
checking for uid_t in sys/types.h... yes
checking whether gcc needs -traditional... no
checking for working chown... yes
checking whether closedir returns void... no
checking for pid_t... yes
checking for fork... yes
checking for vfork... yes
checking for working fork... yes
checking for working vfork... (cached) yes
checking whether lstat correctly handles trailing slash... yes
checking whether stat accepts an empty string... no
checking for alarm... yes
checking for memset... yes
checking for setlocale... yes
checking for strcasecmp... yes
checking for strchr... yes
checking for strdup... yes
checking for strerror... yes
checking for strspn... yes
checking for strstr... yes
checking for strtol... yes
checking for strtoul... yes
checking for setpgrp... yes
checking for malloc... yes
checking for realloc... yes
checking for library containing timer_create... -lrt
checking if gcc supports -Waggregate-return flag... yes
checking if gcc supports -Wall flag... yes
checking if gcc supports -Wcast-align flag... yes
checking if gcc supports -Wconversion flag... yes
checking if gcc supports -Wdisabled-optimization flag... yes
checking if gcc supports -Wextra flag... yes
checking if gcc supports -Wmissing-declarations flag... yes
checking if gcc supports -Wmissing-format-attribute flag... yes
checking if gcc supports -Wmissing-noreturn flag... yes
checking if gcc supports -Wmissing-prototypes flag... yes
checking if gcc supports -Wpointer-arith flag... yes
checking if gcc supports -Wredundant-decls flag... yes
checking if gcc supports -Wshadow flag... yes
checking if gcc supports -Wstrict-prototypes flag... yes
checking if gcc supports -Wwrite-strings flag... yes
checking for pam_start in -lpam... yes
checking for security/pam_appl.h... yes
checking for misc_conv in -lpam_misc... yes
checking for security/pam_misc.h... yes
checking for doxygen... yes
checking that generated files are newer than configure... done
configure: creating ./config.status
config.status: creating Makefile
config.status: creating data/Makefile
config.status: creating docs/Makefile
config.status: creating docs/man/Makefile
config.status: creating docs/man/man1/Makefile
config.status: creating docs/man/man1/dumpkeys.1
config.status: creating docs/man/man1/loadkeys.1
config.status: creating docs/man/man1misc/Makefile
config.status: creating docs/man/man5/Makefile
config.status: creating docs/man/man8/Makefile
config.status: creating docs/man/man8/loadunimap.8
config.status: creating docs/man/man8/mapscrn.8
config.status: creating docs/man/man8/setfont.8
config.status: creating docs/man/man8misc/Makefile
config.status: creating docs/reference/Makefile
config.status: creating docs/reference/libkeymap/Makefile
config.status: creating po/Makefile.in
config.status: creating src/Makefile
config.status: creating src/libcommon/Makefile
config.status: creating src/libkbdfile/Makefile
config.status: creating src/libkfont/Makefile
config.status: creating src/libkeymap/Makefile
config.status: creating src/vlock/Makefile
config.status: creating tests/helpers/Makefile
config.status: creating tests/libkbdfile/Makefile
config.status: creating tests/libkeymap/Makefile
config.status: creating tests/Makefile
config.status: creating config.h
config.status: executing tests/atconfig commands
config.status: executing depfiles commands
config.status: executing libtool commands
config.status: executing po-directories commands
config.status: creating po/POTFILES
config.status: creating po/Makefile

	kbd 2.6.3
	======

	prefix:                 /usr
	libdir:                 /usr/lib64
	bindir:                 ${exec_prefix}/bin
	datadir:                /usr/share/kbd

	compiler:               gcc
	cflags:                 -O2 -D_FORTIFY_SOURCE=2 -O2 -fPIC -Waggregate-return -Wall -Wcast-align -Wconversion -Wdisabled-optimization -Wextra -Wmissing-declarations -Wmissing-format-attribute -Wmissing-noreturn -Wmissing-prototypes -Wpointer-arith -Wredundant-decls -Wshadow -Wstrict-prototypes -Wwrite-strings

	{get,set}keycodes:      yes
	resizecons:             no
	optional progs:         yes
	vlock:                  yes
	libkbdfile:             yes
	libkeymap:              yes
	libkfont:               no

make  all-recursive
make[1]: Entering directory '/home/sektor/projects/slackbuilds/a/kbd/src/kbd-2.6.3'
Making all in src
make[2]: Entering directory '/home/sektor/projects/slackbuilds/a/kbd/src/kbd-2.6.3/src'
Making all in libcommon
make[3]: Entering directory '/home/sektor/projects/slackbuilds/a/kbd/src/kbd-2.6.3/src/libcommon'
  CC       getfd.o
  CC       error.o
  CC       version.o
  AR       libcommon.a
make[3]: Leaving directory '/home/sektor/projects/slackbuilds/a/kbd/src/kbd-2.6.3/src/libcommon'
Making all in libkbdfile
make[3]: Entering directory '/home/sektor/projects/slackbuilds/a/kbd/src/kbd-2.6.3/src/libkbdfile'
  CC       init.lo
  CC       kbdfile.lo
  CCLD     libkbdfile.la
make[3]: Leaving directory '/home/sektor/projects/slackbuilds/a/kbd/src/kbd-2.6.3/src/libkbdfile'
Making all in libkfont
make[3]: Entering directory '/home/sektor/projects/slackbuilds/a/kbd/src/kbd-2.6.3/src/libkfont'
  CC       psffontop.lo
  CC       psfxtable.lo
  CC       context.lo
  CC       unicode.lo
  CC       utf8.lo
  CC       kdmapop.lo
  CC       loadunimap.lo
  CC       mapscrn.lo
  CC       setfont.lo
  CC       kdfontop.lo
  CCLD     libkfont.la
make[3]: Leaving directory '/home/sektor/projects/slackbuilds/a/kbd/src/kbd-2.6.3/src/libkfont'
Making all in libkeymap
make[3]: Entering directory '/home/sektor/projects/slackbuilds/a/kbd/src/kbd-2.6.3/src/libkeymap'
make  all-am
make[4]: Entering directory '/home/sektor/projects/slackbuilds/a/kbd/src/kbd-2.6.3/src/libkeymap'
  CC       array.lo
  CC       common.lo
  CC       kernel.lo
  CC       dump.lo
  CC       kmap.lo
  CC       diacr.lo
  CC       func.lo
  CC       summary.lo
  CC       loadkeys.lo
  CC       parser.lo
  CC       analyze.lo
  CC       modifiers.lo
  CC       ksyms.lo
  CCLD     libkeymap.la
/usr/bin/sed \
    -e 's,[@]VERSION[@],2.6.3,g' \
    -e 's,[@]prefix[@],/usr,g' \
    -e 's,[@]exec_prefix[@],/usr,g' \
    -e 's,[@]libdir[@],/usr/lib64,g' \
    -e 's,[@]includedir[@],/usr/include,g' \
    <libkeymap.pc.in >./libkeymap.pc
touch -r libkeymap.pc.in ./libkeymap.pc
chmod 644 ./libkeymap.pc
make[4]: Leaving directory '/home/sektor/projects/slackbuilds/a/kbd/src/kbd-2.6.3/src/libkeymap'
make[3]: Leaving directory '/home/sektor/projects/slackbuilds/a/kbd/src/kbd-2.6.3/src/libkeymap'
Making all in vlock
make[3]: Entering directory '/home/sektor/projects/slackbuilds/a/kbd/src/kbd-2.6.3/src/vlock'
  CC       auth.o
  CC       pam.o
  CC       parse.o
  CC       screen.o
  CC       username.o
  CC       vlock.o
  CC       vt.o
  CCLD     vlock
make[3]: Leaving directory '/home/sektor/projects/slackbuilds/a/kbd/src/kbd-2.6.3/src/vlock'
make[3]: Entering directory '/home/sektor/projects/slackbuilds/a/kbd/src/kbd-2.6.3/src'
  CC       mapscrn.o
  CCLD     mapscrn
  CC       loadunimap.o
  CCLD     loadunimap
  CC       dumpkeys.o
  CCLD     dumpkeys
  CC       loadkeys.o
  CCLD     loadkeys
  CC       showkey.o
showkey.c: In function ‘main’:
showkey.c:275:31: warning: conversion to ‘unsigned int’ from ‘int’ may change the sign of the result [-Wsign-conversion]
  275 |                         alarm(timeout);
      |                               ^~~~~~~
showkey.c:287:23: warning: conversion to ‘unsigned int’ from ‘int’ may change the sign of the result [-Wsign-conversion]
  287 |                 alarm(timeout);
      |                       ^~~~~~~
  CCLD     showkey
  CC       setfont.o
  CCLD     setfont
  CC       showconsolefont.o
  CCLD     showconsolefont
  CC       setleds.o
  CCLD     setleds
  CC       setmetamode.o
  CCLD     setmetamode
  CC       kbd_mode.o
  CCLD     kbd_mode
  CC       psfxtable.o
  CCLD     psfxtable
  CC       fgconsole.o
  CCLD     fgconsole
  CC       kbdrate.o
  CCLD     kbdrate
  CC       chvt.o
  CCLD     chvt
  CC       deallocvt.o
  CCLD     deallocvt
  CC       openvt.o
  CCLD     openvt
  CC       kbdinfo.o
  CCLD     kbdinfo
  CC       setvtrgb.o
  CCLD     setvtrgb
  CC       getkeycodes.o
  CCLD     getkeycodes
  CC       setkeycodes.o
  CCLD     setkeycodes
  CC       setlogcons.o
  CCLD     setlogcons
  CC       setvesablank.o
  CCLD     setvesablank
  CC       getunimap-getunimap.o
  CCLD     getunimap
  CC       clrunimap.o
  CCLD     clrunimap
  CC       outpsfheader.o
  CCLD     outpsfheader
  CC       setpalette.o
  CCLD     setpalette
  CC       screendump.o
  CCLD     screendump
  CC       spawn_console.o
  CCLD     spawn_console
  CC       spawn_login.o
  CCLD     spawn_login
make[3]: Leaving directory '/home/sektor/projects/slackbuilds/a/kbd/src/kbd-2.6.3/src'
make[2]: Leaving directory '/home/sektor/projects/slackbuilds/a/kbd/src/kbd-2.6.3/src'
Making all in data
make[2]: Entering directory '/home/sektor/projects/slackbuilds/a/kbd/src/kbd-2.6.3/data'
make[2]: Nothing to be done for 'all'.
make[2]: Leaving directory '/home/sektor/projects/slackbuilds/a/kbd/src/kbd-2.6.3/data'
Making all in po
make[2]: Entering directory '/home/sektor/projects/slackbuilds/a/kbd/src/kbd-2.6.3/po'
make[2]: Nothing to be done for 'all'.
make[2]: Leaving directory '/home/sektor/projects/slackbuilds/a/kbd/src/kbd-2.6.3/po'
Making all in docs
make[2]: Entering directory '/home/sektor/projects/slackbuilds/a/kbd/src/kbd-2.6.3/docs'
Making all in man
make[3]: Entering directory '/home/sektor/projects/slackbuilds/a/kbd/src/kbd-2.6.3/docs/man'
Making all in man1
make[4]: Entering directory '/home/sektor/projects/slackbuilds/a/kbd/src/kbd-2.6.3/docs/man/man1'
make[4]: Nothing to be done for 'all'.
make[4]: Leaving directory '/home/sektor/projects/slackbuilds/a/kbd/src/kbd-2.6.3/docs/man/man1'
Making all in man5
make[4]: Entering directory '/home/sektor/projects/slackbuilds/a/kbd/src/kbd-2.6.3/docs/man/man5'
make[4]: Nothing to be done for 'all'.
make[4]: Leaving directory '/home/sektor/projects/slackbuilds/a/kbd/src/kbd-2.6.3/docs/man/man5'
Making all in man8
make[4]: Entering directory '/home/sektor/projects/slackbuilds/a/kbd/src/kbd-2.6.3/docs/man/man8'
make[4]: Nothing to be done for 'all'.
make[4]: Leaving directory '/home/sektor/projects/slackbuilds/a/kbd/src/kbd-2.6.3/docs/man/man8'
Making all in man1misc
make[4]: Entering directory '/home/sektor/projects/slackbuilds/a/kbd/src/kbd-2.6.3/docs/man/man1misc'
make[4]: Nothing to be done for 'all'.
make[4]: Leaving directory '/home/sektor/projects/slackbuilds/a/kbd/src/kbd-2.6.3/docs/man/man1misc'
Making all in man8misc
make[4]: Entering directory '/home/sektor/projects/slackbuilds/a/kbd/src/kbd-2.6.3/docs/man/man8misc'
make[4]: Nothing to be done for 'all'.
make[4]: Leaving directory '/home/sektor/projects/slackbuilds/a/kbd/src/kbd-2.6.3/docs/man/man8misc'
make[4]: Entering directory '/home/sektor/projects/slackbuilds/a/kbd/src/kbd-2.6.3/docs/man'
make[4]: Nothing to be done for 'all-am'.
make[4]: Leaving directory '/home/sektor/projects/slackbuilds/a/kbd/src/kbd-2.6.3/docs/man'
make[3]: Leaving directory '/home/sektor/projects/slackbuilds/a/kbd/src/kbd-2.6.3/docs/man'
Making all in reference
make[3]: Entering directory '/home/sektor/projects/slackbuilds/a/kbd/src/kbd-2.6.3/docs/reference'
Making all in libkeymap
make[4]: Entering directory '/home/sektor/projects/slackbuilds/a/kbd/src/kbd-2.6.3/docs/reference/libkeymap'
/usr/bin/sed \
	-e 's,[@]VERSION[@],2.6.3,g' \
	-e 's,[@]MODULE[@],libkeymap,g' \
	-e 's,[@]TOPDIR[@],/home/sektor/projects/slackbuilds/a/kbd/src/kbd-2.6.3,g' \
	-e 's,[@]SOURCEDIR[@],/home/sektor/projects/slackbuilds/a/kbd/src/kbd-2.6.3/src/libkeymap,g' \
	-e 's,[@]BUILDDIR[@],/home/sektor/projects/slackbuilds/a/kbd/src/kbd-2.6.3/docs/reference/libkeymap,g' \
	</home/sektor/projects/slackbuilds/a/kbd/src/kbd-2.6.3/docs/reference/libkeymap/Doxyfile.in >/home/sektor/projects/slackbuilds/a/kbd/src/kbd-2.6.3/docs/reference/libkeymap/Doxyfile
doxygen /home/sektor/projects/slackbuilds/a/kbd/src/kbd-2.6.3/docs/reference/libkeymap/Doxyfile
warning: Tag 'OUTPUT_TEXT_DIRECTION' at line 102 of file '/home/sektor/projects/slackbuilds/a/kbd/src/kbd-2.6.3/docs/reference/libkeymap/Doxyfile' has become obsolete.
         To avoid this warning please remove this line from your configuration file or upgrade it using "doxygen -u"
warning: Tag 'TCL_SUBST' at line 250 of file '/home/sektor/projects/slackbuilds/a/kbd/src/kbd-2.6.3/docs/reference/libkeymap/Doxyfile' has become obsolete.
         To avoid this warning please remove this line from your configuration file or upgrade it using "doxygen -u"
warning: Tag 'COLS_IN_ALPHA_INDEX' at line 1060 of file '/home/sektor/projects/slackbuilds/a/kbd/src/kbd-2.6.3/docs/reference/libkeymap/Doxyfile' has become obsolete.
         To avoid this warning please remove this line from your configuration file or upgrade it using "doxygen -u"
warning: Tag 'LATEX_SOURCE_CODE' at line 1789 of file '/home/sektor/projects/slackbuilds/a/kbd/src/kbd-2.6.3/docs/reference/libkeymap/Doxyfile' has become obsolete.
         To avoid this warning please remove this line from your configuration file or upgrade it using "doxygen -u"
warning: Tag 'RTF_SOURCE_CODE' at line 1879 of file '/home/sektor/projects/slackbuilds/a/kbd/src/kbd-2.6.3/docs/reference/libkeymap/Doxyfile' has become obsolete.
         To avoid this warning please remove this line from your configuration file or upgrade it using "doxygen -u"
warning: Tag 'DOCBOOK_PROGRAMLISTING' at line 1984 of file '/home/sektor/projects/slackbuilds/a/kbd/src/kbd-2.6.3/docs/reference/libkeymap/Doxyfile' has become obsolete.
         To avoid this warning please remove this line from your configuration file or upgrade it using "doxygen -u"
warning: Tag 'PERL_PATH' at line 2165 of file '/home/sektor/projects/slackbuilds/a/kbd/src/kbd-2.6.3/docs/reference/libkeymap/Doxyfile' has become obsolete.
         To avoid this warning please remove this line from your configuration file or upgrade it using "doxygen -u"
warning: Tag 'CLASS_DIAGRAMS' at line 2178 of file '/home/sektor/projects/slackbuilds/a/kbd/src/kbd-2.6.3/docs/reference/libkeymap/Doxyfile' has become obsolete.
         To avoid this warning please remove this line from your configuration file or upgrade it using "doxygen -u"
warning: Tag 'MSCGEN_PATH' at line 2187 of file '/home/sektor/projects/slackbuilds/a/kbd/src/kbd-2.6.3/docs/reference/libkeymap/Doxyfile' has become obsolete.
         To avoid this warning please remove this line from your configuration file or upgrade it using "doxygen -u"
Doxygen version used: 1.9.3
Searching for include files...
Searching for example files...
Searching for images...
Searching for dot files...
Searching for msc files...
Searching for dia files...
Searching for files to exclude
Searching INPUT for files to process...
Searching for files in directory /home/sektor/projects/slackbuilds/a/kbd/src/kbd-2.6.3/src/libkeymap/keymap
Reading and parsing tag files
Parsing files
Preprocessing /home/sektor/projects/slackbuilds/a/kbd/src/kbd-2.6.3/src/libkeymap/keymap/array.h...
Parsing file /home/sektor/projects/slackbuilds/a/kbd/src/kbd-2.6.3/src/libkeymap/keymap/array.h...
Preprocessing /home/sektor/projects/slackbuilds/a/kbd/src/kbd-2.6.3/src/libkeymap/keymap/charset.h...
Parsing file /home/sektor/projects/slackbuilds/a/kbd/src/kbd-2.6.3/src/libkeymap/keymap/charset.h...
Preprocessing /home/sektor/projects/slackbuilds/a/kbd/src/kbd-2.6.3/src/libkeymap/keymap/common.h...
Parsing file /home/sektor/projects/slackbuilds/a/kbd/src/kbd-2.6.3/src/libkeymap/keymap/common.h...
Preprocessing /home/sektor/projects/slackbuilds/a/kbd/src/kbd-2.6.3/src/libkeymap/keymap/context.h...
Parsing file /home/sektor/projects/slackbuilds/a/kbd/src/kbd-2.6.3/src/libkeymap/keymap/context.h...
Preprocessing /home/sektor/projects/slackbuilds/a/kbd/src/kbd-2.6.3/src/libkeymap/keymap/dump.h...
Parsing file /home/sektor/projects/slackbuilds/a/kbd/src/kbd-2.6.3/src/libkeymap/keymap/dump.h...
Preprocessing /home/sektor/projects/slackbuilds/a/kbd/src/kbd-2.6.3/src/libkeymap/keymap/kernel.h...
Parsing file /home/sektor/projects/slackbuilds/a/kbd/src/kbd-2.6.3/src/libkeymap/keymap/kernel.h...
Preprocessing /home/sektor/projects/slackbuilds/a/kbd/src/kbd-2.6.3/src/libkeymap/keymap/kmap.h...
Parsing file /home/sektor/projects/slackbuilds/a/kbd/src/kbd-2.6.3/src/libkeymap/keymap/kmap.h...
Preprocessing /home/sektor/projects/slackbuilds/a/kbd/src/kbd-2.6.3/src/libkeymap/keymap/logging.h...
Parsing file /home/sektor/projects/slackbuilds/a/kbd/src/kbd-2.6.3/src/libkeymap/keymap/logging.h...
Reading /home/sektor/projects/slackbuilds/a/kbd/src/kbd-2.6.3/docs/reference/libkeymap/Doxyheader...
Building macro definition list...
Building group list...
Building directory list...
Building namespace list...
Building file list...
Building class list...
Building concept list...
Computing nesting relations for classes...
Associating documentation with classes...
Associating documentation with concepts...
Building example list...
Searching for enumerations...
Searching for documented typedefs...
Searching for members imported via using declarations...
Searching for included using directives...
Searching for documented variables...
Building interface member list...
Building member list...
Searching for friends...
Searching for documented defines...
Computing class inheritance relations...
Computing class usage relations...
Flushing cached template relations that have become invalid...
Computing class relations...
Add enum values to enums...
Searching for member function documentation...
Creating members for template instances...
Building page list...
Search for main page...
Computing page relations...
Determining the scope of groups...
Sorting lists...
Determining which enums are documented
Computing member relations...
Building full member lists recursively...
Adding members to member groups.
Computing member references...
Inheriting documentation...
Generating disk names...
Adding source references...
Adding xrefitems...
Sorting member lists...
Setting anonymous enum type...
Computing dependencies between directories...
Generating citations page...
Counting members...
Counting data structures...
Resolving user defined references...
Finding anchors and sections in the documentation...
Transferring function references...
Combining using relations...
Adding members to index pages...
Correcting members for VHDL...
Computing tooltip texts...
Generating style sheet...
Generating search indices...
Generating example documentation...
Generating file sources...
Generating code for file src/libkeymap/keymap/array.h...
Generating code for file src/home/sektor/projects/slackbuilds/a/kbd/src/kbd-2.6.3/src/libkeymap/keymap/common.h:49: warning: The following parameter of lk_set_log_priority(struct lk_ctx *ctx, int priority) is not documented:
  parameter 'priority'
/home/sektor/projects/slackbuilds/a/kbd/src/kbd-2.6.3/src/libkeymap/keymap/logging.h:21: warning: unable to resolve reference to 'lk_ctx::log_fn' for \ref command
/home/sektor/projects/slackbuilds/a/kbd/src/kbd-2.6.3/src/libkeymap/keymap/logging.h:22: warning: unable to resolve reference to 'lk_ctx::log_data' for \ref command
/home/sektor/projects/slackbuilds/a/kbd/src/kbd-2.6.3/src/libkeymap/keymap/logging.h:21: warning: The following parameters of lk_log(struct lk_ctx *ctx, int priority, const char *file, int line, const char *fn, const char *fmt,...) are not documented:
  parameter 'file'
  parameter 'line'
  parameter 'fn'
  parameter 'fmt'
/libkeymap/keymap/charset.h...
Generating code for file src/libkeymap/keymap/common.h...
Generating code for file src/libkeymap/keymap/context.h...
Generating code for file src/libkeymap/keymap/dump.h...
Generating code for file src/libkeymap/keymap/kernel.h...
Generating code for file src/libkeymap/keymap/kmap.h...
Generating code for file src/libkeymap/keymap/logging.h...
Generating file documentation...
Generating docs for file docs/reference/libkeymap/Doxyheader...
Generating docs for file src/libkeymap/keymap/array.h...
Generating docs for file src/libkeymap/keymap/charset.h...
Generating docs for file src/libkeymap/keymap/common.h...
Generating docs for file src/libkeymap/keymap/context.h...
Generating docs for file src/libkeymap/keymap/dump.h...
Generating docs for file src/libkeymap/keymap/kernel.h...
Generating docs for file src/libkeymap/keymap/kmap.h...
Generating docs for file src/libkeymap/keymap/logging.h...
Generating page documentation...
Generating group documentation...
Generating class documentation...
Generating docs for compound kmapinfo...
Generating docs for compound lk_array...
Generating docs for compound lk_kbdiacr...
Generating concept documentation...
Generating namespace index...
Generating graph info page...
Generating directory documentation...
Generating index page...
Generating page index...
Generating module index...
Generating namespace index...
Generating namespace member index...
Generating concept index...
Generating annotated compound index...
Generating alphabetical compound index...
Generating hierarchical class index...
Generating member index...
Generating file index...
Generating file member index...
Generating example index...
finalizing index lists...
writing tag file...
Running plantuml with JAVA...
lookup cache used 102/65536 hits=166 misses=102
finished...
make[4]: Leaving directory '/home/sektor/projects/slackbuilds/a/kbd/src/kbd-2.6.3/docs/reference/libkeymap'
make[4]: Entering directory '/home/sektor/projects/slackbuilds/a/kbd/src/kbd-2.6.3/docs/reference'
make[4]: Nothing to be done for 'all-am'.
make[4]: Leaving directory '/home/sektor/projects/slackbuilds/a/kbd/src/kbd-2.6.3/docs/reference'
make[3]: Leaving directory '/home/sektor/projects/slackbuilds/a/kbd/src/kbd-2.6.3/docs/reference'
make[3]: Entering directory '/home/sektor/projects/slackbuilds/a/kbd/src/kbd-2.6.3/docs'
make[3]: Nothing to be done for 'all-am'.
make[3]: Leaving directory '/home/sektor/projects/slackbuilds/a/kbd/src/kbd-2.6.3/docs'
make[2]: Leaving directory '/home/sektor/projects/slackbuilds/a/kbd/src/kbd-2.6.3/docs'
make[2]: Entering directory '/home/sektor/projects/slackbuilds/a/kbd/src/kbd-2.6.3'
make[2]: Leaving directory '/home/sektor/projects/slackbuilds/a/kbd/src/kbd-2.6.3'
make[1]: Leaving directory '/home/sektor/projects/slackbuilds/a/kbd/src/kbd-2.6.3'
Making install in src
make[1]: Entering directory '/home/sektor/projects/slackbuilds/a/kbd/src/kbd-2.6.3/src'
Making install in libcommon
make[2]: Entering directory '/home/sektor/projects/slackbuilds/a/kbd/src/kbd-2.6.3/src/libcommon'
make[3]: Entering directory '/home/sektor/projects/slackbuilds/a/kbd/src/kbd-2.6.3/src/libcommon'
make[3]: Nothing to be done for 'install-exec-am'.
make[3]: Nothing to be done for 'install-data-am'.
make[3]: Leaving directory '/home/sektor/projects/slackbuilds/a/kbd/src/kbd-2.6.3/src/libcommon'
make[2]: Leaving directory '/home/sektor/projects/slackbuilds/a/kbd/src/kbd-2.6.3/src/libcommon'
Making install in libkbdfile
make[2]: Entering directory '/home/sektor/projects/slackbuilds/a/kbd/src/kbd-2.6.3/src/libkbdfile'
make[3]: Entering directory '/home/sektor/projects/slackbuilds/a/kbd/src/kbd-2.6.3/src/libkbdfile'
 /usr/bin/mkdir -p '/home/sektor/projects/slackbuilds/a/kbd/pkg/usr/lib64'
 /bin/sh ../../libtool   --mode=install /usr/bin/ginstall -c   libkbdfile.la '/home/sektor/projects/slackbuilds/a/kbd/pkg/usr/lib64'
libtool: install: /usr/bin/ginstall -c .libs/libkbdfile.so.1.0.0 /home/sektor/projects/slackbuilds/a/kbd/pkg/usr/lib64/libkbdfile.so.1.0.0
libtool: install: (cd /home/sektor/projects/slackbuilds/a/kbd/pkg/usr/lib64 && { ln -s -f libkbdfile.so.1.0.0 libkbdfile.so.1 || { rm -f libkbdfile.so.1 && ln -s libkbdfile.so.1.0.0 libkbdfile.so.1; }; })
libtool: install: (cd /home/sektor/projects/slackbuilds/a/kbd/pkg/usr/lib64 && { ln -s -f libkbdfile.so.1.0.0 libkbdfile.so || { rm -f libkbdfile.so && ln -s libkbdfile.so.1.0.0 libkbdfile.so; }; })
libtool: install: /usr/bin/ginstall -c .libs/libkbdfile.lai /home/sektor/projects/slackbuilds/a/kbd/pkg/usr/lib64/libkbdfile.la
libtool: warning: remember to run 'libtool --finish /usr/lib64'
 /usr/bin/mkdir -p '/home/sektor/projects/slackbuilds/a/kbd/pkg/usr/include'
 /usr/bin/ginstall -c -m 644  kbdfile.h '/home/sektor/projects/slackbuilds/a/kbd/pkg/usr/include/.'
make[3]: Leaving directory '/home/sektor/projects/slackbuilds/a/kbd/src/kbd-2.6.3/src/libkbdfile'
make[2]: Leaving directory '/home/sektor/projects/slackbuilds/a/kbd/src/kbd-2.6.3/src/libkbdfile'
Making install in libkfont
make[2]: Entering directory '/home/sektor/projects/slackbuilds/a/kbd/src/kbd-2.6.3/src/libkfont'
make[3]: Entering directory '/home/sektor/projects/slackbuilds/a/kbd/src/kbd-2.6.3/src/libkfont'
make[3]: Leaving directory '/home/sektor/projects/slackbuilds/a/kbd/src/kbd-2.6.3/src/libkfont'
make[2]: Leaving directory '/home/sektor/projects/slackbuilds/a/kbd/src/kbd-2.6.3/src/libkfont'
Making install in libkeymap
make[2]: Entering directory '/home/sektor/projects/slackbuilds/a/kbd/src/kbd-2.6.3/src/libkeymap'
make  install-am
make[3]: Entering directory '/home/sektor/projects/slackbuilds/a/kbd/src/kbd-2.6.3/src/libkeymap'
/usr/bin/sed \
    -e 's,[@]VERSION[@],2.6.3,g' \
    -e 's,[@]prefix[@],/usr,g' \
    -e 's,[@]exec_prefix[@],/usr,g' \
    -e 's,[@]libdir[@],/usr/lib64,g' \
    -e 's,[@]includedir[@],/usr/include,g' \
    <libkeymap.pc.in >./libkeymap.pc
touch -r libkeymap.pc.in ./libkeymap.pc
chmod 644 ./libkeymap.pc
make[4]: Entering directory '/home/sektor/projects/slackbuilds/a/kbd/src/kbd-2.6.3/src/libkeymap'
 /usr/bin/mkdir -p '/home/sektor/projects/slackbuilds/a/kbd/pkg/usr/lib64'
 /bin/sh ../../libtool   --mode=install /usr/bin/ginstall -c   libkeymap.la '/home/sektor/projects/slackbuilds/a/kbd/pkg/usr/lib64'
libtool: warning: relinking 'libkeymap.la'
libtool: install: (cd /home/sektor/projects/slackbuilds/a/kbd/src/kbd-2.6.3/src/libkeymap; /bin/sh "/home/sektor/projects/slackbuilds/a/kbd/src/kbd-2.6.3/libtool"  --silent --tag CC --mode=relink gcc -O2 -D_FORTIFY_SOURCE=2 -O2 -fPIC -Waggregate-return -Wall -Wcast-align -Wconversion -Wdisabled-optimization -Wextra -Wmissing-declarations -Wmissing-format-attribute -Wmissing-noreturn -Wmissing-prototypes -Wpointer-arith -Wredundant-decls -Wshadow -Wstrict-prototypes -Wwrite-strings -export-symbols-regex "^lk_.*" -version-info 1:0:0 -o libkeymap.la -rpath /usr/lib64 array.lo common.lo kernel.lo dump.lo kmap.lo diacr.lo func.lo summary.lo loadkeys.lo parser.lo analyze.lo modifiers.lo ksyms.lo ./../libkbdfile/libkbdfile.la -lrt -inst-prefix-dir /home/sektor/projects/slackbuilds/a/kbd/pkg)
libtool: install: /usr/bin/ginstall -c .libs/libkeymap.so.1.0.0T /home/sektor/projects/slackbuilds/a/kbd/pkg/usr/lib64/libkeymap.so.1.0.0
libtool: install: (cd /home/sektor/projects/slackbuilds/a/kbd/pkg/usr/lib64 && { ln -s -f libkeymap.so.1.0.0 libkeymap.so.1 || { rm -f libkeymap.so.1 && ln -s libkeymap.so.1.0.0 libkeymap.so.1; }; })
libtool: install: (cd /home/sektor/projects/slackbuilds/a/kbd/pkg/usr/lib64 && { ln -s -f libkeymap.so.1.0.0 libkeymap.so || { rm -f libkeymap.so && ln -s libkeymap.so.1.0.0 libkeymap.so; }; })
libtool: install: /usr/bin/ginstall -c .libs/libkeymap.lai /home/sektor/projects/slackbuilds/a/kbd/pkg/usr/lib64/libkeymap.la
libtool: warning: remember to run 'libtool --finish /usr/lib64'
 /usr/bin/mkdir -p '/home/sektor/projects/slackbuilds/a/kbd/pkg/usr/include'
 /usr/bin/ginstall -c -m 644  keymap.h '/home/sektor/projects/slackbuilds/a/kbd/pkg/usr/include/.'
 /usr/bin/mkdir -p '/home/sektor/projects/slackbuilds/a/kbd/pkg/usr/include/keymap'
 /usr/bin/ginstall -c -m 644  keymap/array.h keymap/context.h keymap/charset.h keymap/common.h keymap/dump.h keymap/kernel.h keymap/kmap.h keymap/logging.h '/home/sektor/projects/slackbuilds/a/kbd/pkg/usr/include/keymap'
/usr/bin/sed \
    -e 's,[@]VERSION[@],2.6.3,g' \
    -e 's,[@]prefix[@],/usr,g' \
    -e 's,[@]exec_prefix[@],/usr,g' \
    -e 's,[@]libdir[@],/usr/lib64,g' \
    -e 's,[@]includedir[@],/usr/include,g' \
    <libkeymap.pc.in >./libkeymap.pc
touch -r libkeymap.pc.in ./libkeymap.pc
chmod 644 ./libkeymap.pc
 /usr/bin/mkdir -p '/home/sektor/projects/slackbuilds/a/kbd/pkg/usr/lib64/pkgconfig'
 /usr/bin/ginstall -c -m 644 libkeymap.pc '/home/sektor/projects/slackbuilds/a/kbd/pkg/usr/lib64/pkgconfig'
make[4]: Leaving directory '/home/sektor/projects/slackbuilds/a/kbd/src/kbd-2.6.3/src/libkeymap'
make[3]: Leaving directory '/home/sektor/projects/slackbuilds/a/kbd/src/kbd-2.6.3/src/libkeymap'
make[2]: Leaving directory '/home/sektor/projects/slackbuilds/a/kbd/src/kbd-2.6.3/src/libkeymap'
Making install in vlock
make[2]: Entering directory '/home/sektor/projects/slackbuilds/a/kbd/src/kbd-2.6.3/src/vlock'
make[3]: Entering directory '/home/sektor/projects/slackbuilds/a/kbd/src/kbd-2.6.3/src/vlock'
 /usr/bin/mkdir -p '/home/sektor/projects/slackbuilds/a/kbd/pkg/usr/bin'
  /bin/sh ../../libtool   --mode=install /usr/bin/ginstall -c vlock '/home/sektor/projects/slackbuilds/a/kbd/pkg/usr/bin'
libtool: install: /usr/bin/ginstall -c vlock /home/sektor/projects/slackbuilds/a/kbd/pkg/usr/bin/vlock
install -Dm644 ./vlock.pamd /home/sektor/projects/slackbuilds/a/kbd/pkg/etc/pam.d/vlock
make[3]: Leaving directory '/home/sektor/projects/slackbuilds/a/kbd/src/kbd-2.6.3/src/vlock'
make[2]: Leaving directory '/home/sektor/projects/slackbuilds/a/kbd/src/kbd-2.6.3/src/vlock'
make[2]: Entering directory '/home/sektor/projects/slackbuilds/a/kbd/src/kbd-2.6.3/src'
make[3]: Entering directory '/home/sektor/projects/slackbuilds/a/kbd/src/kbd-2.6.3/src'
 /usr/bin/mkdir -p '/home/sektor/projects/slackbuilds/a/kbd/pkg/usr/bin'
  /bin/sh ../libtool   --mode=install /usr/bin/ginstall -c mapscrn loadunimap dumpkeys loadkeys showkey setfont showconsolefont setleds setmetamode kbd_mode psfxtable fgconsole kbdrate chvt deallocvt openvt kbdinfo setvtrgb getkeycodes setkeycodes setlogcons setvesablank getunimap clrunimap outpsfheader setpalette screendump spawn_console spawn_login '/home/sektor/projects/slackbuilds/a/kbd/pkg/usr/bin'
libtool: warning: '/home/sektor/projects/slackbuilds/a/kbd/src/kbd-2.6.3/src/libkbdfile/libkbdfile.la' has not been installed in '/usr/lib64'
libtool: warning: 'libkeymap/libkeymap.la' has not been installed in '/usr/lib64'
libtool: warning: 'libkbdfile/libkbdfile.la' has not been installed in '/usr/lib64'
libtool: install: /usr/bin/ginstall -c .libs/mapscrn /home/sektor/projects/slackbuilds/a/kbd/pkg/usr/bin/mapscrn
libtool: warning: '/home/sektor/projects/slackbuilds/a/kbd/src/kbd-2.6.3/src/libkbdfile/libkbdfile.la' has not been installed in '/usr/lib64'
libtool: warning: 'libkeymap/libkeymap.la' has not been installed in '/usr/lib64'
libtool: warning: 'libkbdfile/libkbdfile.la' has not been installed in '/usr/lib64'
libtool: install: /usr/bin/ginstall -c .libs/loadunimap /home/sektor/projects/slackbuilds/a/kbd/pkg/usr/bin/loadunimap
libtool: warning: '/home/sektor/projects/slackbuilds/a/kbd/src/kbd-2.6.3/src/libkbdfile/libkbdfile.la' has not been installed in '/usr/lib64'
libtool: warning: 'libkeymap/libkeymap.la' has not been installed in '/usr/lib64'
libtool: warning: 'libkbdfile/libkbdfile.la' has not been installed in '/usr/lib64'
libtool: install: /usr/bin/ginstall -c .libs/dumpkeys /home/sektor/projects/slackbuilds/a/kbd/pkg/usr/bin/dumpkeys
libtool: warning: '/home/sektor/projects/slackbuilds/a/kbd/src/kbd-2.6.3/src/libkbdfile/libkbdfile.la' has not been installed in '/usr/lib64'
libtool: warning: 'libkeymap/libkeymap.la' has not been installed in '/usr/lib64'
libtool: warning: 'libkbdfile/libkbdfile.la' has not been installed in '/usr/lib64'
libtool: install: /usr/bin/ginstall -c .libs/loadkeys /home/sektor/projects/slackbuilds/a/kbd/pkg/usr/bin/loadkeys
libtool: warning: '/home/sektor/projects/slackbuilds/a/kbd/src/kbd-2.6.3/src/libkbdfile/libkbdfile.la' has not been installed in '/usr/lib64'
libtool: warning: 'libkeymap/libkeymap.la' has not been installed in '/usr/lib64'
libtool: warning: 'libkbdfile/libkbdfile.la' has not been installed in '/usr/lib64'
libtool: install: /usr/bin/ginstall -c .libs/showkey /home/sektor/projects/slackbuilds/a/kbd/pkg/usr/bin/showkey
libtool: warning: '/home/sektor/projects/slackbuilds/a/kbd/src/kbd-2.6.3/src/libkbdfile/libkbdfile.la' has not been installed in '/usr/lib64'
libtool: warning: 'libkeymap/libkeymap.la' has not been installed in '/usr/lib64'
libtool: warning: 'libkbdfile/libkbdfile.la' has not been installed in '/usr/lib64'
libtool: install: /usr/bin/ginstall -c .libs/setfont /home/sektor/projects/slackbuilds/a/kbd/pkg/usr/bin/setfont
libtool: warning: '/home/sektor/projects/slackbuilds/a/kbd/src/kbd-2.6.3/src/libkbdfile/libkbdfile.la' has not been installed in '/usr/lib64'
libtool: warning: 'libkeymap/libkeymap.la' has not been installed in '/usr/lib64'
libtool: warning: 'libkbdfile/libkbdfile.la' has not been installed in '/usr/lib64'
libtool: install: /usr/bin/ginstall -c .libs/showconsolefont /home/sektor/projects/slackbuilds/a/kbd/pkg/usr/bin/showconsolefont
libtool: warning: '/home/sektor/projects/slackbuilds/a/kbd/src/kbd-2.6.3/src/libkbdfile/libkbdfile.la' has not been installed in '/usr/lib64'
libtool: warning: 'libkeymap/libkeymap.la' has not been installed in '/usr/lib64'
libtool: warning: 'libkbdfile/libkbdfile.la' has not been installed in '/usr/lib64'
libtool: install: /usr/bin/ginstall -c .libs/setleds /home/sektor/projects/slackbuilds/a/kbd/pkg/usr/bin/setleds
libtool: warning: '/home/sektor/projects/slackbuilds/a/kbd/src/kbd-2.6.3/src/libkbdfile/libkbdfile.la' has not been installed in '/usr/lib64'
libtool: warning: 'libkeymap/libkeymap.la' has not been installed in '/usr/lib64'
libtool: warning: 'libkbdfile/libkbdfile.la' has not been installed in '/usr/lib64'
libtool: install: /usr/bin/ginstall -c .libs/setmetamode /home/sektor/projects/slackbuilds/a/kbd/pkg/usr/bin/setmetamode
libtool: warning: '/home/sektor/projects/slackbuilds/a/kbd/src/kbd-2.6.3/src/libkbdfile/libkbdfile.la' has not been installed in '/usr/lib64'
libtool: warning: 'libkeymap/libkeymap.la' has not been installed in '/usr/lib64'
libtool: warning: 'libkbdfile/libkbdfile.la' has not been installed in '/usr/lib64'
libtool: install: /usr/bin/ginstall -c .libs/kbd_mode /home/sektor/projects/slackbuilds/a/kbd/pkg/usr/bin/kbd_mode
libtool: warning: '/home/sektor/projects/slackbuilds/a/kbd/src/kbd-2.6.3/src/libkbdfile/libkbdfile.la' has not been installed in '/usr/lib64'
libtool: warning: 'libkeymap/libkeymap.la' has not been installed in '/usr/lib64'
libtool: warning: 'libkbdfile/libkbdfile.la' has not been installed in '/usr/lib64'
libtool: install: /usr/bin/ginstall -c .libs/psfxtable /home/sektor/projects/slackbuilds/a/kbd/pkg/usr/bin/psfxtable
libtool: warning: '/home/sektor/projects/slackbuilds/a/kbd/src/kbd-2.6.3/src/libkbdfile/libkbdfile.la' has not been installed in '/usr/lib64'
libtool: warning: 'libkeymap/libkeymap.la' has not been installed in '/usr/lib64'
libtool: warning: 'libkbdfile/libkbdfile.la' has not been installed in '/usr/lib64'
libtool: install: /usr/bin/ginstall -c .libs/fgconsole /home/sektor/projects/slackbuilds/a/kbd/pkg/usr/bin/fgconsole
libtool: warning: '/home/sektor/projects/slackbuilds/a/kbd/src/kbd-2.6.3/src/libkbdfile/libkbdfile.la' has not been installed in '/usr/lib64'
libtool: warning: 'libkeymap/libkeymap.la' has not been installed in '/usr/lib64'
libtool: warning: 'libkbdfile/libkbdfile.la' has not been installed in '/usr/lib64'
libtool: install: /usr/bin/ginstall -c .libs/kbdrate /home/sektor/projects/slackbuilds/a/kbd/pkg/usr/bin/kbdrate
libtool: warning: '/home/sektor/projects/slackbuilds/a/kbd/src/kbd-2.6.3/src/libkbdfile/libkbdfile.la' has not been installed in '/usr/lib64'
libtool: warning: 'libkeymap/libkeymap.la' has not been installed in '/usr/lib64'
libtool: warning: 'libkbdfile/libkbdfile.la' has not been installed in '/usr/lib64'
libtool: install: /usr/bin/ginstall -c .libs/chvt /home/sektor/projects/slackbuilds/a/kbd/pkg/usr/bin/chvt
libtool: warning: '/home/sektor/projects/slackbuilds/a/kbd/src/kbd-2.6.3/src/libkbdfile/libkbdfile.la' has not been installed in '/usr/lib64'
libtool: warning: 'libkeymap/libkeymap.la' has not been installed in '/usr/lib64'
libtool: warning: 'libkbdfile/libkbdfile.la' has not been installed in '/usr/lib64'
libtool: install: /usr/bin/ginstall -c .libs/deallocvt /home/sektor/projects/slackbuilds/a/kbd/pkg/usr/bin/deallocvt
libtool: warning: '/home/sektor/projects/slackbuilds/a/kbd/src/kbd-2.6.3/src/libkbdfile/libkbdfile.la' has not been installed in '/usr/lib64'
libtool: warning: 'libkeymap/libkeymap.la' has not been installed in '/usr/lib64'
libtool: warning: 'libkbdfile/libkbdfile.la' has not been installed in '/usr/lib64'
libtool: install: /usr/bin/ginstall -c .libs/openvt /home/sektor/projects/slackbuilds/a/kbd/pkg/usr/bin/openvt
libtool: warning: '/home/sektor/projects/slackbuilds/a/kbd/src/kbd-2.6.3/src/libkbdfile/libkbdfile.la' has not been installed in '/usr/lib64'
libtool: warning: 'libkeymap/libkeymap.la' has not been installed in '/usr/lib64'
libtool: warning: 'libkbdfile/libkbdfile.la' has not been installed in '/usr/lib64'
libtool: install: /usr/bin/ginstall -c .libs/kbdinfo /home/sektor/projects/slackbuilds/a/kbd/pkg/usr/bin/kbdinfo
libtool: warning: '/home/sektor/projects/slackbuilds/a/kbd/src/kbd-2.6.3/src/libkbdfile/libkbdfile.la' has not been installed in '/usr/lib64'
libtool: warning: 'libkeymap/libkeymap.la' has not been installed in '/usr/lib64'
libtool: warning: 'libkbdfile/libkbdfile.la' has not been installed in '/usr/lib64'
libtool: install: /usr/bin/ginstall -c .libs/setvtrgb /home/sektor/projects/slackbuilds/a/kbd/pkg/usr/bin/setvtrgb
libtool: warning: '/home/sektor/projects/slackbuilds/a/kbd/src/kbd-2.6.3/src/libkbdfile/libkbdfile.la' has not been installed in '/usr/lib64'
libtool: warning: 'libkeymap/libkeymap.la' has not been installed in '/usr/lib64'
libtool: warning: 'libkbdfile/libkbdfile.la' has not been installed in '/usr/lib64'
libtool: install: /usr/bin/ginstall -c .libs/getkeycodes /home/sektor/projects/slackbuilds/a/kbd/pkg/usr/bin/getkeycodes
libtool: warning: '/home/sektor/projects/slackbuilds/a/kbd/src/kbd-2.6.3/src/libkbdfile/libkbdfile.la' has not been installed in '/usr/lib64'
libtool: warning: 'libkeymap/libkeymap.la' has not been installed in '/usr/lib64'
libtool: warning: 'libkbdfile/libkbdfile.la' has not been installed in '/usr/lib64'
libtool: install: /usr/bin/ginstall -c .libs/setkeycodes /home/sektor/projects/slackbuilds/a/kbd/pkg/usr/bin/setkeycodes
libtool: warning: '/home/sektor/projects/slackbuilds/a/kbd/src/kbd-2.6.3/src/libkbdfile/libkbdfile.la' has not been installed in '/usr/lib64'
libtool: warning: 'libkeymap/libkeymap.la' has not been installed in '/usr/lib64'
libtool: warning: 'libkbdfile/libkbdfile.la' has not been installed in '/usr/lib64'
libtool: install: /usr/bin/ginstall -c .libs/setlogcons /home/sektor/projects/slackbuilds/a/kbd/pkg/usr/bin/setlogcons
libtool: warning: '/home/sektor/projects/slackbuilds/a/kbd/src/kbd-2.6.3/src/libkbdfile/libkbdfile.la' has not been installed in '/usr/lib64'
libtool: warning: 'libkeymap/libkeymap.la' has not been installed in '/usr/lib64'
libtool: warning: 'libkbdfile/libkbdfile.la' has not been installed in '/usr/lib64'
libtool: install: /usr/bin/ginstall -c .libs/setvesablank /home/sektor/projects/slackbuilds/a/kbd/pkg/usr/bin/setvesablank
libtool: warning: '/home/sektor/projects/slackbuilds/a/kbd/src/kbd-2.6.3/src/libkbdfile/libkbdfile.la' has not been installed in '/usr/lib64'
libtool: warning: 'libkeymap/libkeymap.la' has not been installed in '/usr/lib64'
libtool: warning: 'libkbdfile/libkbdfile.la' has not been installed in '/usr/lib64'
libtool: install: /usr/bin/ginstall -c .libs/getunimap /home/sektor/projects/slackbuilds/a/kbd/pkg/usr/bin/getunimap
libtool: warning: '/home/sektor/projects/slackbuilds/a/kbd/src/kbd-2.6.3/src/libkbdfile/libkbdfile.la' has not been installed in '/usr/lib64'
libtool: warning: 'libkeymap/libkeymap.la' has not been installed in '/usr/lib64'
libtool: warning: 'libkbdfile/libkbdfile.la' has not been installed in '/usr/lib64'
libtool: install: /usr/bin/ginstall -c .libs/clrunimap /home/sektor/projects/slackbuilds/a/kbd/pkg/usr/bin/clrunimap
libtool: warning: '/home/sektor/projects/slackbuilds/a/kbd/src/kbd-2.6.3/src/libkbdfile/libkbdfile.la' has not been installed in '/usr/lib64'
libtool: warning: 'libkeymap/libkeymap.la' has not been installed in '/usr/lib64'
libtool: warning: 'libkbdfile/libkbdfile.la' has not been installed in '/usr/lib64'
libtool: install: /usr/bin/ginstall -c .libs/outpsfheader /home/sektor/projects/slackbuilds/a/kbd/pkg/usr/bin/outpsfheader
libtool: warning: '/home/sektor/projects/slackbuilds/a/kbd/src/kbd-2.6.3/src/libkbdfile/libkbdfile.la' has not been installed in '/usr/lib64'
libtool: warning: 'libkeymap/libkeymap.la' has not been installed in '/usr/lib64'
libtool: warning: 'libkbdfile/libkbdfile.la' has not been installed in '/usr/lib64'
libtool: install: /usr/bin/ginstall -c .libs/setpalette /home/sektor/projects/slackbuilds/a/kbd/pkg/usr/bin/setpalette
libtool: warning: '/home/sektor/projects/slackbuilds/a/kbd/src/kbd-2.6.3/src/libkbdfile/libkbdfile.la' has not been installed in '/usr/lib64'
libtool: warning: 'libkeymap/libkeymap.la' has not been installed in '/usr/lib64'
libtool: warning: 'libkbdfile/libkbdfile.la' has not been installed in '/usr/lib64'
libtool: install: /usr/bin/ginstall -c .libs/screendump /home/sektor/projects/slackbuilds/a/kbd/pkg/usr/bin/screendump
libtool: warning: '/home/sektor/projects/slackbuilds/a/kbd/src/kbd-2.6.3/src/libkbdfile/libkbdfile.la' has not been installed in '/usr/lib64'
libtool: warning: 'libkeymap/libkeymap.la' has not been installed in '/usr/lib64'
libtool: warning: 'libkbdfile/libkbdfile.la' has not been installed in '/usr/lib64'
libtool: install: /usr/bin/ginstall -c .libs/spawn_console /home/sektor/projects/slackbuilds/a/kbd/pkg/usr/bin/spawn_console
libtool: warning: '/home/sektor/projects/slackbuilds/a/kbd/src/kbd-2.6.3/src/libkbdfile/libkbdfile.la' has not been installed in '/usr/lib64'
libtool: warning: 'libkeymap/libkeymap.la' has not been installed in '/usr/lib64'
libtool: warning: 'libkbdfile/libkbdfile.la' has not been installed in '/usr/lib64'
libtool: install: /usr/bin/ginstall -c .libs/spawn_login /home/sektor/projects/slackbuilds/a/kbd/pkg/usr/bin/spawn_login
 /usr/bin/mkdir -p '/home/sektor/projects/slackbuilds/a/kbd/pkg/usr/bin'
 /usr/bin/ginstall -c unicode_start unicode_stop '/home/sektor/projects/slackbuilds/a/kbd/pkg/usr/bin'
make  install-exec-hook
make[4]: Entering directory '/home/sektor/projects/slackbuilds/a/kbd/src/kbd-2.6.3/src'
for i in psfaddtable psfgettable psfstriptable; do \
	rm -f /home/sektor/projects/slackbuilds/a/kbd/pkg/usr/bin/$i; \
	ln -s psfxtable /home/sektor/projects/slackbuilds/a/kbd/pkg/usr/bin/$i || exit $?; \
done
make[4]: Leaving directory '/home/sektor/projects/slackbuilds/a/kbd/src/kbd-2.6.3/src'
make[3]: Nothing to be done for 'install-data-am'.
make[3]: Leaving directory '/home/sektor/projects/slackbuilds/a/kbd/src/kbd-2.6.3/src'
make[2]: Leaving directory '/home/sektor/projects/slackbuilds/a/kbd/src/kbd-2.6.3/src'
make[1]: Leaving directory '/home/sektor/projects/slackbuilds/a/kbd/src/kbd-2.6.3/src'
Making install in data
make[1]: Entering directory '/home/sektor/projects/slackbuilds/a/kbd/src/kbd-2.6.3/data'
make[2]: Entering directory '/home/sektor/projects/slackbuilds/a/kbd/src/kbd-2.6.3/data'
make[2]: Nothing to be done for 'install-exec-am'.
make  install-data-hook
make[3]: Entering directory '/home/sektor/projects/slackbuilds/a/kbd/src/kbd-2.6.3/data'
cp -r ./keymaps keymaps_Z
chmod -R u+w keymaps_Z
cd keymaps_Z; \
for f in */*.map */*/*.map; do \
  gzip -f -n -9 < "$f" > "$f.gz"; \
done; \
rm -f -- */*.map */*/*.map;
cp -r ./consolefonts consolefonts_Z
cp -r ./partialfonts partialfonts_Z
chmod -R u+w consolefonts_Z partialfonts_Z
cd consolefonts_Z && gzip -f -n -9 * && gunzip ERRORS* README*
cd partialfonts_Z && gzip -f -n -9 *
install -d -m 755 /home/sektor/projects/slackbuilds/a/kbd/pkg/usr/share/kbd
install -d -m 755 /home/sektor/projects/slackbuilds/a/kbd/pkg/usr/share/kbd/consolefonts
install -m 644 consolefonts_Z/* /home/sektor/projects/slackbuilds/a/kbd/pkg/usr/share/kbd/consolefonts
install -d -m 755 /home/sektor/projects/slackbuilds/a/kbd/pkg/usr/share/kbd/consolefonts/partialfonts
install -m 644 partialfonts_Z/* /home/sektor/projects/slackbuilds/a/kbd/pkg/usr/share/kbd/consolefonts/partialfonts
install -d -m 755 /home/sektor/projects/slackbuilds/a/kbd/pkg/usr/share/kbd/consoletrans
install -m 644 ./consoletrans/* /home/sektor/projects/slackbuilds/a/kbd/pkg/usr/share/kbd/consoletrans
install -d -m 755 /home/sektor/projects/slackbuilds/a/kbd/pkg/usr/share/kbd/unimaps
install -m 644 ./unimaps/* /home/sektor/projects/slackbuilds/a/kbd/pkg/usr/share/kbd/unimaps
install -d -m 755 /home/sektor/projects/slackbuilds/a/kbd/pkg/usr/share/kbd/keymaps
install -d -m 755 /home/sektor/projects/slackbuilds/a/kbd/pkg/usr/share/kbd/keymaps/i386
install -d -m 755 /home/sektor/projects/slackbuilds/a/kbd/pkg/usr/share/kbd/keymaps/mac
for i in include sun amiga atari i386/azerty i386/bepo i386/dvorak i386/fgGIod i386/qwerty i386/qwertz i386/include i386/olpc i386/colemak i386/carpalx i386/neo mac/include mac/all pine; do \
	install -d -m 755 /home/sektor/projects/slackbuilds/a/kbd/pkg/usr/share/kbd/keymaps/$i ;\
	install -m 644 keymaps_Z/$i/* /home/sektor/projects/slackbuilds/a/kbd/pkg/usr/share/kbd/keymaps/$i ;\
done
rm -f /home/sektor/projects/slackbuilds/a/kbd/pkg/usr/share/kbd/keymaps/ppc; ln -s mac /home/sektor/projects/slackbuilds/a/kbd/pkg/usr/share/kbd/keymaps/ppc
make[3]: Leaving directory '/home/sektor/projects/slackbuilds/a/kbd/src/kbd-2.6.3/data'
make[2]: Leaving directory '/home/sektor/projects/slackbuilds/a/kbd/src/kbd-2.6.3/data'
make[1]: Leaving directory '/home/sektor/projects/slackbuilds/a/kbd/src/kbd-2.6.3/data'
Making install in po
make[1]: Entering directory '/home/sektor/projects/slackbuilds/a/kbd/src/kbd-2.6.3/po'
installing cs.gmo as /home/sektor/projects/slackbuilds/a/kbd/pkg/usr/share/locale/cs/LC_MESSAGES/kbd.mo
installing da.gmo as /home/sektor/projects/slackbuilds/a/kbd/pkg/usr/share/locale/da/LC_MESSAGES/kbd.mo
installing de.gmo as /home/sektor/projects/slackbuilds/a/kbd/pkg/usr/share/locale/de/LC_MESSAGES/kbd.mo
installing el.gmo as /home/sektor/projects/slackbuilds/a/kbd/pkg/usr/share/locale/el/LC_MESSAGES/kbd.mo
installing eo.gmo as /home/sektor/projects/slackbuilds/a/kbd/pkg/usr/share/locale/eo/LC_MESSAGES/kbd.mo
installing es.gmo as /home/sektor/projects/slackbuilds/a/kbd/pkg/usr/share/locale/es/LC_MESSAGES/kbd.mo
installing fr.gmo as /home/sektor/projects/slackbuilds/a/kbd/pkg/usr/share/locale/fr/LC_MESSAGES/kbd.mo
installing gr.gmo as /home/sektor/projects/slackbuilds/a/kbd/pkg/usr/share/locale/gr/LC_MESSAGES/kbd.mo
installing id.gmo as /home/sektor/projects/slackbuilds/a/kbd/pkg/usr/share/locale/id/LC_MESSAGES/kbd.mo
installing it.gmo as /home/sektor/projects/slackbuilds/a/kbd/pkg/usr/share/locale/it/LC_MESSAGES/kbd.mo
installing nl.gmo as /home/sektor/projects/slackbuilds/a/kbd/pkg/usr/share/locale/nl/LC_MESSAGES/kbd.mo
installing pl.gmo as /home/sektor/projects/slackbuilds/a/kbd/pkg/usr/share/locale/pl/LC_MESSAGES/kbd.mo
installing pt.gmo as /home/sektor/projects/slackbuilds/a/kbd/pkg/usr/share/locale/pt/LC_MESSAGES/kbd.mo
installing pt_BR.gmo as /home/sektor/projects/slackbuilds/a/kbd/pkg/usr/share/locale/pt_BR/LC_MESSAGES/kbd.mo
installing ro.gmo as /home/sektor/projects/slackbuilds/a/kbd/pkg/usr/share/locale/ro/LC_MESSAGES/kbd.mo
installing ru.gmo as /home/sektor/projects/slackbuilds/a/kbd/pkg/usr/share/locale/ru/LC_MESSAGES/kbd.mo
installing sr.gmo as /home/sektor/projects/slackbuilds/a/kbd/pkg/usr/share/locale/sr/LC_MESSAGES/kbd.mo
installing sv.gmo as /home/sektor/projects/slackbuilds/a/kbd/pkg/usr/share/locale/sv/LC_MESSAGES/kbd.mo
installing tr.gmo as /home/sektor/projects/slackbuilds/a/kbd/pkg/usr/share/locale/tr/LC_MESSAGES/kbd.mo
installing uk.gmo as /home/sektor/projects/slackbuilds/a/kbd/pkg/usr/share/locale/uk/LC_MESSAGES/kbd.mo
installing vi.gmo as /home/sektor/projects/slackbuilds/a/kbd/pkg/usr/share/locale/vi/LC_MESSAGES/kbd.mo
installing zh_CN.gmo as /home/sektor/projects/slackbuilds/a/kbd/pkg/usr/share/locale/zh_CN/LC_MESSAGES/kbd.mo
if test "kbd" = "gettext-tools"; then \
  /usr/bin/mkdir -p /home/sektor/projects/slackbuilds/a/kbd/pkg/usr/share/kbd/gettext/po; \
  for file in Makefile.in.in remove-potcdate.sin quot.sed boldquot.sed en@quot.header en@boldquot.header insert-header.sin Rules-quot   Makevars.template; do \
    /usr/bin/ginstall -c -m 644 ./$file \
		    /home/sektor/projects/slackbuilds/a/kbd/pkg/usr/share/kbd/gettext/po/$file; \
  done; \
  for file in Makevars; do \
    rm -f /home/sektor/projects/slackbuilds/a/kbd/pkg/usr/share/kbd/gettext/po/$file; \
  done; \
else \
  : ; \
fi
make[1]: Leaving directory '/home/sektor/projects/slackbuilds/a/kbd/src/kbd-2.6.3/po'
Making install in docs
make[1]: Entering directory '/home/sektor/projects/slackbuilds/a/kbd/src/kbd-2.6.3/docs'
Making install in man
make[2]: Entering directory '/home/sektor/projects/slackbuilds/a/kbd/src/kbd-2.6.3/docs/man'
Making install in man1
make[3]: Entering directory '/home/sektor/projects/slackbuilds/a/kbd/src/kbd-2.6.3/docs/man/man1'
make[4]: Entering directory '/home/sektor/projects/slackbuilds/a/kbd/src/kbd-2.6.3/docs/man/man1'
make[4]: Nothing to be done for 'install-exec-am'.
 /usr/bin/mkdir -p '/home/sektor/projects/slackbuilds/a/kbd/pkg/usr/man/man1'
 /usr/bin/ginstall -c -m 644 chvt.1 deallocvt.1 fgconsole.1 kbd_mode.1 openvt.1 psfaddtable.1 psfgettable.1 psfstriptable.1 psfxtable.1 setleds.1 setmetamode.1 showkey.1 unicode_start.1 unicode_stop.1 kbdinfo.1 dumpkeys.1 loadkeys.1 vlock.1 '/home/sektor/projects/slackbuilds/a/kbd/pkg/usr/man/man1'
make  install-data-hook
make[5]: Entering directory '/home/sektor/projects/slackbuilds/a/kbd/src/kbd-2.6.3/docs/man/man1'
cd /home/sektor/projects/slackbuilds/a/kbd/pkg/usr/man/man1 && \
for f in dumpkeys.1 loadkeys.1; do \
	/usr/bin/sed -e "s#@DATADIR\@#/usr/share/kbd#g" "$f" > "$f.new"; \
	mv -f -- "$f.new" "$f"; \
done
make[5]: Leaving directory '/home/sektor/projects/slackbuilds/a/kbd/src/kbd-2.6.3/docs/man/man1'
make[4]: Leaving directory '/home/sektor/projects/slackbuilds/a/kbd/src/kbd-2.6.3/docs/man/man1'
make[3]: Leaving directory '/home/sektor/projects/slackbuilds/a/kbd/src/kbd-2.6.3/docs/man/man1'
Making install in man5
make[3]: Entering directory '/home/sektor/projects/slackbuilds/a/kbd/src/kbd-2.6.3/docs/man/man5'
make[4]: Entering directory '/home/sektor/projects/slackbuilds/a/kbd/src/kbd-2.6.3/docs/man/man5'
make[4]: Nothing to be done for 'install-exec-am'.
 /usr/bin/mkdir -p '/home/sektor/projects/slackbuilds/a/kbd/pkg/usr/man/man5'
 /usr/bin/ginstall -c -m 644 keymaps.5 '/home/sektor/projects/slackbuilds/a/kbd/pkg/usr/man/man5'
make[4]: Leaving directory '/home/sektor/projects/slackbuilds/a/kbd/src/kbd-2.6.3/docs/man/man5'
make[3]: Leaving directory '/home/sektor/projects/slackbuilds/a/kbd/src/kbd-2.6.3/docs/man/man5'
Making install in man8
make[3]: Entering directory '/home/sektor/projects/slackbuilds/a/kbd/src/kbd-2.6.3/docs/man/man8'
make[4]: Entering directory '/home/sektor/projects/slackbuilds/a/kbd/src/kbd-2.6.3/docs/man/man8'
make[4]: Nothing to be done for 'install-exec-am'.
 /usr/bin/mkdir -p '/home/sektor/projects/slackbuilds/a/kbd/pkg/usr/man/man8'
 /usr/bin/ginstall -c -m 644 getkeycodes.8 kbdrate.8 setkeycodes.8 showconsolefont.8 setvtrgb.8 loadunimap.8 mapscrn.8 setfont.8 '/home/sektor/projects/slackbuilds/a/kbd/pkg/usr/man/man8'
make  install-data-hook
make[5]: Entering directory '/home/sektor/projects/slackbuilds/a/kbd/src/kbd-2.6.3/docs/man/man8'
cd /home/sektor/projects/slackbuilds/a/kbd/pkg/usr/man/man8 && \
for f in loadunimap.8 mapscrn.8 setfont.8; do \
	/usr/bin/sed -e "s#@DATADIR\@#/usr/share/kbd#g" "$f" > "$f.new"; \
	mv -f -- "$f.new" "$f"; \
done
make[5]: Leaving directory '/home/sektor/projects/slackbuilds/a/kbd/src/kbd-2.6.3/docs/man/man8'
make[4]: Leaving directory '/home/sektor/projects/slackbuilds/a/kbd/src/kbd-2.6.3/docs/man/man8'
make[3]: Leaving directory '/home/sektor/projects/slackbuilds/a/kbd/src/kbd-2.6.3/docs/man/man8'
Making install in man1misc
make[3]: Entering directory '/home/sektor/projects/slackbuilds/a/kbd/src/kbd-2.6.3/docs/man/man1misc'
make[4]: Entering directory '/home/sektor/projects/slackbuilds/a/kbd/src/kbd-2.6.3/docs/man/man1misc'
make[4]: Nothing to be done for 'install-exec-am'.
 /usr/bin/mkdir -p '/home/sektor/projects/slackbuilds/a/kbd/pkg/usr/man/man1'
 /usr/bin/ginstall -c -m 644 codepage.1 screendump.1 splitfont.1 '/home/sektor/projects/slackbuilds/a/kbd/pkg/usr/man/man1'
make[4]: Leaving directory '/home/sektor/projects/slackbuilds/a/kbd/src/kbd-2.6.3/docs/man/man1misc'
make[3]: Leaving directory '/home/sektor/projects/slackbuilds/a/kbd/src/kbd-2.6.3/docs/man/man1misc'
Making install in man8misc
make[3]: Entering directory '/home/sektor/projects/slackbuilds/a/kbd/src/kbd-2.6.3/docs/man/man8misc'
make[4]: Entering directory '/home/sektor/projects/slackbuilds/a/kbd/src/kbd-2.6.3/docs/man/man8misc'
make[4]: Nothing to be done for 'install-exec-am'.
 /usr/bin/mkdir -p '/home/sektor/projects/slackbuilds/a/kbd/pkg/usr/man/man8'
 /usr/bin/ginstall -c -m 644 clrunimap.8 getunimap.8 mk_modmap.8 setlogcons.8 setvesablank.8 vcstime.8 '/home/sektor/projects/slackbuilds/a/kbd/pkg/usr/man/man8'
make[4]: Leaving directory '/home/sektor/projects/slackbuilds/a/kbd/src/kbd-2.6.3/docs/man/man8misc'
make[3]: Leaving directory '/home/sektor/projects/slackbuilds/a/kbd/src/kbd-2.6.3/docs/man/man8misc'
make[3]: Entering directory '/home/sektor/projects/slackbuilds/a/kbd/src/kbd-2.6.3/docs/man'
make[4]: Entering directory '/home/sektor/projects/slackbuilds/a/kbd/src/kbd-2.6.3/docs/man'
make[4]: Nothing to be done for 'install-exec-am'.
make[4]: Nothing to be done for 'install-data-am'.
make[4]: Leaving directory '/home/sektor/projects/slackbuilds/a/kbd/src/kbd-2.6.3/docs/man'
make[3]: Leaving directory '/home/sektor/projects/slackbuilds/a/kbd/src/kbd-2.6.3/docs/man'
make[2]: Leaving directory '/home/sektor/projects/slackbuilds/a/kbd/src/kbd-2.6.3/docs/man'
Making install in reference
make[2]: Entering directory '/home/sektor/projects/slackbuilds/a/kbd/src/kbd-2.6.3/docs/reference'
Making install in libkeymap
make[3]: Entering directory '/home/sektor/projects/slackbuilds/a/kbd/src/kbd-2.6.3/docs/reference/libkeymap'
doxygen /home/sektor/projects/slackbuilds/a/kbd/src/kbd-2.6.3/docs/reference/libkeymap/Doxyfile
warning: Tag 'OUTPUT_TEXT_DIRECTION' at line 102 of file '/home/sektor/projects/slackbuilds/a/kbd/src/kbd-2.6.3/docs/reference/libkeymap/Doxyfile' has become obsolete.
         To avoid this warning please remove this line from your configuration file or upgrade it using "doxygen -u"
warning: Tag 'TCL_SUBST' at line 250 of file '/home/sektor/projects/slackbuilds/a/kbd/src/kbd-2.6.3/docs/reference/libkeymap/Doxyfile' has become obsolete.
         To avoid this warning please remove this line from your configuration file or upgrade it using "doxygen -u"
warning: Tag 'COLS_IN_ALPHA_INDEX' at line 1060 of file '/home/sektor/projects/slackbuilds/a/kbd/src/kbd-2.6.3/docs/reference/libkeymap/Doxyfile' has become obsolete.
         To avoid this warning please remove this line from your configuration file or upgrade it using "doxygen -u"
warning: Tag 'LATEX_SOURCE_CODE' at line 1789 of file '/home/sektor/projects/slackbuilds/a/kbd/src/kbd-2.6.3/docs/reference/libkeymap/Doxyfile' has become obsolete.
         To avoid this warning please remove this line from your configuration file or upgrade it using "doxygen -u"
warning: Tag 'RTF_SOURCE_CODE' at line 1879 of file '/home/sektor/projects/slackbuilds/a/kbd/src/kbd-2.6.3/docs/reference/libkeymap/Doxyfile' has become obsolete.
         To avoid this warning please remove this line from your configuration file or upgrade it using "doxygen -u"
warning: Tag 'DOCBOOK_PROGRAMLISTING' at line 1984 of file '/home/sektor/projects/slackbuilds/a/kbd/src/kbd-2.6.3/docs/reference/libkeymap/Doxyfile' has become obsolete.
         To avoid this warning please remove this line from your configuration file or upgrade it using "doxygen -u"
warning: Tag 'PERL_PATH' at line 2165 of file '/home/sektor/projects/slackbuilds/a/kbd/src/kbd-2.6.3/docs/reference/libkeymap/Doxyfile' has become obsolete.
         To avoid this warning please remove this line from your configuration file or upgrade it using "doxygen -u"
warning: Tag 'CLASS_DIAGRAMS' at line 2178 of file '/home/sektor/projects/slackbuilds/a/kbd/src/kbd-2.6.3/docs/reference/libkeymap/Doxyfile' has become obsolete.
         To avoid this warning please remove this line from your configuration file or upgrade it using "doxygen -u"
warning: Tag 'MSCGEN_PATH' at line 2187 of file '/home/sektor/projects/slackbuilds/a/kbd/src/kbd-2.6.3/docs/reference/libkeymap/Doxyfile' has become obsolete.
         To avoid this warning please remove this line from your configuration file or upgrade it using "doxygen -u"
Doxygen version used: 1.9.3
Searching for include files...
Searching for example files...
Searching for images...
Searching for dot files...
Searching for msc files...
Searching for dia files...
Searching for files to exclude
Searching INPUT for files to process...
Searching for files in directory /home/sektor/projects/slackbuilds/a/kbd/src/kbd-2.6.3/src/libkeymap/keymap
Reading and parsing tag files
Parsing files
Preprocessing /home/sektor/projects/slackbuilds/a/kbd/src/kbd-2.6.3/src/libkeymap/keymap/array.h...
Parsing file /home/sektor/projects/slackbuilds/a/kbd/src/kbd-2.6.3/src/libkeymap/keymap/array.h...
Preprocessing /home/sektor/projects/slackbuilds/a/kbd/src/kbd-2.6.3/src/libkeymap/keymap/charset.h...
Parsing file /home/sektor/projects/slackbuilds/a/kbd/src/kbd-2.6.3/src/libkeymap/keymap/charset.h...
Preprocessing /home/sektor/projects/slackbuilds/a/kbd/src/kbd-2.6.3/src/libkeymap/keymap/common.h...
Parsing file /home/sektor/projects/slackbuilds/a/kbd/src/kbd-2.6.3/src/libkeymap/keymap/common.h...
Preprocessing /home/sektor/projects/slackbuilds/a/kbd/src/kbd-2.6.3/src/libkeymap/keymap/context.h...
Parsing file /home/sektor/projects/slackbuilds/a/kbd/src/kbd-2.6.3/src/libkeymap/keymap/context.h...
Preprocessing /home/sektor/projects/slackbuilds/a/kbd/src/kbd-2.6.3/src/libkeymap/keymap/dump.h...
Parsing file /home/sektor/projects/slackbuilds/a/kbd/src/kbd-2.6.3/src/libkeymap/keymap/dump.h...
Preprocessing /home/sektor/projects/slackbuilds/a/kbd/src/kbd-2.6.3/src/libkeymap/keymap/kernel.h...
Parsing file /home/sektor/projects/slackbuilds/a/kbd/src/kbd-2.6.3/src/libkeymap/keymap/kernel.h...
Preprocessing /home/sektor/projects/slackbuilds/a/kbd/src/kbd-2.6.3/src/libkeymap/keymap/kmap.h...
Parsing file /home/sektor/projects/slackbuilds/a/kbd/src/kbd-2.6.3/src/libkeymap/keymap/kmap.h...
Preprocessing /home/sektor/projects/slackbuilds/a/kbd/src/kbd-2.6.3/src/libkeymap/keymap/logging.h...
Parsing file /home/sektor/projects/slackbuilds/a/kbd/src/kbd-2.6.3/src/libkeymap/keymap/logging.h...
Reading /home/sektor/projects/slackbuilds/a/kbd/src/kbd-2.6.3/docs/reference/libkeymap/Doxyheader...
Building macro definition list...
Building group list...
Building directory list...
Building namespace list...
Building file list...
Building class list...
Building concept list...
Computing nesting relations for classes...
Associating documentation with classes...
Associating documentation with concepts...
Building example list...
Searching for enumerations...
Searching for documented typedefs...
Searching for members imported via using declarations...
Searching for included using directives...
Searching for documented variables...
Building interface member list...
Building member list...
Searching for friends...
Searching for documented defines...
Computing class inheritance relations...
Computing class usage relations...
Flushing cached template relations that have become invalid...
Computing class relations...
Add enum values to enums...
Searching for member function documentation...
Creating members for template instances...
Building page list...
Search for main page...
Computing page relations...
Determining the scope of groups...
Sorting lists...
Determining which enums are documented
Computing member relations...
Building full member lists recursively...
Adding members to member groups.
Computing member references...
Inheriting documentation...
Generating disk names...
Adding source references...
Adding xrefitems...
Sorting member lists...
Setting anonymous enum type...
Computing dependencies between directories...
Generating citations page...
Counting members...
Counting data structures...
Resolving user defined references...
Finding anchors and sections in the documentation...
Transferring function references...
Combining using relations...
Adding members to index pages...
Correcting members for VHDL...
Computing tooltip texts...
Generating style sheet...
Generating search indices...
Generating example documentation...
Generating file sources...
Generating code for file src/libkeymap/keymap/array.h...
Generating code for file src/home/sektor/projects/slackbuilds/a/kbd/src/kbd-2.6.3/src/libkeymap/keymap/common.h:49: warning: The following parameter of lk_set_log_priority(struct lk_ctx *ctx, int priority) is not documented:
  parameter 'priority'
/home/sektor/projects/slackbuilds/a/kbd/src/kbd-2.6.3/src/libkeymap/keymap/logging.h:21: warning: unable to resolve reference to 'lk_ctx::log_fn' for \ref command
/home/sektor/projects/slackbuilds/a/kbd/src/kbd-2.6.3/src/libkeymap/keymap/logging.h:22: warning: unable to resolve reference to 'lk_ctx::log_data' for \ref command
/home/sektor/projects/slackbuilds/a/kbd/src/kbd-2.6.3/src/libkeymap/keymap/logging.h:21: warning: The following parameters of lk_log(struct lk_ctx *ctx, int priority, const char *file, int line, const char *fn, const char *fmt,...) are not documented:
  parameter 'file'
  parameter 'line'
  parameter 'fn'
  parameter 'fmt'
/libkeymap/keymap/charset.h...
Generating code for file src/libkeymap/keymap/common.h...
Generating code for file src/libkeymap/keymap/context.h...
Generating code for file src/libkeymap/keymap/dump.h...
Generating code for file src/libkeymap/keymap/kernel.h...
Generating code for file src/libkeymap/keymap/kmap.h...
Generating code for file src/libkeymap/keymap/logging.h...
Generating file documentation...
Generating docs for file docs/reference/libkeymap/Doxyheader...
Generating docs for file src/libkeymap/keymap/array.h...
Generating docs for file src/libkeymap/keymap/charset.h...
Generating docs for file src/libkeymap/keymap/common.h...
Generating docs for file src/libkeymap/keymap/context.h...
Generating docs for file src/libkeymap/keymap/dump.h...
Generating docs for file src/libkeymap/keymap/kernel.h...
Generating docs for file src/libkeymap/keymap/kmap.h...
Generating docs for file src/libkeymap/keymap/logging.h...
Generating page documentation...
Generating group documentation...
Generating class documentation...
Generating docs for compound kmapinfo...
Generating docs for compound lk_array...
Generating docs for compound lk_kbdiacr...
Generating concept documentation...
Generating namespace index...
Generating graph info page...
Generating directory documentation...
Generating index page...
Generating page index...
Generating module index...
Generating namespace index...
Generating namespace member index...
Generating concept index...
Generating annotated compound index...
Generating alphabetical compound index...
Generating hierarchical class index...
Generating member index...
Generating file index...
Generating file member index...
Generating example index...
finalizing index lists...
writing tag file...
Running plantuml with JAVA...
lookup cache used 102/65536 hits=166 misses=102
finished...
make[4]: Entering directory '/home/sektor/projects/slackbuilds/a/kbd/src/kbd-2.6.3/docs/reference/libkeymap'
make[4]: Nothing to be done for 'install-exec-am'.
doxygen /home/sektor/projects/slackbuilds/a/kbd/src/kbd-2.6.3/docs/reference/libkeymap/Doxyfile
warning: Tag 'OUTPUT_TEXT_DIRECTION' at line 102 of file '/home/sektor/projects/slackbuilds/a/kbd/src/kbd-2.6.3/docs/reference/libkeymap/Doxyfile' has become obsolete.
         To avoid this warning please remove this line from your configuration file or upgrade it using "doxygen -u"
warning: Tag 'TCL_SUBST' at line 250 of file '/home/sektor/projects/slackbuilds/a/kbd/src/kbd-2.6.3/docs/reference/libkeymap/Doxyfile' has become obsolete.
         To avoid this warning please remove this line from your configuration file or upgrade it using "doxygen -u"
warning: Tag 'COLS_IN_ALPHA_INDEX' at line 1060 of file '/home/sektor/projects/slackbuilds/a/kbd/src/kbd-2.6.3/docs/reference/libkeymap/Doxyfile' has become obsolete.
         To avoid this warning please remove this line from your configuration file or upgrade it using "doxygen -u"
warning: Tag 'LATEX_SOURCE_CODE' at line 1789 of file '/home/sektor/projects/slackbuilds/a/kbd/src/kbd-2.6.3/docs/reference/libkeymap/Doxyfile' has become obsolete.
         To avoid this warning please remove this line from your configuration file or upgrade it using "doxygen -u"
warning: Tag 'RTF_SOURCE_CODE' at line 1879 of file '/home/sektor/projects/slackbuilds/a/kbd/src/kbd-2.6.3/docs/reference/libkeymap/Doxyfile' has become obsolete.
         To avoid this warning please remove this line from your configuration file or upgrade it using "doxygen -u"
warning: Tag 'DOCBOOK_PROGRAMLISTING' at line 1984 of file '/home/sektor/projects/slackbuilds/a/kbd/src/kbd-2.6.3/docs/reference/libkeymap/Doxyfile' has become obsolete.
         To avoid this warning please remove this line from your configuration file or upgrade it using "doxygen -u"
warning: Tag 'PERL_PATH' at line 2165 of file '/home/sektor/projects/slackbuilds/a/kbd/src/kbd-2.6.3/docs/reference/libkeymap/Doxyfile' has become obsolete.
         To avoid this warning please remove this line from your configuration file or upgrade it using "doxygen -u"
warning: Tag 'CLASS_DIAGRAMS' at line 2178 of file '/home/sektor/projects/slackbuilds/a/kbd/src/kbd-2.6.3/docs/reference/libkeymap/Doxyfile' has become obsolete.
         To avoid this warning please remove this line from your configuration file or upgrade it using "doxygen -u"
warning: Tag 'MSCGEN_PATH' at line 2187 of file '/home/sektor/projects/slackbuilds/a/kbd/src/kbd-2.6.3/docs/reference/libkeymap/Doxyfile' has become obsolete.
         To avoid this warning please remove this line from your configuration file or upgrade it using "doxygen -u"
Doxygen version used: 1.9.3
Searching for include files...
Searching for example files...
Searching for images...
Searching for dot files...
Searching for msc files...
Searching for dia files...
Searching for files to exclude
Searching INPUT for files to process...
Searching for files in directory /home/sektor/projects/slackbuilds/a/kbd/src/kbd-2.6.3/src/libkeymap/keymap
Reading and parsing tag files
Parsing files
Preprocessing /home/sektor/projects/slackbuilds/a/kbd/src/kbd-2.6.3/src/libkeymap/keymap/array.h...
Parsing file /home/sektor/projects/slackbuilds/a/kbd/src/kbd-2.6.3/src/libkeymap/keymap/array.h...
Preprocessing /home/sektor/projects/slackbuilds/a/kbd/src/kbd-2.6.3/src/libkeymap/keymap/charset.h...
Parsing file /home/sektor/projects/slackbuilds/a/kbd/src/kbd-2.6.3/src/libkeymap/keymap/charset.h...
Preprocessing /home/sektor/projects/slackbuilds/a/kbd/src/kbd-2.6.3/src/libkeymap/keymap/common.h...
Parsing file /home/sektor/projects/slackbuilds/a/kbd/src/kbd-2.6.3/src/libkeymap/keymap/common.h...
Preprocessing /home/sektor/projects/slackbuilds/a/kbd/src/kbd-2.6.3/src/libkeymap/keymap/context.h...
Parsing file /home/sektor/projects/slackbuilds/a/kbd/src/kbd-2.6.3/src/libkeymap/keymap/context.h...
Preprocessing /home/sektor/projects/slackbuilds/a/kbd/src/kbd-2.6.3/src/libkeymap/keymap/dump.h...
Parsing file /home/sektor/projects/slackbuilds/a/kbd/src/kbd-2.6.3/src/libkeymap/keymap/dump.h...
Preprocessing /home/sektor/projects/slackbuilds/a/kbd/src/kbd-2.6.3/src/libkeymap/keymap/kernel.h...
Parsing file /home/sektor/projects/slackbuilds/a/kbd/src/kbd-2.6.3/src/libkeymap/keymap/kernel.h...
Preprocessing /home/sektor/projects/slackbuilds/a/kbd/src/kbd-2.6.3/src/libkeymap/keymap/kmap.h...
Parsing file /home/sektor/projects/slackbuilds/a/kbd/src/kbd-2.6.3/src/libkeymap/keymap/kmap.h...
Preprocessing /home/sektor/projects/slackbuilds/a/kbd/src/kbd-2.6.3/src/libkeymap/keymap/logging.h...
Parsing file /home/sektor/projects/slackbuilds/a/kbd/src/kbd-2.6.3/src/libkeymap/keymap/logging.h...
Reading /home/sektor/projects/slackbuilds/a/kbd/src/kbd-2.6.3/docs/reference/libkeymap/Doxyheader...
Building macro definition list...
Building group list...
Building directory list...
Building namespace list...
Building file list...
Building class list...
Building concept list...
Computing nesting relations for classes...
Associating documentation with classes...
Associating documentation with concepts...
Building example list...
Searching for enumerations...
Searching for documented typedefs...
Searching for members imported via using declarations...
Searching for included using directives...
Searching for documented variables...
Building interface member list...
Building member list...
Searching for friends...
Searching for documented defines...
Computing class inheritance relations...
Computing class usage relations...
Flushing cached template relations that have become invalid...
Computing class relations...
Add enum values to enums...
Searching for member function documentation...
Creating members for template instances...
Building page list...
Search for main page...
Computing page relations...
Determining the scope of groups...
Sorting lists...
Determining which enums are documented
Computing member relations...
Building full member lists recursively...
Adding members to member groups.
Computing member references...
Inheriting documentation...
Generating disk names...
Adding source references...
Adding xrefitems...
Sorting member lists...
Setting anonymous enum type...
Computing dependencies between directories...
Generating citations page...
Counting members...
Counting data structures...
Resolving user defined references...
Finding anchors and sections in the documentation...
Transferring function references...
Combining using relations...
Adding members to index pages...
Correcting members for VHDL...
Computing tooltip texts...
Generating style sheet...
Generating search indices...
Generating example documentation...
Generating file sources...
Generating code for file src/libkeymap/keymap/array.h...
Generating code for file src/home/sektor/projects/slackbuilds/a/kbd/src/kbd-2.6.3/src/libkeymap/keymap/common.h:49: warning: The following parameter of lk_set_log_priority(struct lk_ctx *ctx, int priority) is not documented:
  parameter 'priority'
/home/sektor/projects/slackbuilds/a/kbd/src/kbd-2.6.3/src/libkeymap/keymap/logging.h:21: warning: unable to resolve reference to 'lk_ctx::log_fn' for \ref command
/home/sektor/projects/slackbuilds/a/kbd/src/kbd-2.6.3/src/libkeymap/keymap/logging.h:22: warning: unable to resolve reference to 'lk_ctx::log_data' for \ref command
/home/sektor/projects/slackbuilds/a/kbd/src/kbd-2.6.3/src/libkeymap/keymap/logging.h:21: warning: The following parameters of lk_log(struct lk_ctx *ctx, int priority, const char *file, int line, const char *fn, const char *fmt,...) are not documented:
  parameter 'file'
  parameter 'line'
  parameter 'fn'
  parameter 'fmt'
/libkeymap/keymap/charset.h...
Generating code for file src/libkeymap/keymap/common.h...
Generating code for file src/libkeymap/keymap/context.h...
Generating code for file src/libkeymap/keymap/dump.h...
Generating code for file src/libkeymap/keymap/kernel.h...
Generating code for file src/libkeymap/keymap/kmap.h...
Generating code for file src/libkeymap/keymap/logging.h...
Generating file documentation...
Generating docs for file docs/reference/libkeymap/Doxyheader...
Generating docs for file src/libkeymap/keymap/array.h...
Generating docs for file src/libkeymap/keymap/charset.h...
Generating docs for file src/libkeymap/keymap/common.h...
Generating docs for file src/libkeymap/keymap/context.h...
Generating docs for file src/libkeymap/keymap/dump.h...
Generating docs for file src/libkeymap/keymap/kernel.h...
Generating docs for file src/libkeymap/keymap/kmap.h...
Generating docs for file src/libkeymap/keymap/logging.h...
Generating page documentation...
Generating group documentation...
Generating class documentation...
Generating docs for compound kmapinfo...
Generating docs for compound lk_array...
Generating docs for compound lk_kbdiacr...
Generating concept documentation...
Generating namespace index...
Generating graph info page...
Generating directory documentation...
Generating index page...
Generating page index...
Generating module index...
Generating namespace index...
Generating namespace member index...
Generating concept index...
Generating annotated compound index...
Generating alphabetical compound index...
Generating hierarchical class index...
Generating member index...
Generating file index...
Generating file member index...
Generating example index...
finalizing index lists...
writing tag file...
Running plantuml with JAVA...
lookup cache used 102/65536 hits=166 misses=102
finished...
 /usr/bin/mkdir -p '/home/sektor/projects/slackbuilds/a/kbd/pkg/usr/doc/kbd-2.6.3/html'
 /usr/bin/ginstall -c -m 644 html/Doxyheader.html html/annotated.html html/array_8h.html html/array_8h_source.html html/bc_s.png html/bdwn.png html/charset_8h.html html/charset_8h_source.html html/classes.html html/closed.png html/common_8h.html html/common_8h_source.html html/context_8h.html html/context_8h_source.html html/dir_3023c0a2bf5f8a69a2e782253c163d72.html html/dir_49e56c817e5e54854c35e136979f97ca.html html/dir_4bd0647920563407f6428cd81f4b239d.html html/dir_5ba4a5643591dc5dc7d346d490557182.html html/dir_62c7a06ab6d0517e94baecab48e4799d.html html/dir_68267d1309a1af8e8297ef4c3efbcdba.html html/doc.png html/doxygen.css html/doxygen.svg html/dump_8h.html html/dump_8h_source.html html/dynsections.js html/files.html html/folderclosed.png html/folderopen.png html/functions.html html/functions_vars.html html/globals.html html/globals_defs.html html/globals_enum.html html/globals_eval.html html/globals_func.html html/globals_type.html html/index.html html/jquery.js html/kernel_8h.html '/home/sektor/projects/slackbuilds/a/kbd/pkg/usr/doc/kbd-2.6.3/html'
 /usr/bin/ginstall -c -m 644 html/kernel_8h_source.html html/kmap_8h.html html/kmap_8h_source.html html/logging_8h.html html/logging_8h_source.html html/menu.js html/menudata.js html/nav_f.png html/nav_g.png html/nav_h.png html/open.png html/splitbar.png html/structkmapinfo.html html/structlk__array.html html/structlk__kbdiacr.html html/sync_off.png html/sync_on.png html/tab_a.png html/tab_b.png html/tab_h.png html/tab_s.png html/tabs.css '/home/sektor/projects/slackbuilds/a/kbd/pkg/usr/doc/kbd-2.6.3/html'
make[4]: Leaving directory '/home/sektor/projects/slackbuilds/a/kbd/src/kbd-2.6.3/docs/reference/libkeymap'
make[3]: Leaving directory '/home/sektor/projects/slackbuilds/a/kbd/src/kbd-2.6.3/docs/reference/libkeymap'
make[3]: Entering directory '/home/sektor/projects/slackbuilds/a/kbd/src/kbd-2.6.3/docs/reference'
make[4]: Entering directory '/home/sektor/projects/slackbuilds/a/kbd/src/kbd-2.6.3/docs/reference'
make[4]: Nothing to be done for 'install-exec-am'.
make[4]: Nothing to be done for 'install-data-am'.
make[4]: Leaving directory '/home/sektor/projects/slackbuilds/a/kbd/src/kbd-2.6.3/docs/reference'
make[3]: Leaving directory '/home/sektor/projects/slackbuilds/a/kbd/src/kbd-2.6.3/docs/reference'
make[2]: Leaving directory '/home/sektor/projects/slackbuilds/a/kbd/src/kbd-2.6.3/docs/reference'
make[2]: Entering directory '/home/sektor/projects/slackbuilds/a/kbd/src/kbd-2.6.3/docs'
make[3]: Entering directory '/home/sektor/projects/slackbuilds/a/kbd/src/kbd-2.6.3/docs'
make[3]: Nothing to be done for 'install-exec-am'.
make[3]: Nothing to be done for 'install-data-am'.
make[3]: Leaving directory '/home/sektor/projects/slackbuilds/a/kbd/src/kbd-2.6.3/docs'
make[2]: Leaving directory '/home/sektor/projects/slackbuilds/a/kbd/src/kbd-2.6.3/docs'
make[1]: Leaving directory '/home/sektor/projects/slackbuilds/a/kbd/src/kbd-2.6.3/docs'
make[1]: Entering directory '/home/sektor/projects/slackbuilds/a/kbd/src/kbd-2.6.3'
make[2]: Entering directory '/home/sektor/projects/slackbuilds/a/kbd/src/kbd-2.6.3'
make[2]: Nothing to be done for 'install-exec-am'.
make[2]: Nothing to be done for 'install-data-am'.
make[2]: Leaving directory '/home/sektor/projects/slackbuilds/a/kbd/src/kbd-2.6.3'
make[1]: Leaving directory '/home/sektor/projects/slackbuilds/a/kbd/src/kbd-2.6.3'
Exploding package /home/sektor/projects/slackbuilds/a/kbd/src/extraf.tgz in current directory:
usr/
usr/share/
usr/share/kbd/
usr/share/kbd/consolefonts/
usr/share/kbd/consolefonts/scrawl_s.fnt.gz
usr/share/kbd/consolefonts/mr.fnt.gz
usr/share/kbd/consolefonts/ro.fnt.gz
usr/share/kbd/consolefonts/sd.fnt.gz
usr/share/kbd/consolefonts/r.fnt.gz
usr/share/kbd/consolefonts/scrawl_w.fnt.gz
usr/share/kbd/consolefonts/sc.fnt.gz
usr/share/kbd/consolefonts/rl.fnt.gz
usr/share/kbd/consolefonts/mu.fnt.gz
usr/share/kbd/consolefonts/mod_s.fnt.gz
usr/share/kbd/consolefonts/m.fnt.gz
usr/share/kbd/consolefonts/b.fnt.gz
usr/share/kbd/consolefonts/ml.fnt.gz
usr/share/kbd/consolefonts/c.fnt.gz
usr/share/kbd/consolefonts/s.fnt.gz
usr/share/kbd/consolefonts/README.extraf
usr/share/kbd/consolefonts/mod_d.fnt.gz
/home/sektor/projects/slackbuilds/a/kbd/pkg:
total 0
drwxr-xr-x 1 root root 18 Mar  1 12:11 etc
drwxr-xr-x 1 root root 38 Mar  1 12:11 install
drwxr-xr-x 1 root root 58 Aug 20  1999 usr
drwxr-xr-x 1 root root  6 Mar  1 12:11 var

/home/sektor/projects/slackbuilds/a/kbd/pkg/etc:
total 0
drwxr-xr-x 1 root root 18 Mar  1 12:11 pam.d
drwxr-xr-x 1 root root 22 Mar  1 12:11 rc.d

/home/sektor/projects/slackbuilds/a/kbd/pkg/etc/pam.d:
total 4
-rw-r--r-- 1 root root 124 Mar  1 12:11 vlock.new

/home/sektor/projects/slackbuilds/a/kbd/pkg/etc/rc.d:
total 4
-rw-r--r-- 1 root root 119 Mar  1 12:11 rc.font.new

/home/sektor/projects/slackbuilds/a/kbd/pkg/install:
total 8
-rw-r--r-- 1 root root 541 Mar  1 12:11 doinst.sh
-rw-r--r-- 1 root root 465 Mar  1 12:11 slack-desc

/home/sektor/projects/slackbuilds/a/kbd/pkg/usr:
total 0
drwxr-xr-x 1 root root 688 Mar  1 12:11 bin
drwxr-xr-x 1 root root  18 Mar  1 12:11 doc
drwxr-xr-x 1 root root  46 Mar  1 12:11 include
drwxr-xr-x 1 root root 200 Mar  1 12:11 lib64
drwxr-xr-x 1 root root  24 Mar  1 12:11 man
drwxr-xr-x 1 root root  18 Aug 21  1999 share
drwxr-xr-x 1 root root  18 Mar  1 12:11 src

/home/sektor/projects/slackbuilds/a/kbd/pkg/usr/bin:
total 628
-rwxr-xr-x 1 root root 14656 Mar  1 12:11 chvt
-rwxr-xr-x 1 root root 14632 Mar  1 12:11 clrunimap
-rwxr-xr-x 1 root root 14616 Mar  1 12:11 deallocvt
-rwxr-xr-x 1 root root 15208 Mar  1 12:11 dumpkeys
-rwxr-xr-x 1 root root 14608 Mar  1 12:11 fgconsole
-rwxr-xr-x 1 root root 14616 Mar  1 12:11 getkeycodes
-rwxr-xr-x 1 root root 18768 Mar  1 12:11 getunimap
-rwxr-xr-x 1 root root 14920 Mar  1 12:11 kbd_mode
-rwxr-xr-x 1 root root 14616 Mar  1 12:11 kbdinfo
-rwxr-xr-x 1 root root 14600 Mar  1 12:11 kbdrate
-rwxr-xr-x 1 root root 19304 Mar  1 12:11 loadkeys
-rwxr-xr-x 1 root root 35272 Mar  1 12:11 loadunimap
-rwxr-xr-x 1 root root 27048 Mar  1 12:11 mapscrn
-rwxr-xr-x 1 root root 23432 Mar  1 12:11 openvt
-rwxr-xr-x 1 root root 14400 Mar  1 12:11 outpsfheader
lrwxrwxrwx 1 root root     9 Mar  1 12:11 psfaddtable -> psfxtable
lrwxrwxrwx 1 root root     9 Mar  1 12:11 psfgettable -> psfxtable
lrwxrwxrwx 1 root root     9 Mar  1 12:11 psfstriptable -> psfxtable
-rwxr-xr-x 1 root root 26992 Mar  1 12:11 psfxtable
-rwxr-xr-x 1 root root 14544 Mar  1 12:11 screendump
-rwxr-xr-x 1 root root  5030 Mar  1 12:11 setconsolefont
-rwxr-xr-x 1 root root 51728 Mar  1 12:11 setfont
-rwxr-xr-x 1 root root 14608 Mar  1 12:11 setkeycodes
-rwxr-xr-x 1 root root 18664 Mar  1 12:11 setleds
-rwxr-xr-x 1 root root 14608 Mar  1 12:11 setlogcons
-rwxr-xr-x 1 root root 14760 Mar  1 12:11 setmetamode
-rwxr-xr-x 1 root root 14600 Mar  1 12:11 setpalette
-rwxr-xr-x 1 root root 14592 Mar  1 12:11 setvesablank
-rwxr-xr-x 1 root root 14712 Mar  1 12:11 setvtrgb
-rwxr-xr-x 1 root root 22848 Mar  1 12:11 showconsolefont
-rwxr-xr-x 1 root root 18752 Mar  1 12:11 showkey
-rwxr-xr-x 1 root root 14512 Mar  1 12:11 spawn_console
-rwxr-xr-x 1 root root 14512 Mar  1 12:11 spawn_login
-rwxr-xr-x 1 root root  2435 Mar  1 12:11 unicode_start
-rwxr-xr-x 1 root root   361 Mar  1 12:11 unicode_stop
-rwxr-xr-x 1 root root 23168 Mar  1 12:11 vlock

/home/sektor/projects/slackbuilds/a/kbd/pkg/usr/doc:
total 0
drwxr-xr-x 1 root root 88 Mar  1 12:11 kbd-2.6.3

/home/sektor/projects/slackbuilds/a/kbd/pkg/usr/doc/kbd-2.6.3:
total 40
-rw-r--r-- 1 root root    18 Aug  9  2023 AUTHORS
-rw-r--r-- 1 root root 18092 Aug  9  2023 COPYING
-rw-r--r-- 1 root root  2530 Aug  9  2023 CREDITS
-rw-r--r-- 1 root root    29 Aug  9  2023 ChangeLog
-rw-r--r-- 1 root root    29 Aug  9  2023 NEWS
-rw-r--r-- 1 root root  2446 Aug  9  2023 README
drwxr-xr-x 1 root root  2028 Mar  1 12:11 html

/home/sektor/projects/slackbuilds/a/kbd/pkg/usr/doc/kbd-2.6.3/html:
total 728
-rw-r--r-- 1 root root   2411 Mar  1 12:11 Doxyheader.html
-rw-r--r-- 1 root root   3058 Mar  1 12:11 annotated.html
-rw-r--r-- 1 root root  15612 Mar  1 12:11 array_8h.html
-rw-r--r-- 1 root root  13204 Mar  1 12:11 array_8h_source.html
-rw-r--r-- 1 root root    676 Mar  1 12:11 bc_s.png
-rw-r--r-- 1 root root    147 Mar  1 12:11 bdwn.png
-rw-r--r-- 1 root root   7504 Mar  1 12:11 charset_8h.html
-rw-r--r-- 1 root root   5862 Mar  1 12:11 charset_8h_source.html
-rw-r--r-- 1 root root   2565 Mar  1 12:11 classes.html
-rw-r--r-- 1 root root    132 Mar  1 12:11 closed.png
-rw-r--r-- 1 root root  14219 Mar  1 12:11 common_8h.html
-rw-r--r-- 1 root root  10355 Mar  1 12:11 common_8h_source.html
-rw-r--r-- 1 root root   9925 Mar  1 12:11 context_8h.html
-rw-r--r-- 1 root root  13836 Mar  1 12:11 context_8h_source.html
-rw-r--r-- 1 root root   2756 Mar  1 12:11 dir_3023c0a2bf5f8a69a2e782253c163d72.html
-rw-r--r-- 1 root root   2640 Mar  1 12:11 dir_49e56c817e5e54854c35e136979f97ca.html
-rw-r--r-- 1 root root   2827 Mar  1 12:11 dir_4bd0647920563407f6428cd81f4b239d.html
-rw-r--r-- 1 root root   2751 Mar  1 12:11 dir_5ba4a5643591dc5dc7d346d490557182.html
-rw-r--r-- 1 root root   6067 Mar  1 12:11 dir_62c7a06ab6d0517e94baecab48e4799d.html
-rw-r--r-- 1 root root   2637 Mar  1 12:11 dir_68267d1309a1af8e8297ef4c3efbcdba.html
-rw-r--r-- 1 root root    746 Mar  1 12:11 doc.png
-rw-r--r-- 1 root root  33674 Mar  1 12:11 doxygen.css
-rw-r--r-- 1 root root  15382 Mar  1 12:11 doxygen.svg
-rw-r--r-- 1 root root  31848 Mar  1 12:11 dump_8h.html
-rw-r--r-- 1 root root  27284 Mar  1 12:11 dump_8h_source.html
-rw-r--r-- 1 root root   4452 Mar  1 12:11 dynsections.js
-rw-r--r-- 1 root root   7426 Mar  1 12:11 files.html
-rw-r--r-- 1 root root    616 Mar  1 12:11 folderclosed.png
-rw-r--r-- 1 root root    597 Mar  1 12:11 folderopen.png
-rw-r--r-- 1 root root   3935 Mar  1 12:11 functions.html
-rw-r--r-- 1 root root   3827 Mar  1 12:11 functions_vars.html
-rw-r--r-- 1 root root  11615 Mar  1 12:11 globals.html
-rw-r--r-- 1 root root   2268 Mar  1 12:11 globals_defs.html
-rw-r--r-- 1 root root   2252 Mar  1 12:11 globals_enum.html
-rw-r--r-- 1 root root   3798 Mar  1 12:11 globals_eval.html
-rw-r--r-- 1 root root   8577 Mar  1 12:11 globals_func.html
-rw-r--r-- 1 root root   2255 Mar  1 12:11 globals_type.html
-rw-r--r-- 1 root root   2012 Mar  1 12:11 index.html
-rw-r--r-- 1 root root 176813 Mar  1 12:11 jquery.js
-rw-r--r-- 1 root root  11757 Mar  1 12:11 kernel_8h.html
-rw-r--r-- 1 root root   8350 Mar  1 12:11 kernel_8h_source.html
-rw-r--r-- 1 root root  33561 Mar  1 12:11 kmap_8h.html
-rw-r--r-- 1 root root  22757 Mar  1 12:11 kmap_8h_source.html
-rw-r--r-- 1 root root   8243 Mar  1 12:11 logging_8h.html
-rw-r--r-- 1 root root   8426 Mar  1 12:11 logging_8h_source.html
-rw-r--r-- 1 root root   5687 Mar  1 12:11 menu.js
-rw-r--r-- 1 root root   2175 Mar  1 12:11 menudata.js
-rw-r--r-- 1 root root    153 Mar  1 12:11 nav_f.png
-rw-r--r-- 1 root root     95 Mar  1 12:11 nav_g.png
-rw-r--r-- 1 root root     98 Mar  1 12:11 nav_h.png
-rw-r--r-- 1 root root    123 Mar  1 12:11 open.png
-rw-r--r-- 1 root root    314 Mar  1 12:11 splitbar.png
-rw-r--r-- 1 root root  10684 Mar  1 12:11 structkmapinfo.html
-rw-r--r-- 1 root root   6215 Mar  1 12:11 structlk__array.html
-rw-r--r-- 1 root root   5245 Mar  1 12:11 structlk__kbdiacr.html
-rw-r--r-- 1 root root    853 Mar  1 12:11 sync_off.png
-rw-r--r-- 1 root root    845 Mar  1 12:11 sync_on.png
-rw-r--r-- 1 root root    142 Mar  1 12:11 tab_a.png
-rw-r--r-- 1 root root    169 Mar  1 12:11 tab_b.png
-rw-r--r-- 1 root root    177 Mar  1 12:11 tab_h.png
-rw-r--r-- 1 root root    184 Mar  1 12:11 tab_s.png
-rw-r--r-- 1 root root  10453 Mar  1 12:11 tabs.css

/home/sektor/projects/slackbuilds/a/kbd/pkg/usr/include:
total 8
-rw-r--r-- 1 root root 1759 Mar  1 12:11 kbdfile.h
drwxr-xr-x 1 root root  124 Mar  1 12:11 keymap
-rw-r--r-- 1 root root  255 Mar  1 12:11 keymap.h

/home/sektor/projects/slackbuilds/a/kbd/pkg/usr/include/keymap:
total 36
-rw-r--r-- 1 root root  937 Mar  1 12:11 array.h
-rw-r--r-- 1 root root  855 Mar  1 12:11 charset.h
-rw-r--r-- 1 root root 1819 Mar  1 12:11 common.h
-rw-r--r-- 1 root root 1073 Mar  1 12:11 context.h
-rw-r--r-- 1 root root 4177 Mar  1 12:11 dump.h
-rw-r--r-- 1 root root 1395 Mar  1 12:11 kernel.h
-rw-r--r-- 1 root root 2154 Mar  1 12:11 kmap.h
-rw-r--r-- 1 root root  854 Mar  1 12:11 logging.h

/home/sektor/projects/slackbuilds/a/kbd/pkg/usr/lib64:
total 248
lrwxrwxrwx 1 root root     19 Mar  1 12:11 libkbdfile.so -> libkbdfile.so.1.0.0
lrwxrwxrwx 1 root root     19 Mar  1 12:11 libkbdfile.so.1 -> libkbdfile.so.1.0.0
-rwxr-xr-x 1 root root  22856 Mar  1 12:11 libkbdfile.so.1.0.0
lrwxrwxrwx 1 root root     18 Mar  1 12:11 libkeymap.so -> libkeymap.so.1.0.0
lrwxrwxrwx 1 root root     18 Mar  1 12:11 libkeymap.so.1 -> libkeymap.so.1.0.0
-rwxr-xr-x 1 root root 211568 Mar  1 12:11 libkeymap.so.1.0.0
drwxr-xr-x 1 root root     24 Mar  1 12:11 pkgconfig

/home/sektor/projects/slackbuilds/a/kbd/pkg/usr/lib64/pkgconfig:
total 4
-rw-r--r-- 1 root root 237 Mar  1 12:11 libkeymap.pc

/home/sektor/projects/slackbuilds/a/kbd/pkg/usr/man:
total 0
drwxr-xr-x 1 root root 580 Mar  1 12:11 man1
drwxr-xr-x 1 root root  24 Mar  1 12:11 man5
drwxr-xr-x 1 root root 404 Mar  1 12:11 man8

/home/sektor/projects/slackbuilds/a/kbd/pkg/usr/man/man1:
total 84
-rw-r--r-- 1 root root  424 Mar  1 12:11 chvt.1.gz
-rw-r--r-- 1 root root  487 Mar  1 12:11 codepage.1.gz
-rw-r--r-- 1 root root  479 Mar  1 12:11 deallocvt.1.gz
-rw-r--r-- 1 root root 2339 Mar  1 12:11 dumpkeys.1.gz
-rw-r--r-- 1 root root  556 Mar  1 12:11 fgconsole.1.gz
-rw-r--r-- 1 root root  806 Mar  1 12:11 kbd_mode.1.gz
-rw-r--r-- 1 root root  986 Mar  1 12:11 kbdinfo.1.gz
-rw-r--r-- 1 root root 2422 Mar  1 12:11 loadkeys.1.gz
-rw-r--r-- 1 root root 1246 Mar  1 12:11 openvt.1.gz
-rw-r--r-- 1 root root  784 Mar  1 12:11 psfaddtable.1.gz
-rw-r--r-- 1 root root  366 Mar  1 12:11 psfgettable.1.gz
-rw-r--r-- 1 root root  373 Mar  1 12:11 psfstriptable.1.gz
-rw-r--r-- 1 root root  704 Mar  1 12:11 psfxtable.1.gz
-rw-r--r-- 1 root root  575 Mar  1 12:11 screendump.1.gz
-rw-r--r-- 1 root root 1077 Mar  1 12:11 setleds.1.gz
-rw-r--r-- 1 root root  667 Mar  1 12:11 setmetamode.1.gz
-rw-r--r-- 1 root root 1603 Mar  1 12:11 showkey.1.gz
-rw-r--r-- 1 root root  346 Mar  1 12:11 splitfont.1.gz
-rw-r--r-- 1 root root  692 Mar  1 12:11 unicode_start.1.gz
-rw-r--r-- 1 root root  338 Mar  1 12:11 unicode_stop.1.gz
-rw-r--r-- 1 root root  903 Mar  1 12:11 vlock.1.gz

/home/sektor/projects/slackbuilds/a/kbd/pkg/usr/man/man5:
total 8
-rw-r--r-- 1 root root 4937 Mar  1 12:11 keymaps.5.gz

/home/sektor/projects/slackbuilds/a/kbd/pkg/usr/man/man8:
total 56
-rw-r--r-- 1 root root  365 Mar  1 12:11 clrunimap.8.gz
-rw-r--r-- 1 root root  252 Mar  1 12:11 getkeycodes.8.gz
-rw-r--r-- 1 root root  691 Mar  1 12:11 getunimap.8.gz
-rw-r--r-- 1 root root 1203 Mar  1 12:11 kbdrate.8.gz
-rw-r--r-- 1 root root  600 Mar  1 12:11 loadunimap.8.gz
-rw-r--r-- 1 root root 1512 Mar  1 12:11 mapscrn.8.gz
-rw-r--r-- 1 root root  577 Mar  1 12:11 mk_modmap.8.gz
-rw-r--r-- 1 root root 3184 Mar  1 12:11 setfont.8.gz
-rw-r--r-- 1 root root 1163 Mar  1 12:11 setkeycodes.8.gz
-rw-r--r-- 1 root root  343 Mar  1 12:11 setlogcons.8.gz
-rw-r--r-- 1 root root  347 Mar  1 12:11 setvesablank.8.gz
-rw-r--r-- 1 root root  805 Mar  1 12:11 setvtrgb.8.gz
-rw-r--r-- 1 root root  420 Mar  1 12:11 showconsolefont.8.gz
-rw-r--r-- 1 root root  429 Mar  1 12:11 vcstime.8.gz

/home/sektor/projects/slackbuilds/a/kbd/pkg/usr/share:
total 0
drwxr-xr-x 1 root root  76 Aug 21  1999 kbd
drwxr-xr-x 1 root root 100 Mar  1 12:11 locale

/home/sektor/projects/slackbuilds/a/kbd/pkg/usr/share/kbd:
total 0
drwxr-xr-x 1 root root 6846 Aug 20  1999 consolefonts
drwxr-xr-x 1 root root 1646 Mar  1 12:11 consoletrans
drwxr-xr-x 1 root root   68 Mar  1 12:11 keymaps
drwxr-xr-x 1 root root 1396 Mar  1 12:11 unimaps

/home/sektor/projects/slackbuilds/a/kbd/pkg/usr/share/kbd/consolefonts:
total 1000
-rw-r--r-- 1 root root  3019 Mar  1 12:11 161.cp.gz
-rw-r--r-- 1 root root  3086 Mar  1 12:11 162.cp.gz
-rw-r--r-- 1 root root  3069 Mar  1 12:11 163.cp.gz
-rw-r--r-- 1 root root  3136 Mar  1 12:11 164.cp.gz
-rw-r--r-- 1 root root  3247 Mar  1 12:11 165.cp.gz
-rw-r--r-- 1 root root  2948 Mar  1 12:11 737.cp.gz
-rw-r--r-- 1 root root  2914 Mar  1 12:11 880.cp.gz
-rw-r--r-- 1 root root  2759 Mar  1 12:11 928.cp.gz
-rw-r--r-- 1 root root  2159 Mar  1 12:11 972.cp.gz
-rw-r--r-- 1 root root  3791 Mar  1 12:11 Agafari-12.psfu.gz
-rw-r--r-- 1 root root  3839 Mar  1 12:11 Agafari-14.psfu.gz
-rw-r--r-- 1 root root  3904 Mar  1 12:11 Agafari-16.psfu.gz
-rw-r--r-- 1 root root  1985 Mar  1 12:11 Cyr_a8x14.psfu.gz
-rw-r--r-- 1 root root  2020 Mar  1 12:11 Cyr_a8x16.psfu.gz
-rw-r--r-- 1 root root  1751 Mar  1 12:11 Cyr_a8x8.psfu.gz
-rw-r--r-- 1 root root   191 Mar  1 12:11 ERRORS
-rw-r--r-- 1 root root  3702 Mar  1 12:11 Goha-12.psfu.gz
-rw-r--r-- 1 root root  3715 Mar  1 12:11 Goha-14.psfu.gz
-rw-r--r-- 1 root root  3779 Mar  1 12:11 Goha-16.psfu.gz
-rw-r--r-- 1 root root  3698 Mar  1 12:11 GohaClassic-12.psfu.gz
-rw-r--r-- 1 root root  3724 Mar  1 12:11 GohaClassic-14.psfu.gz
-rw-r--r-- 1 root root  3789 Mar  1 12:11 GohaClassic-16.psfu.gz
-rw-r--r-- 1 root root  2022 Mar  1 12:11 Lat2-Terminus16.psfu.gz
-rw-r--r-- 1 root root  3584 Mar  1 12:11 LatArCyrHeb-08.psfu.gz
-rw-r--r-- 1 root root  4089 Mar  1 12:11 LatArCyrHeb-14.psfu.gz
-rw-r--r-- 1 root root  4184 Mar  1 12:11 LatArCyrHeb-16+.psfu.gz
-rw-r--r-- 1 root root  4096 Mar  1 12:11 LatArCyrHeb-16.psfu.gz
-rw-r--r-- 1 root root  4260 Mar  1 12:11 LatArCyrHeb-19.psfu.gz
-rw-r--r-- 1 root root  6004 Mar  1 12:11 LatGrkCyr-12x22.psfu.gz
-rw-r--r-- 1 root root  3813 Mar  1 12:11 LatGrkCyr-8x16.psfu.gz
-rw-r--r-- 1 root root  4113 Mar  1 12:11 LatKaCyrHeb-14.psfu.gz
-rw-r--r-- 1 root root  1387 Mar  1 12:11 Mik_8x16.gz
-rw-r--r-- 1 root root   178 Mar  1 12:11 README.12x22
-rw-r--r-- 1 root root   256 Mar  1 12:11 README.Arabic
-rw-r--r-- 1 root root  1846 Mar  1 12:11 README.Cyrillic
-rw-r--r-- 1 root root  1092 Mar  1 12:11 README.Ethiopic
-rw-r--r-- 1 root root   868 Mar  1 12:11 README.Greek
-rw-r--r-- 1 root root   130 Mar  1 12:11 README.Hebrew
-rw-r--r-- 1 root root 11134 Mar  1 12:11 README.Lat2-Terminus16
-rw-r--r-- 1 root root  3863 Mar  1 12:11 README.LatGrkCyr
-rw-r--r-- 1 root root  1159 Mar  1 12:11 README.Sun
-rw-r--r-- 1 root root   333 Mar  1 12:11 README.cp1250
-rw-r--r-- 1 root root   917 Mar  1 12:11 README.cybercafe
-rw-r--r-- 1 root root   202 Mar  1 12:11 README.drdos
-rw-r--r-- 1 root root 53627 Mar  1 12:11 README.eurlatgr
-rw-r--r-- 1 root root  7811 Mar  1 12:11 README.eurlatgr.mappings
-rw-r--r-- 1 root root  1084 Aug 20  1999 README.extraf
-rw-r--r-- 1 root root   449 Mar  1 12:11 README.lat0
-rw-r--r-- 1 root root   376 Mar  1 12:11 README.lat7
-rw-r--r-- 1 root root  3143 Mar  1 12:11 README.lat9
-rw-r--r-- 1 root root   326 Mar  1 12:11 README.psfu
-rw-r--r-- 1 root root  2709 Mar  1 12:11 UniCyrExt_8x16.psf.gz
-rw-r--r-- 1 root root  1929 Mar  1 12:11 UniCyr_8x14.psf.gz
-rw-r--r-- 1 root root  1996 Mar  1 12:11 UniCyr_8x16.psf.gz
-rw-r--r-- 1 root root  1728 Mar  1 12:11 UniCyr_8x8.psf.gz
-rw-r--r-- 1 root root  1290 Mar  1 12:11 alt-8x14.gz
-rw-r--r-- 1 root root  1488 Mar  1 12:11 alt-8x16.gz
-rw-r--r-- 1 root root  1084 Mar  1 12:11 alt-8x8.gz
-rw-r--r-- 1 root root  1415 Mar  1 12:11 altc-8x16.gz
-rw-r--r-- 1 root root  1114 Mar  1 12:11 aply16.psf.gz
-rw-r--r-- 1 root root  1593 Mar  1 12:11 arm8.fnt.gz
-rw-r--r-- 1 root root  1384 Aug 21  1999 b.fnt.gz
-rw-r--r-- 1 root root  1488 Aug 21  1999 c.fnt.gz
-rw-r--r-- 1 root root  1877 Mar  1 12:11 cp1250.psfu.gz
-rw-r--r-- 1 root root  1963 Mar  1 12:11 cp850-8x14.psfu.gz
-rw-r--r-- 1 root root  2025 Mar  1 12:11 cp850-8x16.psfu.gz
-rw-r--r-- 1 root root  1760 Mar  1 12:11 cp850-8x8.psfu.gz
-rw-r--r-- 1 root root  1106 Mar  1 12:11 cp857.08.gz
-rw-r--r-- 1 root root  1282 Mar  1 12:11 cp857.14.gz
-rw-r--r-- 1 root root  1342 Mar  1 12:11 cp857.16.gz
-rw-r--r-- 1 root root  1989 Mar  1 12:11 cp865-8x14.psfu.gz
-rw-r--r-- 1 root root  2050 Mar  1 12:11 cp865-8x16.psfu.gz
-rw-r--r-- 1 root root  1768 Mar  1 12:11 cp865-8x8.psfu.gz
-rw-r--r-- 1 root root  1329 Mar  1 12:11 cp866-8x14.psf.gz
-rw-r--r-- 1 root root  1351 Mar  1 12:11 cp866-8x16.psf.gz
-rw-r--r-- 1 root root  1112 Mar  1 12:11 cp866-8x8.psf.gz
-rw-r--r-- 1 root root  1212 Mar  1 12:11 cybercafe.fnt.gz
-rw-r--r-- 1 root root  2070 Mar  1 12:11 cyr-sun16.psfu.gz
-rw-r--r-- 1 root root  2076 Mar  1 12:11 default8x16.psfu.gz
-rw-r--r-- 1 root root  1879 Mar  1 12:11 default8x9.psfu.gz
-rw-r--r-- 1 root root  3412 Mar  1 12:11 drdos8x14.psfu.gz
-rw-r--r-- 1 root root  3486 Mar  1 12:11 drdos8x16.psfu.gz
-rw-r--r-- 1 root root  2558 Mar  1 12:11 drdos8x6.psfu.gz
-rw-r--r-- 1 root root  3065 Mar  1 12:11 drdos8x8.psfu.gz
-rw-r--r-- 1 root root  4126 Mar  1 12:11 eurlatgr.psfu.gz
-rw-r--r-- 1 root root  1707 Mar  1 12:11 gr737a-8x8.psfu.gz
-rw-r--r-- 1 root root  1915 Mar  1 12:11 gr737a-9x14.psfu.gz
-rw-r--r-- 1 root root  1975 Mar  1 12:11 gr737a-9x16.psfu.gz
-rw-r--r-- 1 root root  1819 Mar  1 12:11 gr737b-8x11.psfu.gz
-rw-r--r-- 1 root root  2137 Mar  1 12:11 gr737b-9x16-medieval.psfu.gz
-rw-r--r-- 1 root root  1932 Mar  1 12:11 gr737c-8x14.psfu.gz
-rw-r--r-- 1 root root  1970 Mar  1 12:11 gr737c-8x16.psfu.gz
-rw-r--r-- 1 root root  1516 Mar  1 12:11 gr737c-8x6.psfu.gz
-rw-r--r-- 1 root root  1563 Mar  1 12:11 gr737c-8x7.psfu.gz
-rw-r--r-- 1 root root  1743 Mar  1 12:11 gr737c-8x8.psfu.gz
-rw-r--r-- 1 root root  1970 Mar  1 12:11 gr737d-8x16.psfu.gz
-rw-r--r-- 1 root root  1737 Mar  1 12:11 gr928-8x16-thin.psfu.gz
-rw-r--r-- 1 root root  1774 Mar  1 12:11 gr928-9x14.psfu.gz
-rw-r--r-- 1 root root  1809 Mar  1 12:11 gr928-9x16.psfu.gz
-rw-r--r-- 1 root root  1784 Mar  1 12:11 gr928a-8x14.psfu.gz
-rw-r--r-- 1 root root  1824 Mar  1 12:11 gr928a-8x16.psfu.gz
-rw-r--r-- 1 root root  2057 Mar  1 12:11 gr928b-8x14.psfu.gz
-rw-r--r-- 1 root root  2100 Mar  1 12:11 gr928b-8x16.psfu.gz
-rw-r--r-- 1 root root  3162 Mar  1 12:11 greek-polytonic.psfu.gz
-rw-r--r-- 1 root root  3211 Mar  1 12:11 iso01-12x22.psfu.gz
-rw-r--r-- 1 root root    85 Mar  1 12:11 iso01.08.gz
-rw-r--r-- 1 root root    85 Mar  1 12:11 iso01.14.gz
-rw-r--r-- 1 root root    85 Mar  1 12:11 iso01.16.gz
-rw-r--r-- 1 root root  3211 Mar  1 12:11 iso02-12x22.psfu.gz
-rw-r--r-- 1 root root    85 Mar  1 12:11 iso02.08.gz
-rw-r--r-- 1 root root    85 Mar  1 12:11 iso02.14.gz
-rw-r--r-- 1 root root    85 Mar  1 12:11 iso02.16.gz
-rw-r--r-- 1 root root    85 Mar  1 12:11 iso03.08.gz
-rw-r--r-- 1 root root    85 Mar  1 12:11 iso03.14.gz
-rw-r--r-- 1 root root    85 Mar  1 12:11 iso03.16.gz
-rw-r--r-- 1 root root    85 Mar  1 12:11 iso04.08.gz
-rw-r--r-- 1 root root    85 Mar  1 12:11 iso04.14.gz
-rw-r--r-- 1 root root    85 Mar  1 12:11 iso04.16.gz
-rw-r--r-- 1 root root    85 Mar  1 12:11 iso05.08.gz
-rw-r--r-- 1 root root    85 Mar  1 12:11 iso05.14.gz
-rw-r--r-- 1 root root    85 Mar  1 12:11 iso05.16.gz
-rw-r--r-- 1 root root    85 Mar  1 12:11 iso06.08.gz
-rw-r--r-- 1 root root    85 Mar  1 12:11 iso06.14.gz
-rw-r--r-- 1 root root    85 Mar  1 12:11 iso06.16.gz
-rw-r--r-- 1 root root    85 Mar  1 12:11 iso07.14.gz
-rw-r--r-- 1 root root    85 Mar  1 12:11 iso07.16.gz
-rw-r--r-- 1 root root  2082 Mar  1 12:11 iso07u-16.psfu.gz
-rw-r--r-- 1 root root    85 Mar  1 12:11 iso08.08.gz
-rw-r--r-- 1 root root    85 Mar  1 12:11 iso08.14.gz
-rw-r--r-- 1 root root    85 Mar  1 12:11 iso08.16.gz
-rw-r--r-- 1 root root    85 Mar  1 12:11 iso09.08.gz
-rw-r--r-- 1 root root    85 Mar  1 12:11 iso09.14.gz
-rw-r--r-- 1 root root    85 Mar  1 12:11 iso09.16.gz
-rw-r--r-- 1 root root    86 Mar  1 12:11 iso10.08.gz
-rw-r--r-- 1 root root    86 Mar  1 12:11 iso10.14.gz
-rw-r--r-- 1 root root    86 Mar  1 12:11 iso10.16.gz
-rw-r--r-- 1 root root  1261 Mar  1 12:11 koi8-14.psf.gz
-rw-r--r-- 1 root root  1412 Mar  1 12:11 koi8c-8x16.gz
-rw-r--r-- 1 root root  1299 Mar  1 12:11 koi8r-8x14.gz
-rw-r--r-- 1 root root  1493 Mar  1 12:11 koi8r-8x16.gz
-rw-r--r-- 1 root root  1090 Mar  1 12:11 koi8r-8x8.gz
-rw-r--r-- 1 root root  1768 Mar  1 12:11 koi8r.8x8.psfu.gz
-rw-r--r-- 1 root root  2090 Mar  1 12:11 koi8u_8x14.psfu.gz
-rw-r--r-- 1 root root  2111 Mar  1 12:11 koi8u_8x16.psfu.gz
-rw-r--r-- 1 root root  1835 Mar  1 12:11 koi8u_8x8.psfu.gz
-rw-r--r-- 1 root root  1790 Mar  1 12:11 lat0-08.psfu.gz
-rw-r--r-- 1 root root  1868 Mar  1 12:11 lat0-10.psfu.gz
-rw-r--r-- 1 root root  1978 Mar  1 12:11 lat0-12.psfu.gz
-rw-r--r-- 1 root root  2011 Mar  1 12:11 lat0-14.psfu.gz
-rw-r--r-- 1 root root  2063 Mar  1 12:11 lat0-16.psfu.gz
-rw-r--r-- 1 root root  1989 Mar  1 12:11 lat0-sun16.psfu.gz
-rw-r--r-- 1 root root  1779 Mar  1 12:11 lat1-08.psfu.gz
-rw-r--r-- 1 root root  1861 Mar  1 12:11 lat1-10.psfu.gz
-rw-r--r-- 1 root root  1964 Mar  1 12:11 lat1-12.psfu.gz
-rw-r--r-- 1 root root  1998 Mar  1 12:11 lat1-14.psfu.gz
-rw-r--r-- 1 root root  2076 Mar  1 12:11 lat1-16.psfu.gz
-rw-r--r-- 1 root root  1748 Mar  1 12:11 lat2-08.psfu.gz
-rw-r--r-- 1 root root  1868 Mar  1 12:11 lat2-10.psfu.gz
-rw-r--r-- 1 root root  1910 Mar  1 12:11 lat2-12.psfu.gz
-rw-r--r-- 1 root root  1982 Mar  1 12:11 lat2-14.psfu.gz
-rw-r--r-- 1 root root  1991 Mar  1 12:11 lat2-16.psfu.gz
-rw-r--r-- 1 root root  1984 Mar  1 12:11 lat2-sun16.psfu.gz
-rw-r--r-- 1 root root  2018 Mar  1 12:11 lat2a-16.psfu.gz
-rw-r--r-- 1 root root  1821 Mar  1 12:11 lat4-08.psfu.gz
-rw-r--r-- 1 root root  1925 Mar  1 12:11 lat4-10.psfu.gz
-rw-r--r-- 1 root root  1995 Mar  1 12:11 lat4-12.psfu.gz
-rw-r--r-- 1 root root  2046 Mar  1 12:11 lat4-14.psfu.gz
-rw-r--r-- 1 root root  2151 Mar  1 12:11 lat4-16+.psfu.gz
-rw-r--r-- 1 root root  2057 Mar  1 12:11 lat4-16.psfu.gz
-rw-r--r-- 1 root root  2197 Mar  1 12:11 lat4-19.psfu.gz
-rw-r--r-- 1 root root  1820 Mar  1 12:11 lat4a-08.psfu.gz
-rw-r--r-- 1 root root  1927 Mar  1 12:11 lat4a-10.psfu.gz
-rw-r--r-- 1 root root  1995 Mar  1 12:11 lat4a-12.psfu.gz
-rw-r--r-- 1 root root  2048 Mar  1 12:11 lat4a-14.psfu.gz
-rw-r--r-- 1 root root  2152 Mar  1 12:11 lat4a-16+.psfu.gz
-rw-r--r-- 1 root root  2054 Mar  1 12:11 lat4a-16.psfu.gz
-rw-r--r-- 1 root root  2193 Mar  1 12:11 lat4a-19.psfu.gz
-rw-r--r-- 1 root root  1965 Mar  1 12:11 lat5-12.psfu.gz
-rw-r--r-- 1 root root  1995 Mar  1 12:11 lat5-14.psfu.gz
-rw-r--r-- 1 root root  2061 Mar  1 12:11 lat5-16.psfu.gz
-rw-r--r-- 1 root root  1838 Mar  1 12:11 lat7-14.psfu.gz
-rw-r--r-- 1 root root  2083 Mar  1 12:11 lat7a-14.psfu.gz
-rw-r--r-- 1 root root  1372 Mar  1 12:11 lat7a-16.psf.gz
-rw-r--r-- 1 root root  1099 Mar  1 12:11 lat9-08.psf.gz
-rw-r--r-- 1 root root  1175 Mar  1 12:11 lat9-10.psf.gz
-rw-r--r-- 1 root root  1290 Mar  1 12:11 lat9-12.psf.gz
-rw-r--r-- 1 root root  1308 Mar  1 12:11 lat9-14.psf.gz
-rw-r--r-- 1 root root  1364 Mar  1 12:11 lat9-16.psf.gz
-rw-r--r-- 1 root root  1783 Mar  1 12:11 lat9u-08.psfu.gz
-rw-r--r-- 1 root root  1865 Mar  1 12:11 lat9u-10.psfu.gz
-rw-r--r-- 1 root root  1976 Mar  1 12:11 lat9u-12.psfu.gz
-rw-r--r-- 1 root root  2009 Mar  1 12:11 lat9u-14.psfu.gz
-rw-r--r-- 1 root root  2061 Mar  1 12:11 lat9u-16.psfu.gz
-rw-r--r-- 1 root root  1771 Mar  1 12:11 lat9v-08.psfu.gz
-rw-r--r-- 1 root root  1853 Mar  1 12:11 lat9v-10.psfu.gz
-rw-r--r-- 1 root root  1973 Mar  1 12:11 lat9v-12.psfu.gz
-rw-r--r-- 1 root root  1999 Mar  1 12:11 lat9v-14.psfu.gz
-rw-r--r-- 1 root root  2054 Mar  1 12:11 lat9v-16.psfu.gz
-rw-r--r-- 1 root root  1787 Mar  1 12:11 lat9w-08.psfu.gz
-rw-r--r-- 1 root root  1870 Mar  1 12:11 lat9w-10.psfu.gz
-rw-r--r-- 1 root root  1989 Mar  1 12:11 lat9w-12.psfu.gz
-rw-r--r-- 1 root root  2015 Mar  1 12:11 lat9w-14.psfu.gz
-rw-r--r-- 1 root root  2069 Mar  1 12:11 lat9w-16.psfu.gz
-rw-r--r-- 1 root root  3803 Mar  1 12:11 latarcyrheb-sun16.psfu.gz
-rw-r--r-- 1 root root  5171 Mar  1 12:11 latarcyrheb-sun32.psfu.gz
-rw-r--r-- 1 root root  1380 Aug 21  1999 m.fnt.gz
-rw-r--r-- 1 root root  1429 Aug 21  1999 ml.fnt.gz
-rw-r--r-- 1 root root  1357 Aug 21  1999 mod_d.fnt.gz
-rw-r--r-- 1 root root  1349 Aug 21  1999 mod_s.fnt.gz
-rw-r--r-- 1 root root  1443 Aug 21  1999 mr.fnt.gz
-rw-r--r-- 1 root root  1400 Aug 21  1999 mu.fnt.gz
-rw-r--r-- 1 root root  3412 Mar  1 12:11 pancyrillic.f16.psfu.gz
drwxr-xr-x 1 root root  1386 Mar  1 12:11 partialfonts
-rw-r--r-- 1 root root  1603 Aug 21  1999 r.fnt.gz
-rw-r--r-- 1 root root  1656 Aug 21  1999 rl.fnt.gz
-rw-r--r-- 1 root root  1613 Aug 21  1999 ro.fnt.gz
-rw-r--r-- 1 root root  2084 Mar  1 12:11 ruscii_8x16.psfu.gz
-rw-r--r-- 1 root root  2059 Mar  1 12:11 ruscii_8x8.psfu.gz
-rw-r--r-- 1 root root  1364 Aug 21  1999 s.fnt.gz
-rw-r--r-- 1 root root  1959 Aug 21  1999 sc.fnt.gz
-rw-r--r-- 1 root root  1773 Aug 21  1999 scrawl_s.fnt.gz
-rw-r--r-- 1 root root  1901 Aug 21  1999 scrawl_w.fnt.gz
-rw-r--r-- 1 root root  1375 Aug 21  1999 sd.fnt.gz
-rw-r--r-- 1 root root  3928 Mar  1 12:11 solar24x32.psfu.gz
-rw-r--r-- 1 root root  3287 Mar  1 12:11 sun12x22.psfu.gz
-rw-r--r-- 1 root root  1467 Mar  1 12:11 t.fnt.gz
-rw-r--r-- 1 root root  1515 Mar  1 12:11 t850b.fnt.gz
-rw-r--r-- 1 root root  1363 Mar  1 12:11 tcvn8x16.psf.gz
-rw-r--r-- 1 root root  1891 Mar  1 12:11 viscii10-8x16.psfu.gz

/home/sektor/projects/slackbuilds/a/kbd/pkg/usr/share/kbd/consolefonts/partialfonts:
total 156
-rw-r--r-- 1 root root 693 Mar  1 12:11 8859-1.a0-ff.08.gz
-rw-r--r-- 1 root root 805 Mar  1 12:11 8859-1.a0-ff.14.gz
-rw-r--r-- 1 root root 812 Mar  1 12:11 8859-1.a0-ff.16.gz
-rw-r--r-- 1 root root 710 Mar  1 12:11 8859-10.a0-ff.08.gz
-rw-r--r-- 1 root root 818 Mar  1 12:11 8859-10.a0-ff.14.gz
-rw-r--r-- 1 root root 825 Mar  1 12:11 8859-10.a0-ff.16.gz
-rw-r--r-- 1 root root 713 Mar  1 12:11 8859-2.a0-ff.08.gz
-rw-r--r-- 1 root root 803 Mar  1 12:11 8859-2.a0-ff.14.gz
-rw-r--r-- 1 root root 800 Mar  1 12:11 8859-2.a0-ff.16.gz
-rw-r--r-- 1 root root 659 Mar  1 12:11 8859-3.a0-ff.08.gz
-rw-r--r-- 1 root root 744 Mar  1 12:11 8859-3.a0-ff.14.gz
-rw-r--r-- 1 root root 752 Mar  1 12:11 8859-3.a0-ff.16.gz
-rw-r--r-- 1 root root 707 Mar  1 12:11 8859-4.a0-ff.08.gz
-rw-r--r-- 1 root root 819 Mar  1 12:11 8859-4.a0-ff.14.gz
-rw-r--r-- 1 root root 822 Mar  1 12:11 8859-4.a0-ff.16.gz
-rw-r--r-- 1 root root 709 Mar  1 12:11 8859-5.a0-ff.08.gz
-rw-r--r-- 1 root root 800 Mar  1 12:11 8859-5.a0-ff.14.gz
-rw-r--r-- 1 root root 825 Mar  1 12:11 8859-5.a0-ff.16.gz
-rw-r--r-- 1 root root 436 Mar  1 12:11 8859-6.a0-ff.08.gz
-rw-r--r-- 1 root root 498 Mar  1 12:11 8859-6.a0-ff.14.gz
-rw-r--r-- 1 root root 499 Mar  1 12:11 8859-6.a0-ff.16.gz
-rw-r--r-- 1 root root 648 Mar  1 12:11 8859-7.a0-ff.08.gz
-rw-r--r-- 1 root root 803 Mar  1 12:11 8859-7.a0-ff.14.gz
-rw-r--r-- 1 root root 818 Mar  1 12:11 8859-7.a0-ff.16.gz
-rw-r--r-- 1 root root 501 Mar  1 12:11 8859-8.a0-ff.08.gz
-rw-r--r-- 1 root root 565 Mar  1 12:11 8859-8.a0-ff.14.gz
-rw-r--r-- 1 root root 576 Mar  1 12:11 8859-8.a0-ff.16.gz
-rw-r--r-- 1 root root 699 Mar  1 12:11 8859-9.a0-ff.08.gz
-rw-r--r-- 1 root root 791 Mar  1 12:11 8859-9.a0-ff.14.gz
-rw-r--r-- 1 root root 814 Mar  1 12:11 8859-9.a0-ff.16.gz
-rw-r--r-- 1 root root 650 Mar  1 12:11 ascii.20-7f.08.gz
-rw-r--r-- 1 root root 749 Mar  1 12:11 ascii.20-7f.14.gz
-rw-r--r-- 1 root root 778 Mar  1 12:11 ascii.20-7f.16.gz
-rw-r--r-- 1 root root 330 Mar  1 12:11 cp437.00-1f.08.gz
-rw-r--r-- 1 root root 371 Mar  1 12:11 cp437.00-1f.14.gz
-rw-r--r-- 1 root root 380 Mar  1 12:11 cp437.00-1f.16.gz
-rw-r--r-- 1 root root  36 Mar  1 12:11 none.00-17.08.gz
-rw-r--r-- 1 root root  40 Mar  1 12:11 none.00-17.14.gz
-rw-r--r-- 1 root root  40 Mar  1 12:11 none.00-17.16.gz

/home/sektor/projects/slackbuilds/a/kbd/pkg/usr/share/kbd/consoletrans:
total 500
-rw-r--r-- 1 root root  9216 Mar  1 12:11 8859-10_to_uni.trans
-rw-r--r-- 1 root root  8994 Mar  1 12:11 8859-13_to_uni.trans
-rw-r--r-- 1 root root  9279 Mar  1 12:11 8859-14_to_uni.trans
-rw-r--r-- 1 root root  8839 Mar  1 12:11 8859-15_to_uni.trans
-rw-r--r-- 1 root root  8806 Mar  1 12:11 8859-1_to_uni.trans
-rw-r--r-- 1 root root  9034 Mar  1 12:11 8859-2_to_uni.trans
-rw-r--r-- 1 root root  8712 Mar  1 12:11 8859-3_to_uni.trans
-rw-r--r-- 1 root root  9006 Mar  1 12:11 8859-4_to_uni.trans
-rw-r--r-- 1 root root  8645 Mar  1 12:11 8859-5_to_uni.trans
-rw-r--r-- 1 root root  6418 Mar  1 12:11 8859-6_to_uni.trans
-rw-r--r-- 1 root root  8471 Mar  1 12:11 8859-7_to_uni.trans
-rw-r--r-- 1 root root  6566 Mar  1 12:11 8859-8_to_uni.trans
-rw-r--r-- 1 root root  8786 Mar  1 12:11 8859-9_to_uni.trans
-rw-r--r-- 1 root root  1698 Mar  1 12:11 baltic.trans
-rw-r--r-- 1 root root  9307 Mar  1 12:11 cp1250_to_uni.trans
-rw-r--r-- 1 root root  9769 Mar  1 12:11 cp1251_to_uni.trans
-rw-r--r-- 1 root root  1834 Mar  1 12:11 cp437_to_iso01.trans
-rw-r--r-- 1 root root  9529 Mar  1 12:11 cp437_to_uni.trans
-rw-r--r-- 1 root root  9568 Mar  1 12:11 cp737_to_uni.trans
-rw-r--r-- 1 root root  9500 Mar  1 12:11 cp775_to_uni.trans
-rw-r--r-- 1 root root  1172 Mar  1 12:11 cp850_to_iso01.trans
-rw-r--r-- 1 root root  9378 Mar  1 12:11 cp850_to_uni.trans
-rw-r--r-- 1 root root  9677 Mar  1 12:11 cp852_to_uni.trans
-rw-r--r-- 1 root root  9562 Mar  1 12:11 cp853_to_uni.trans
-rw-r--r-- 1 root root  9293 Mar  1 12:11 cp855_to_uni.trans
-rw-r--r-- 1 root root  9369 Mar  1 12:11 cp857_to_uni.trans
-rw-r--r-- 1 root root  9570 Mar  1 12:11 cp860_to_uni.trans
-rw-r--r-- 1 root root  9554 Mar  1 12:11 cp861_to_uni.trans
-rw-r--r-- 1 root root  9133 Mar  1 12:11 cp862_to_uni.trans
-rw-r--r-- 1 root root  9427 Mar  1 12:11 cp863_to_uni.trans
-rw-r--r-- 1 root root  9333 Mar  1 12:11 cp864_to_uni.trans
-rw-r--r-- 1 root root  9549 Mar  1 12:11 cp865_to_uni.trans
-rw-r--r-- 1 root root  9475 Mar  1 12:11 cp866_to_uni.trans
-rw-r--r-- 1 root root  9109 Mar  1 12:11 cp869_to_uni.trans
-rw-r--r-- 1 root root  8219 Mar  1 12:11 cp874_to_uni.trans
-rw-r--r-- 1 root root  5914 Mar  1 12:11 iso02_to_cp1250.trans
-rw-r--r-- 1 root root  2455 Mar  1 12:11 koi2alt
-rw-r--r-- 1 root root 10105 Mar  1 12:11 koi8-r_to_uni.trans
-rw-r--r-- 1 root root 10067 Mar  1 12:11 koi8-u_to_uni.trans
-rw-r--r-- 1 root root  1468 Mar  1 12:11 koi8u2ruscii
-rw-r--r-- 1 root root   256 Mar  1 12:11 latin2u.trans
-rw-r--r-- 1 root root   923 Mar  1 12:11 null
-rw-r--r-- 1 root root  2122 Mar  1 12:11 space
-rw-r--r-- 1 root root  1891 Mar  1 12:11 trivial
-rw-r--r-- 1 root root 40749 Mar  1 12:11 utflist
-rw-r--r-- 1 root root  1698 Mar  1 12:11 vga2iso
-rw-r--r-- 1 root root  1418 Mar  1 12:11 viscii1.0_to_tcvn.trans
-rw-r--r-- 1 root root  1847 Mar  1 12:11 viscii1.0_to_viscii1.1.trans
-rw-r--r-- 1 root root  1747 Mar  1 12:11 zero

/home/sektor/projects/slackbuilds/a/kbd/pkg/usr/share/kbd/keymaps:
total 4
drwxr-xr-x 1 root root  60 Mar  1 12:11 amiga
drwxr-xr-x 1 root root 134 Mar  1 12:11 atari
drwxr-xr-x 1 root root 124 Mar  1 12:11 i386
drwxr-xr-x 1 root root 230 Mar  1 12:11 include
drwxr-xr-x 1 root root  20 Mar  1 12:11 mac
drwxr-xr-x 1 root root  18 Mar  1 12:11 pine
lrwxrwxrwx 1 root root   3 Mar  1 12:11 ppc -> mac
drwxr-xr-x 1 root root 576 Mar  1 12:11 sun

/home/sektor/projects/slackbuilds/a/kbd/pkg/usr/share/kbd/keymaps/amiga:
total 8
-rw-r--r-- 1 root root 2970 Mar  1 12:11 amiga-de.map.gz
-rw-r--r-- 1 root root 1889 Mar  1 12:11 amiga-us.map.gz

/home/sektor/projects/slackbuilds/a/kbd/pkg/usr/share/kbd/keymaps/atari:
total 16
-rw-r--r-- 1 root root 2741 Mar  1 12:11 atari-de.map.gz
-rw-r--r-- 1 root root 2925 Mar  1 12:11 atari-se.map.gz
-rw-r--r-- 1 root root 2767 Mar  1 12:11 atari-uk-falcon.map.gz
-rw-r--r-- 1 root root 2985 Mar  1 12:11 atari-us.map.gz

/home/sektor/projects/slackbuilds/a/kbd/pkg/usr/share/kbd/keymaps/i386:
total 0
drwxr-xr-x 1 root root  276 Mar  1 12:11 azerty
drwxr-xr-x 1 root root   70 Mar  1 12:11 bepo
drwxr-xr-x 1 root root   66 Mar  1 12:11 carpalx
drwxr-xr-x 1 root root  516 Mar  1 12:11 colemak
drwxr-xr-x 1 root root  542 Mar  1 12:11 dvorak
drwxr-xr-x 1 root root   70 Mar  1 12:11 fgGIod
drwxr-xr-x 1 root root  628 Mar  1 12:11 include
drwxr-xr-x 1 root root  152 Mar  1 12:11 neo
drwxr-xr-x 1 root root   56 Mar  1 12:11 olpc
drwxr-xr-x 1 root root 3668 Mar  1 12:11 qwerty
drwxr-xr-x 1 root root  596 Mar  1 12:11 qwertz

/home/sektor/projects/slackbuilds/a/kbd/pkg/usr/share/kbd/keymaps/i386/azerty:
total 52
-rw-r--r-- 1 root root  886 Mar  1 12:11 azerty.map.gz
-rw-r--r-- 1 root root  901 Mar  1 12:11 be-latin1.map.gz
-rw-r--r-- 1 root root 5683 Mar  1 12:11 fr-latin0.map.gz
-rw-r--r-- 1 root root  873 Mar  1 12:11 fr-latin1.map.gz
-rw-r--r-- 1 root root 5683 Mar  1 12:11 fr-latin9.map.gz
-rw-r--r-- 1 root root  842 Mar  1 12:11 fr-old.map.gz
-rw-r--r-- 1 root root  957 Mar  1 12:11 fr-pc.map.gz
-rw-r--r-- 1 root root 5683 Mar  1 12:11 fr.map.gz
-rw-r--r-- 1 root root  343 Mar  1 12:11 wangbe.map.gz
-rw-r--r-- 1 root root 1786 Mar  1 12:11 wangbe2.map.gz

/home/sektor/projects/slackbuilds/a/kbd/pkg/usr/share/kbd/keymaps/i386/bepo:
total 12
-rw-r--r-- 1 root root 5617 Mar  1 12:11 fr-bepo-latin9.map.gz
-rw-r--r-- 1 root root 1913 Mar  1 12:11 fr-bepo.map.gz

/home/sektor/projects/slackbuilds/a/kbd/pkg/usr/share/kbd/keymaps/i386/carpalx:
total 8
-rw-r--r-- 1 root root 198 Mar  1 12:11 carpalx-full.map.gz
-rw-r--r-- 1 root root 819 Mar  1 12:11 carpalx.map.gz

/home/sektor/projects/slackbuilds/a/kbd/pkg/usr/share/kbd/keymaps/i386/colemak:
total 44
-rw-r--r-- 1 root root 1449 Mar  1 12:11 colemak.map.gz
-rw-r--r-- 1 root root 1355 Mar  1 12:11 mod-dh-ansi-us-awing.map.gz
-rw-r--r-- 1 root root 1368 Mar  1 12:11 mod-dh-ansi-us-fatz-wide.map.gz
-rw-r--r-- 1 root root 1356 Mar  1 12:11 mod-dh-ansi-us-fatz.map.gz
-rw-r--r-- 1 root root 1361 Mar  1 12:11 mod-dh-ansi-us-wide.map.gz
-rw-r--r-- 1 root root 1347 Mar  1 12:11 mod-dh-ansi-us.map.gz
-rw-r--r-- 1 root root 1351 Mar  1 12:11 mod-dh-iso-uk-wide.map.gz
-rw-r--r-- 1 root root 1340 Mar  1 12:11 mod-dh-iso-uk.map.gz
-rw-r--r-- 1 root root 1353 Mar  1 12:11 mod-dh-iso-us-wide.map.gz
-rw-r--r-- 1 root root 1342 Mar  1 12:11 mod-dh-iso-us.map.gz
-rw-r--r-- 1 root root 1346 Mar  1 12:11 mod-dh-matrix-us.map.gz

/home/sektor/projects/slackbuilds/a/kbd/pkg/usr/share/kbd/keymaps/i386/dvorak:
total 64
-rw-r--r-- 1 root root  145 Mar  1 12:11 ANSI-dvorak.map.gz
-rw-r--r-- 1 root root 1314 Mar  1 12:11 dvorak-ca-fr.map.gz
-rw-r--r-- 1 root root 3753 Mar  1 12:11 dvorak-de.map.gz
-rw-r--r-- 1 root root 1312 Mar  1 12:11 dvorak-es.map.gz
-rw-r--r-- 1 root root 1227 Mar  1 12:11 dvorak-fr.map.gz
-rw-r--r-- 1 root root 1202 Mar  1 12:11 dvorak-l.map.gz
-rw-r--r-- 1 root root  904 Mar  1 12:11 dvorak-la.map.gz
-rw-r--r-- 1 root root 1045 Mar  1 12:11 dvorak-no.map.gz
-rw-r--r-- 1 root root 1098 Mar  1 12:11 dvorak-programmer.map.gz
-rw-r--r-- 1 root root 1199 Mar  1 12:11 dvorak-r.map.gz
-rw-r--r-- 1 root root 2598 Mar  1 12:11 dvorak-ru.map.gz
-rw-r--r-- 1 root root 1242 Mar  1 12:11 dvorak-sv-a1.map.gz
-rw-r--r-- 1 root root 1023 Mar  1 12:11 dvorak-sv-a5.map.gz
-rw-r--r-- 1 root root  841 Mar  1 12:11 dvorak-uk.map.gz
-rw-r--r-- 1 root root  890 Mar  1 12:11 dvorak-ukp.map.gz
-rw-r--r-- 1 root root  782 Mar  1 12:11 dvorak.map.gz

/home/sektor/projects/slackbuilds/a/kbd/pkg/usr/share/kbd/keymaps/i386/fgGIod:
total 8
-rw-r--r-- 1 root root 2254 Mar  1 12:11 tr_f-latin5.map.gz
-rw-r--r-- 1 root root 1035 Mar  1 12:11 trf-fgGIod.map.gz

/home/sektor/projects/slackbuilds/a/kbd/pkg/usr/share/kbd/keymaps/i386/include:
total 80
-rw-r--r-- 1 root root  230 Mar  1 12:11 applkey.map.gz
-rw-r--r-- 1 root root  438 Mar  1 12:11 azerty-layout.inc
-rw-r--r-- 1 root root   65 Mar  1 12:11 backspace.map.gz
-rw-r--r-- 1 root root  278 Mar  1 12:11 compose.inc
-rw-r--r-- 1 root root  126 Mar  1 12:11 ctrl.map.gz
-rw-r--r-- 1 root root  182 Mar  1 12:11 euro.map.gz
-rw-r--r-- 1 root root  253 Mar  1 12:11 euro1.inc
-rw-r--r-- 1 root root  193 Mar  1 12:11 euro1.map.gz
-rw-r--r-- 1 root root  191 Mar  1 12:11 euro2.map.gz
-rw-r--r-- 1 root root  453 Mar  1 12:11 keypad.map.gz
-rw-r--r-- 1 root root 4353 Mar  1 12:11 linux-keys-bare.inc
-rw-r--r-- 1 root root 1148 Mar  1 12:11 linux-keys-extd.inc
-rw-r--r-- 1 root root  746 Mar  1 12:11 linux-with-alt-and-altgr.inc
-rw-r--r-- 1 root root 3029 Mar  1 12:11 linux-with-modeshift-altgr.inc
-rw-r--r-- 1 root root  146 Mar  1 12:11 linux-with-two-alt-keys.inc
-rw-r--r-- 1 root root  456 Mar  1 12:11 qwerty-layout.inc
-rw-r--r-- 1 root root  456 Mar  1 12:11 qwertz-layout.inc
-rw-r--r-- 1 root root  426 Mar  1 12:11 unicode.map.gz
-rw-r--r-- 1 root root  116 Mar  1 12:11 windowkeys.map.gz

/home/sektor/projects/slackbuilds/a/kbd/pkg/usr/share/kbd/keymaps/i386/neo:
total 52
-rw-r--r-- 1 root root 2328 Mar  1 12:11 3l.map.gz
-rw-r--r-- 1 root root 1429 Mar  1 12:11 README.md
-rw-r--r-- 1 root root 4699 Mar  1 12:11 adnw.map.gz
-rw-r--r-- 1 root root 4691 Mar  1 12:11 bone.map.gz
-rw-r--r-- 1 root root 4655 Mar  1 12:11 koy.map.gz
-rw-r--r-- 1 root root 9434 Mar  1 12:11 neo.map.gz
-rw-r--r-- 1 root root 4704 Mar  1 12:11 neoqwertz.map.gz

/home/sektor/projects/slackbuilds/a/kbd/pkg/usr/share/kbd/keymaps/i386/olpc:
total 8
-rw-r--r-- 1 root root 876 Mar  1 12:11 es-olpc.map.gz
-rw-r--r-- 1 root root 852 Mar  1 12:11 pt-olpc.map.gz

/home/sektor/projects/slackbuilds/a/kbd/pkg/usr/share/kbd/keymaps/i386/qwerty:
total 556
-rw-r--r-- 1 root root  2499 Mar  1 12:11 bashkir.map.gz
-rw-r--r-- 1 root root  2981 Mar  1 12:11 bg-cp1251.map.gz
-rw-r--r-- 1 root root  2328 Mar  1 12:11 bg-cp855.map.gz
-rw-r--r-- 1 root root  4627 Mar  1 12:11 bg_bds-cp1251.map.gz
-rw-r--r-- 1 root root  4622 Mar  1 12:11 bg_bds-utf8.map.gz
-rw-r--r-- 1 root root  4540 Mar  1 12:11 bg_pho-cp1251.map.gz
-rw-r--r-- 1 root root  4528 Mar  1 12:11 bg_pho-utf8.map.gz
-rw-r--r-- 1 root root  2026 Mar  1 12:11 br-abnt.map.gz
-rw-r--r-- 1 root root  1168 Mar  1 12:11 br-abnt2.map.gz
-rw-r--r-- 1 root root  1106 Mar  1 12:11 br-latin1-abnt2.map.gz
-rw-r--r-- 1 root root   984 Mar  1 12:11 br-latin1-us.map.gz
-rw-r--r-- 1 root root  2332 Mar  1 12:11 by-cp1251.map.gz
-rw-r--r-- 1 root root  2854 Mar  1 12:11 by.map.gz
-rw-r--r-- 1 root root  2330 Mar  1 12:11 bywin-cp1251.map.gz
-rw-r--r-- 1 root root  1134 Mar  1 12:11 ca.map.gz
-rw-r--r-- 1 root root  1174 Mar  1 12:11 cf.map.gz
-rw-r--r-- 1 root root  2568 Mar  1 12:11 cz-cp1250.map.gz
-rw-r--r-- 1 root root  2726 Mar  1 12:11 cz-lat2-prog.map.gz
-rw-r--r-- 1 root root  2655 Mar  1 12:11 cz-lat2.map.gz
-rw-r--r-- 1 root root  8760 Mar  1 12:11 cz-qwerty.map.gz
-rw-r--r-- 1 root root  2408 Mar  1 12:11 defkeymap.map.gz
-rw-r--r-- 1 root root  2181 Mar  1 12:11 defkeymap_V1.0.map.gz
-rw-r--r-- 1 root root   962 Mar  1 12:11 dk-latin1.map.gz
-rw-r--r-- 1 root root   941 Mar  1 12:11 dk.map.gz
-rw-r--r-- 1 root root   987 Mar  1 12:11 emacs.map.gz
-rw-r--r-- 1 root root   775 Mar  1 12:11 emacs2.map.gz
-rw-r--r-- 1 root root  1511 Mar  1 12:11 es-cp850.map.gz
-rw-r--r-- 1 root root  1133 Mar  1 12:11 es.map.gz
-rw-r--r-- 1 root root   153 Mar  1 12:11 et-nodeadkeys.map.gz
-rw-r--r-- 1 root root  1141 Mar  1 12:11 et.map.gz
-rw-r--r-- 1 root root  1812 Mar  1 12:11 fa.map.gz
-rw-r--r-- 1 root root  1463 Mar  1 12:11 fi.map.gz
-rw-r--r-- 1 root root  2377 Mar  1 12:11 gr-pc.map.gz
-rw-r--r-- 1 root root  3660 Mar  1 12:11 gr.map.gz
-rw-r--r-- 1 root root  1313 Mar  1 12:11 hu101.map.gz
-rw-r--r-- 1 root root 12055 Mar  1 12:11 hypermap.m4
-rw-r--r-- 1 root root  1088 Mar  1 12:11 ie.map.gz
-rw-r--r-- 1 root root  1445 Mar  1 12:11 il-heb.map.gz
-rw-r--r-- 1 root root  1360 Mar  1 12:11 il-phonetic.map.gz
-rw-r--r-- 1 root root  2410 Mar  1 12:11 il.map.gz
-rw-r--r-- 1 root root  1762 Mar  1 12:11 is-latin1-us.map.gz
-rw-r--r-- 1 root root  1219 Mar  1 12:11 is-latin1.map.gz
-rw-r--r-- 1 root root  1054 Mar  1 12:11 it-ibm.map.gz
-rw-r--r-- 1 root root  1285 Mar  1 12:11 it.map.gz
-rw-r--r-- 1 root root  2046 Mar  1 12:11 it2.map.gz
-rw-r--r-- 1 root root   779 Mar  1 12:11 jp106.map.gz
-rw-r--r-- 1 root root  2495 Mar  1 12:11 kazakh.map.gz
-rw-r--r-- 1 root root  3387 Mar  1 12:11 ky_alt_sh-UTF-8.map.gz
-rw-r--r-- 1 root root  2420 Mar  1 12:11 kyrgyz.map.gz
-rw-r--r-- 1 root root  1043 Mar  1 12:11 la-latin1.map.gz
-rw-r--r-- 1 root root  2313 Mar  1 12:11 lt.baltic.map.gz
-rw-r--r-- 1 root root  6088 Mar  1 12:11 lt.l4.map.gz
-rw-r--r-- 1 root root  6164 Mar  1 12:11 lt.map.gz
-rw-r--r-- 1 root root   542 Mar  1 12:11 lv-tilde.map.gz
-rw-r--r-- 1 root root  1285 Mar  1 12:11 lv.map.gz
-rw-r--r-- 1 root root  3147 Mar  1 12:11 mk-cp1251.map.gz
-rw-r--r-- 1 root root  3201 Mar  1 12:11 mk-utf.map.gz
-rw-r--r-- 1 root root  3164 Mar  1 12:11 mk.map.gz
-rw-r--r-- 1 root root  1745 Mar  1 12:11 mk0.map.gz
-rw-r--r-- 1 root root  1075 Mar  1 12:11 nl.map.gz
-rw-r--r-- 1 root root  1220 Mar  1 12:11 nl2.map.gz
-rw-r--r-- 1 root root  1714 Mar  1 12:11 no-latin1.doc
-rw-r--r-- 1 root root  1508 Mar  1 12:11 no-latin1.map.gz
-rw-r--r-- 1 root root   835 Mar  1 12:11 no.map.gz
-rw-r--r-- 1 root root   387 Mar  1 12:11 pc110.map.gz
-rw-r--r-- 1 root root  1306 Mar  1 12:11 pl.map.gz
-rw-r--r-- 1 root root  1234 Mar  1 12:11 pl1.map.gz
-rw-r--r-- 1 root root  2247 Mar  1 12:11 pl2.map.gz
-rw-r--r-- 1 root root  2327 Mar  1 12:11 pl3.map.gz
-rw-r--r-- 1 root root  1165 Mar  1 12:11 pl4.map.gz
-rw-r--r-- 1 root root   996 Mar  1 12:11 pt-latin1.map.gz
-rw-r--r-- 1 root root   939 Mar  1 12:11 pt-latin9.map.gz
-rw-r--r-- 1 root root   939 Mar  1 12:11 pt.map.gz
-rw-r--r-- 1 root root  1618 Mar  1 12:11 ro.map.gz
-rw-r--r-- 1 root root  1435 Mar  1 12:11 ro_std.map.gz
-rw-r--r-- 1 root root  2314 Mar  1 12:11 ru-cp1251.map.gz
-rw-r--r-- 1 root root  3055 Mar  1 12:11 ru-ms.map.gz
-rw-r--r-- 1 root root  3046 Mar  1 12:11 ru-yawerty.map.gz
-rw-r--r-- 1 root root  3779 Mar  1 12:11 ru.map.gz
-rw-r--r-- 1 root root  3497 Mar  1 12:11 ru1.map.gz
-rw-r--r-- 1 root root  2589 Mar  1 12:11 ru2.map.gz
-rw-r--r-- 1 root root  3383 Mar  1 12:11 ru3.map.gz
-rw-r--r-- 1 root root  3378 Mar  1 12:11 ru4.map.gz
-rw-r--r-- 1 root root  2569 Mar  1 12:11 ru_win.map.gz
-rw-r--r-- 1 root root  3487 Mar  1 12:11 ruwin_alt-CP1251.map.gz
-rw-r--r-- 1 root root  3350 Mar  1 12:11 ruwin_alt-KOI8-R.map.gz
-rw-r--r-- 1 root root  3476 Mar  1 12:11 ruwin_alt-UTF-8.map.gz
-rw-r--r-- 1 root root  3456 Mar  1 12:11 ruwin_alt_sh-UTF-8.map.gz
-rw-r--r-- 1 root root  3373 Mar  1 12:11 ruwin_cplk-CP1251.map.gz
-rw-r--r-- 1 root root  3236 Mar  1 12:11 ruwin_cplk-KOI8-R.map.gz
-rw-r--r-- 1 root root  3363 Mar  1 12:11 ruwin_cplk-UTF-8.map.gz
-rw-r--r-- 1 root root  3398 Mar  1 12:11 ruwin_ct_sh-CP1251.map.gz
-rw-r--r-- 1 root root  3262 Mar  1 12:11 ruwin_ct_sh-KOI8-R.map.gz
-rw-r--r-- 1 root root  3389 Mar  1 12:11 ruwin_ct_sh-UTF-8.map.gz
-rw-r--r-- 1 root root  3344 Mar  1 12:11 ruwin_ctrl-CP1251.map.gz
-rw-r--r-- 1 root root  3207 Mar  1 12:11 ruwin_ctrl-KOI8-R.map.gz
-rw-r--r-- 1 root root  3334 Mar  1 12:11 ruwin_ctrl-UTF-8.map.gz
-rw-r--r-- 1 root root   177 Mar  1 12:11 se-fi-ir209.map.gz
-rw-r--r-- 1 root root   189 Mar  1 12:11 se-fi-lat6.map.gz
-rw-r--r-- 1 root root  2410 Mar  1 12:11 se-ir209.map.gz
-rw-r--r-- 1 root root  2517 Mar  1 12:11 se-lat6.map.gz
-rw-r--r-- 1 root root  1121 Mar  1 12:11 se-latin1.map.gz
-rw-r--r-- 1 root root  2614 Mar  1 12:11 sk-prog-qwerty.map.gz
-rw-r--r-- 1 root root  1868 Mar  1 12:11 sk-qwerty.map.gz
-rw-r--r-- 1 root root  3307 Mar  1 12:11 sr-cy.map.gz
-rw-r--r-- 1 root root  1121 Mar  1 12:11 sv-latin1.map.gz
-rw-r--r-- 1 root root  3490 Mar  1 12:11 tj_alt-UTF8.map.gz
-rw-r--r-- 1 root root  1161 Mar  1 12:11 tr_q-latin5.map.gz
-rw-r--r-- 1 root root  1132 Mar  1 12:11 tralt.map.gz
-rw-r--r-- 1 root root  1578 Mar  1 12:11 trf.map.gz
-rw-r--r-- 1 root root  1126 Mar  1 12:11 trq.map.gz
-rw-r--r-- 1 root root  3374 Mar  1 12:11 ttwin_alt-UTF-8.map.gz
-rw-r--r-- 1 root root  3384 Mar  1 12:11 ttwin_cplk-UTF-8.map.gz
-rw-r--r-- 1 root root  3367 Mar  1 12:11 ttwin_ct_sh-UTF-8.map.gz
-rw-r--r-- 1 root root  3348 Mar  1 12:11 ttwin_ctrl-UTF-8.map.gz
-rw-r--r-- 1 root root  4232 Mar  1 12:11 ua-cp1251.map.gz
-rw-r--r-- 1 root root  6957 Mar  1 12:11 ua-utf-ws.map.gz
-rw-r--r-- 1 root root  6865 Mar  1 12:11 ua-utf.map.gz
-rw-r--r-- 1 root root  6930 Mar  1 12:11 ua-ws.map.gz
-rw-r--r-- 1 root root  6852 Mar  1 12:11 ua.map.gz
-rw-r--r-- 1 root root   765 Mar  1 12:11 uk.map.gz
-rw-r--r-- 1 root root  2549 Mar  1 12:11 us-acentos.map.gz
-rw-r--r-- 1 root root   666 Mar  1 12:11 us.map.gz
-rw-r--r-- 1 root root   117 Mar  1 12:11 us1.map.gz

/home/sektor/projects/slackbuilds/a/kbd/pkg/usr/share/kbd/keymaps/i386/qwertz:
total 84
-rw-r--r-- 1 root root 1286 Mar  1 12:11 croat.map.gz
-rw-r--r-- 1 root root 2539 Mar  1 12:11 cz-us-qwertz.map.gz
-rw-r--r-- 1 root root 8706 Mar  1 12:11 cz.map.gz
-rw-r--r-- 1 root root  270 Mar  1 12:11 de-latin1-nodeadkeys.map.gz
-rw-r--r-- 1 root root  898 Mar  1 12:11 de-latin1.map.gz
-rw-r--r-- 1 root root  347 Mar  1 12:11 de-mobii.map.gz
-rw-r--r-- 1 root root  847 Mar  1 12:11 de.map.gz
-rw-r--r-- 1 root root  294 Mar  1 12:11 de_CH-latin1.map.gz
-rw-r--r-- 1 root root 2377 Mar  1 12:11 de_alt_UTF-8.map.gz
-rw-r--r-- 1 root root  973 Mar  1 12:11 fr_CH-latin1.map.gz
-rw-r--r-- 1 root root  873 Mar  1 12:11 fr_CH.map.gz
-rw-r--r-- 1 root root 1252 Mar  1 12:11 hu.map.gz
-rw-r--r-- 1 root root  942 Mar  1 12:11 sg-latin1-lk450.map.gz
-rw-r--r-- 1 root root  992 Mar  1 12:11 sg-latin1.map.gz
-rw-r--r-- 1 root root  923 Mar  1 12:11 sg.map.gz
-rw-r--r-- 1 root root 2611 Mar  1 12:11 sk-prog-qwertz.map.gz
-rw-r--r-- 1 root root 2690 Mar  1 12:11 sk-qwertz.map.gz
-rw-r--r-- 1 root root 1191 Mar  1 12:11 slovene.map.gz
-rw-r--r-- 1 root root 1191 Mar  1 12:11 sr-latin.map.gz

/home/sektor/projects/slackbuilds/a/kbd/pkg/usr/share/kbd/keymaps/include:
total 44
-rw-r--r-- 1 root root  517 Mar  1 12:11 compose.8859_7
-rw-r--r-- 1 root root   23 Mar  1 12:11 compose.8859_8
-rw-r--r-- 1 root root 6030 Mar  1 12:11 compose.latin
-rw-r--r-- 1 root root 3889 Mar  1 12:11 compose.latin1
-rw-r--r-- 1 root root 3465 Mar  1 12:11 compose.latin2
-rw-r--r-- 1 root root 2037 Mar  1 12:11 compose.latin3
-rw-r--r-- 1 root root 2897 Mar  1 12:11 compose.latin4
-rw-r--r-- 1 root root 8402 Mar  1 12:11 vim-compose.latin1

/home/sektor/projects/slackbuilds/a/kbd/pkg/usr/share/kbd/keymaps/mac:
total 0
drwxr-xr-x 1 root root 954 Mar  1 12:11 all
drwxr-xr-x 1 root root 362 Mar  1 12:11 include

/home/sektor/projects/slackbuilds/a/kbd/pkg/usr/share/kbd/keymaps/mac/all:
total 100
-rw-r--r-- 1 root root 1307 Mar  1 12:11 apple-a1048-sv.map.gz
-rw-r--r-- 1 root root  323 Mar  1 12:11 apple-a1243-sv-fn-reverse.map.gz
-rw-r--r-- 1 root root  406 Mar  1 12:11 apple-a1243-sv.map.gz
-rw-r--r-- 1 root root  352 Mar  1 12:11 apple-internal-0x0253-sv-fn-reverse.map.gz
-rw-r--r-- 1 root root  347 Mar  1 12:11 apple-internal-0x0253-sv.map.gz
-rw-r--r-- 1 root root  501 Mar  1 12:11 mac-be.map.gz
-rw-r--r-- 1 root root  288 Mar  1 12:11 mac-de-latin1-nodeadkeys.map.gz
-rw-r--r-- 1 root root  904 Mar  1 12:11 mac-de-latin1.map.gz
-rw-r--r-- 1 root root  767 Mar  1 12:11 mac-de_CH.map.gz
-rw-r--r-- 1 root root  639 Mar  1 12:11 mac-dk-latin1.map.gz
-rw-r--r-- 1 root root  799 Mar  1 12:11 mac-dvorak.map.gz
-rw-r--r-- 1 root root  490 Mar  1 12:11 mac-es.map.gz
-rw-r--r-- 1 root root  893 Mar  1 12:11 mac-fi-latin1.map.gz
-rw-r--r-- 1 root root 1108 Mar  1 12:11 mac-fr-legacy.map.gz
-rw-r--r-- 1 root root 5714 Mar  1 12:11 mac-fr.map.gz
-rw-r--r-- 1 root root  786 Mar  1 12:11 mac-fr_CH-latin1.map.gz
-rw-r--r-- 1 root root  658 Mar  1 12:11 mac-it.map.gz
-rw-r--r-- 1 root root 1568 Mar  1 12:11 mac-no-latin1.map.gz
-rw-r--r-- 1 root root 1160 Mar  1 12:11 mac-pl.map.gz
-rw-r--r-- 1 root root  431 Mar  1 12:11 mac-pt-latin1.map.gz
-rw-r--r-- 1 root root  508 Mar  1 12:11 mac-se.map.gz
-rw-r--r-- 1 root root  264 Mar  1 12:11 mac-template.map.gz
-rw-r--r-- 1 root root  760 Mar  1 12:11 mac-uk.map.gz
-rw-r--r-- 1 root root  900 Mar  1 12:11 mac-us.map.gz

/home/sektor/projects/slackbuilds/a/kbd/pkg/usr/share/kbd/keymaps/mac/include:
total 40
-rw-r--r-- 1 root root 2627 Mar  1 12:11 apple-a1048-base.inc
-rw-r--r-- 1 root root 2219 Mar  1 12:11 apple-a1243-fn-reverse.inc
-rw-r--r-- 1 root root 2293 Mar  1 12:11 apple-a1243-fn.inc
-rw-r--r-- 1 root root  439 Mar  1 12:11 mac-azerty-layout.inc
-rw-r--r-- 1 root root  182 Mar  1 12:11 mac-euro.map.gz
-rw-r--r-- 1 root root  196 Mar  1 12:11 mac-euro2.map.gz
-rw-r--r-- 1 root root 4956 Mar  1 12:11 mac-linux-keys-bare.inc
-rw-r--r-- 1 root root  438 Mar  1 12:11 mac-qwerty-layout.inc
-rw-r--r-- 1 root root  438 Mar  1 12:11 mac-qwertz-layout.inc

/home/sektor/projects/slackbuilds/a/kbd/pkg/usr/share/kbd/keymaps/pine:
total 4
-rw-r--r-- 1 root root 1987 Mar  1 12:11 en.map.gz

/home/sektor/projects/slackbuilds/a/kbd/pkg/usr/share/kbd/keymaps/sun:
total 72
-rw-r--r-- 1 root root 3022 Mar  1 12:11 sun-pl-altgraph.map.gz
-rw-r--r-- 1 root root 3186 Mar  1 12:11 sun-pl.map.gz
-rw-r--r-- 1 root root 2434 Mar  1 12:11 sundvorak.map.gz
-rw-r--r-- 1 root root 2433 Mar  1 12:11 sunkeymap.map.gz
-rw-r--r-- 1 root root 2086 Mar  1 12:11 sunt4-es.map.gz
-rw-r--r-- 1 root root 2167 Mar  1 12:11 sunt4-fi-latin1.map.gz
-rw-r--r-- 1 root root 2091 Mar  1 12:11 sunt4-no-latin1.map.gz
-rw-r--r-- 1 root root 4931 Mar  1 12:11 sunt5-cz-us.map.gz
-rw-r--r-- 1 root root 2047 Mar  1 12:11 sunt5-de-latin1.map.gz
-rw-r--r-- 1 root root 2145 Mar  1 12:11 sunt5-es.map.gz
-rw-r--r-- 1 root root 2063 Mar  1 12:11 sunt5-fi-latin1.map.gz
-rw-r--r-- 1 root root 2488 Mar  1 12:11 sunt5-fr-latin1.map.gz
-rw-r--r-- 1 root root 2518 Mar  1 12:11 sunt5-ru.map.gz
-rw-r--r-- 1 root root 2274 Mar  1 12:11 sunt5-uk.map.gz
-rw-r--r-- 1 root root 4926 Mar  1 12:11 sunt5-us-cz.map.gz
-rw-r--r-- 1 root root 1706 Mar  1 12:11 sunt6-uk.map.gz

/home/sektor/projects/slackbuilds/a/kbd/pkg/usr/share/kbd/unimaps:
total 368
-rw-r--r-- 1 root root 4244 Mar  1 12:11 8859-1.a0-ff.uni
-rw-r--r-- 1 root root 4706 Mar  1 12:11 8859-10.a0-ff.uni
-rw-r--r-- 1 root root 4426 Mar  1 12:11 8859-13.a0-ff.uni
-rw-r--r-- 1 root root 4816 Mar  1 12:11 8859-14.a0-ff.uni
-rw-r--r-- 1 root root 4376 Mar  1 12:11 8859-15.a0-ff.uni
-rw-r--r-- 1 root root 4479 Mar  1 12:11 8859-2.a0-ff.uni
-rw-r--r-- 1 root root 4240 Mar  1 12:11 8859-3.a0-ff.uni
-rw-r--r-- 1 root root 4548 Mar  1 12:11 8859-4.a0-ff.uni
-rw-r--r-- 1 root root 4188 Mar  1 12:11 8859-5.a0-ff.uni
-rw-r--r-- 1 root root 1869 Mar  1 12:11 8859-6.a0-ff.uni
-rw-r--r-- 1 root root 3928 Mar  1 12:11 8859-7.a0-ff.uni
-rw-r--r-- 1 root root 2035 Mar  1 12:11 8859-8.a0-ff.uni
-rw-r--r-- 1 root root 4332 Mar  1 12:11 8859-9.a0-ff.uni
-rw-r--r-- 1 root root 1501 Mar  1 12:11 ECMA144.uni
-rw-r--r-- 1 root root  137 Mar  1 12:11 README
-rw-r--r-- 1 root root 1378 Mar  1 12:11 armscii8.uni
-rw-r--r-- 1 root root 1707 Mar  1 12:11 ascii.20-7f.uni
-rw-r--r-- 1 root root 5485 Mar  1 12:11 cp1250.uni
-rw-r--r-- 1 root root  453 Mar  1 12:11 cp437.00-1f.uni
-rw-r--r-- 1 root root 4482 Mar  1 12:11 cp437.uni
-rw-r--r-- 1 root root 5674 Mar  1 12:11 cp737.uni
-rw-r--r-- 1 root root 6206 Mar  1 12:11 cp737a.uni
-rw-r--r-- 1 root root 6222 Mar  1 12:11 cp737b.uni
-rw-r--r-- 1 root root 6273 Mar  1 12:11 cp737c.uni
-rw-r--r-- 1 root root 5456 Mar  1 12:11 cp850.uni
-rw-r--r-- 1 root root 5992 Mar  1 12:11 cp850a.uni
-rw-r--r-- 1 root root 4018 Mar  1 12:11 cp850b.uni
-rw-r--r-- 1 root root 3887 Mar  1 12:11 cp850z.uni
-rw-r--r-- 1 root root 5627 Mar  1 12:11 cp865.uni
-rw-r--r-- 1 root root 6162 Mar  1 12:11 cp865a.uni
-rw-r--r-- 1 root root 5553 Mar  1 12:11 cp866.uni
-rw-r--r-- 1 root root 6181 Mar  1 12:11 cp866a.uni
-rw-r--r-- 1 root root 2558 Mar  1 12:11 cybercafe.uni
-rw-r--r-- 1 root root 4159 Mar  1 12:11 cyralt.uni
-rw-r--r-- 1 root root 2213 Mar  1 12:11 def.uni
-rw-r--r-- 1 root root   22 Mar  1 12:11 empty.uni
-rw-r--r-- 1 root root 5988 Mar  1 12:11 ethiopic.uni
-rw-r--r-- 1 root root  681 Mar  1 12:11 iso01.uni
-rw-r--r-- 1 root root 1822 Mar  1 12:11 iso02.uni
-rw-r--r-- 1 root root 1836 Mar  1 12:11 iso03.uni
-rw-r--r-- 1 root root 1822 Mar  1 12:11 iso04.uni
-rw-r--r-- 1 root root 1822 Mar  1 12:11 iso05.uni
-rw-r--r-- 1 root root 1282 Mar  1 12:11 iso06.uni
-rw-r--r-- 1 root root 1751 Mar  1 12:11 iso07.uni
-rw-r--r-- 1 root root 2514 Mar  1 12:11 iso07u.uni
-rw-r--r-- 1 root root 1126 Mar  1 12:11 iso08.uni
-rw-r--r-- 1 root root  812 Mar  1 12:11 iso09.uni
-rw-r--r-- 1 root root 1496 Mar  1 12:11 iso10.uni
-rw-r--r-- 1 root root  883 Mar  1 12:11 iso15.uni
-rw-r--r-- 1 root root 4005 Mar  1 12:11 koi8r.uni
-rw-r--r-- 1 root root 5231 Mar  1 12:11 koi8u.uni
-rw-r--r-- 1 root root 1030 Mar  1 12:11 lat1.uni
-rw-r--r-- 1 root root 2177 Mar  1 12:11 lat1u.uni
-rw-r--r-- 1 root root 5302 Mar  1 12:11 lat2.uni
-rw-r--r-- 1 root root 3639 Mar  1 12:11 lat2u.uni
-rw-r--r-- 1 root root 3251 Mar  1 12:11 lat4.uni
-rw-r--r-- 1 root root 5046 Mar  1 12:11 lat4u.uni
-rw-r--r-- 1 root root 7282 Mar  1 12:11 lat7.uni
-rw-r--r-- 1 root root 3579 Mar  1 12:11 lat9u.uni
-rw-r--r-- 1 root root 3771 Mar  1 12:11 lat9v.uni
-rw-r--r-- 1 root root 3635 Mar  1 12:11 lat9w.uni
-rw-r--r-- 1 root root 4037 Mar  1 12:11 ruscii.uni
-rw-r--r-- 1 root root 1009 Mar  1 12:11 tcvn.uni
-rw-r--r-- 1 root root 1811 Mar  1 12:11 viscii.uni

/home/sektor/projects/slackbuilds/a/kbd/pkg/usr/share/locale:
total 0
drwxr-xr-x 1 root root 22 Mar  1 12:11 cs
drwxr-xr-x 1 root root 22 Mar  1 12:11 da
drwxr-xr-x 1 root root 22 Mar  1 12:11 de
drwxr-xr-x 1 root root 22 Mar  1 12:11 el
drwxr-xr-x 1 root root 22 Mar  1 12:11 eo
drwxr-xr-x 1 root root 22 Mar  1 12:11 es
drwxr-xr-x 1 root root 22 Mar  1 12:11 fr
drwxr-xr-x 1 root root 22 Mar  1 12:11 gr
drwxr-xr-x 1 root root 22 Mar  1 12:11 id
drwxr-xr-x 1 root root 22 Mar  1 12:11 it
drwxr-xr-x 1 root root 22 Mar  1 12:11 nl
drwxr-xr-x 1 root root 22 Mar  1 12:11 pl
drwxr-xr-x 1 root root 22 Mar  1 12:11 pt
drwxr-xr-x 1 root root 22 Mar  1 12:11 pt_BR
drwxr-xr-x 1 root root 22 Mar  1 12:11 ro
drwxr-xr-x 1 root root 22 Mar  1 12:11 ru
drwxr-xr-x 1 root root 22 Mar  1 12:11 sr
drwxr-xr-x 1 root root 22 Mar  1 12:11 sv
drwxr-xr-x 1 root root 22 Mar  1 12:11 tr
drwxr-xr-x 1 root root 22 Mar  1 12:11 uk
drwxr-xr-x 1 root root 22 Mar  1 12:11 vi
drwxr-xr-x 1 root root 22 Mar  1 12:11 zh_CN

/home/sektor/projects/slackbuilds/a/kbd/pkg/usr/share/locale/cs:
total 0
drwxr-xr-x 1 root root 12 Mar  1 12:11 LC_MESSAGES

/home/sektor/projects/slackbuilds/a/kbd/pkg/usr/share/locale/cs/LC_MESSAGES:
total 44
-rw-r--r-- 1 root root 41707 Mar  1 12:11 kbd.mo

/home/sektor/projects/slackbuilds/a/kbd/pkg/usr/share/locale/da:
total 0
drwxr-xr-x 1 root root 12 Mar  1 12:11 LC_MESSAGES

/home/sektor/projects/slackbuilds/a/kbd/pkg/usr/share/locale/da/LC_MESSAGES:
total 8
-rw-r--r-- 1 root root 7804 Mar  1 12:11 kbd.mo

/home/sektor/projects/slackbuilds/a/kbd/pkg/usr/share/locale/de:
total 0
drwxr-xr-x 1 root root 12 Mar  1 12:11 LC_MESSAGES

/home/sektor/projects/slackbuilds/a/kbd/pkg/usr/share/locale/de/LC_MESSAGES:
total 44
-rw-r--r-- 1 root root 42452 Mar  1 12:11 kbd.mo

/home/sektor/projects/slackbuilds/a/kbd/pkg/usr/share/locale/el:
total 0
drwxr-xr-x 1 root root 12 Mar  1 12:11 LC_MESSAGES

/home/sektor/projects/slackbuilds/a/kbd/pkg/usr/share/locale/el/LC_MESSAGES:
total 52
-rw-r--r-- 1 root root 52396 Mar  1 12:11 kbd.mo

/home/sektor/projects/slackbuilds/a/kbd/pkg/usr/share/locale/eo:
total 0
drwxr-xr-x 1 root root 12 Mar  1 12:11 LC_MESSAGES

/home/sektor/projects/slackbuilds/a/kbd/pkg/usr/share/locale/eo/LC_MESSAGES:
total 40
-rw-r--r-- 1 root root 38073 Mar  1 12:11 kbd.mo

/home/sektor/projects/slackbuilds/a/kbd/pkg/usr/share/locale/es:
total 0
drwxr-xr-x 1 root root 12 Mar  1 12:11 LC_MESSAGES

/home/sektor/projects/slackbuilds/a/kbd/pkg/usr/share/locale/es/LC_MESSAGES:
total 44
-rw-r--r-- 1 root root 42886 Mar  1 12:11 kbd.mo

/home/sektor/projects/slackbuilds/a/kbd/pkg/usr/share/locale/fr:
total 0
drwxr-xr-x 1 root root 12 Mar  1 12:11 LC_MESSAGES

/home/sektor/projects/slackbuilds/a/kbd/pkg/usr/share/locale/fr/LC_MESSAGES:
total 40
-rw-r--r-- 1 root root 37394 Mar  1 12:11 kbd.mo

/home/sektor/projects/slackbuilds/a/kbd/pkg/usr/share/locale/gr:
total 0
drwxr-xr-x 1 root root 12 Mar  1 12:11 LC_MESSAGES

/home/sektor/projects/slackbuilds/a/kbd/pkg/usr/share/locale/gr/LC_MESSAGES:
total 8
-rw-r--r-- 1 root root 7157 Mar  1 12:11 kbd.mo

/home/sektor/projects/slackbuilds/a/kbd/pkg/usr/share/locale/id:
total 0
drwxr-xr-x 1 root root 12 Mar  1 12:11 LC_MESSAGES

/home/sektor/projects/slackbuilds/a/kbd/pkg/usr/share/locale/id/LC_MESSAGES:
total 8
-rw-r--r-- 1 root root 6288 Mar  1 12:11 kbd.mo

/home/sektor/projects/slackbuilds/a/kbd/pkg/usr/share/locale/it:
total 0
drwxr-xr-x 1 root root 12 Mar  1 12:11 LC_MESSAGES

/home/sektor/projects/slackbuilds/a/kbd/pkg/usr/share/locale/it/LC_MESSAGES:
total 12
-rw-r--r-- 1 root root 8321 Mar  1 12:11 kbd.mo

/home/sektor/projects/slackbuilds/a/kbd/pkg/usr/share/locale/nl:
total 0
drwxr-xr-x 1 root root 12 Mar  1 12:11 LC_MESSAGES

/home/sektor/projects/slackbuilds/a/kbd/pkg/usr/share/locale/nl/LC_MESSAGES:
total 16
-rw-r--r-- 1 root root 14049 Mar  1 12:11 kbd.mo

/home/sektor/projects/slackbuilds/a/kbd/pkg/usr/share/locale/pl:
total 0
drwxr-xr-x 1 root root 12 Mar  1 12:11 LC_MESSAGES

/home/sektor/projects/slackbuilds/a/kbd/pkg/usr/share/locale/pl/LC_MESSAGES:
total 44
-rw-r--r-- 1 root root 41587 Mar  1 12:11 kbd.mo

/home/sektor/projects/slackbuilds/a/kbd/pkg/usr/share/locale/pt:
total 0
drwxr-xr-x 1 root root 12 Mar  1 12:11 LC_MESSAGES

/home/sektor/projects/slackbuilds/a/kbd/pkg/usr/share/locale/pt/LC_MESSAGES:
total 40
-rw-r--r-- 1 root root 38566 Mar  1 12:11 kbd.mo

/home/sektor/projects/slackbuilds/a/kbd/pkg/usr/share/locale/pt_BR:
total 0
drwxr-xr-x 1 root root 12 Mar  1 12:11 LC_MESSAGES

/home/sektor/projects/slackbuilds/a/kbd/pkg/usr/share/locale/pt_BR/LC_MESSAGES:
total 40
-rw-r--r-- 1 root root 39868 Mar  1 12:11 kbd.mo

/home/sektor/projects/slackbuilds/a/kbd/pkg/usr/share/locale/ro:
total 0
drwxr-xr-x 1 root root 12 Mar  1 12:11 LC_MESSAGES

/home/sektor/projects/slackbuilds/a/kbd/pkg/usr/share/locale/ro/LC_MESSAGES:
total 44
-rw-r--r-- 1 root root 43916 Mar  1 12:11 kbd.mo

/home/sektor/projects/slackbuilds/a/kbd/pkg/usr/share/locale/ru:
total 0
drwxr-xr-x 1 root root 12 Mar  1 12:11 LC_MESSAGES

/home/sektor/projects/slackbuilds/a/kbd/pkg/usr/share/locale/ru/LC_MESSAGES:
total 56
-rw-r--r-- 1 root root 54642 Mar  1 12:11 kbd.mo

/home/sektor/projects/slackbuilds/a/kbd/pkg/usr/share/locale/sr:
total 0
drwxr-xr-x 1 root root 12 Mar  1 12:11 LC_MESSAGES

/home/sektor/projects/slackbuilds/a/kbd/pkg/usr/share/locale/sr/LC_MESSAGES:
total 52
-rw-r--r-- 1 root root 52996 Mar  1 12:11 kbd.mo

/home/sektor/projects/slackbuilds/a/kbd/pkg/usr/share/locale/sv:
total 0
drwxr-xr-x 1 root root 12 Mar  1 12:11 LC_MESSAGES

/home/sektor/projects/slackbuilds/a/kbd/pkg/usr/share/locale/sv/LC_MESSAGES:
total 40
-rw-r--r-- 1 root root 40873 Mar  1 12:11 kbd.mo

/home/sektor/projects/slackbuilds/a/kbd/pkg/usr/share/locale/tr:
total 0
drwxr-xr-x 1 root root 12 Mar  1 12:11 LC_MESSAGES

/home/sektor/projects/slackbuilds/a/kbd/pkg/usr/share/locale/tr/LC_MESSAGES:
total 8
-rw-r--r-- 1 root root 5694 Mar  1 12:11 kbd.mo

/home/sektor/projects/slackbuilds/a/kbd/pkg/usr/share/locale/uk:
total 0
drwxr-xr-x 1 root root 12 Mar  1 12:11 LC_MESSAGES

/home/sektor/projects/slackbuilds/a/kbd/pkg/usr/share/locale/uk/LC_MESSAGES:
total 56
-rw-r--r-- 1 root root 54663 Mar  1 12:11 kbd.mo

/home/sektor/projects/slackbuilds/a/kbd/pkg/usr/share/locale/vi:
total 0
drwxr-xr-x 1 root root 12 Mar  1 12:11 LC_MESSAGES

/home/sektor/projects/slackbuilds/a/kbd/pkg/usr/share/locale/vi/LC_MESSAGES:
total 16
-rw-r--r-- 1 root root 15132 Mar  1 12:11 kbd.mo

/home/sektor/projects/slackbuilds/a/kbd/pkg/usr/share/locale/zh_CN:
total 0
drwxr-xr-x 1 root root 12 Mar  1 12:11 LC_MESSAGES

/home/sektor/projects/slackbuilds/a/kbd/pkg/usr/share/locale/zh_CN/LC_MESSAGES:
total 20
-rw-r--r-- 1 root root 18131 Mar  1 12:11 kbd.mo

/home/sektor/projects/slackbuilds/a/kbd/pkg/usr/src:
total 0
drwxr-xr-x 1 root root 210 Mar  1 12:11 kbd-2.6.3

/home/sektor/projects/slackbuilds/a/kbd/pkg/usr/src/kbd-2.6.3:
total 60
-rw-r--r-- 1 root root  4168 Mar  1 12:11 SLKBUILD
-rw-r--r-- 1 root root 25517 Mar  1 12:11 extraf.tgz
-rw-r--r-- 1 root root   462 Mar  1 12:11 fix-euro2.patch
-rw-r--r-- 1 root root  2108 Mar  1 12:11 kbd-1.15-backspace-1.patch.gz
-rw-r--r-- 1 root root  5030 Mar  1 12:11 setconsolefont
-rw-r--r-- 1 root root   283 Mar  1 12:11 setup.setconsolefont
-rw-r--r-- 1 root root   124 Mar  1 12:11 vlock.pam

/home/sektor/projects/slackbuilds/a/kbd/pkg/var:
total 0
drwxr-xr-x 1 root root 10 Mar  1 12:11 log

/home/sektor/projects/slackbuilds/a/kbd/pkg/var/log:
total 0
drwxr-xr-x 1 root root 40 Mar  1 12:11 setup

/home/sektor/projects/slackbuilds/a/kbd/pkg/var/log/setup:
total 4
-rwxr-xr-x 1 root root 283 Mar  1 12:11 setup.setconsolefont

Slackware package maker, version 3.14159265.

Searching for symbolic links:
usr/bin/psfaddtable	psfxtable
usr/bin/psfgettable	psfxtable
usr/bin/psfstriptable	psfxtable
usr/lib64/libkbdfile.so	libkbdfile.so.1.0.0
usr/lib64/libkbdfile.so.1	libkbdfile.so.1.0.0
usr/lib64/libkeymap.so	libkeymap.so.1.0.0
usr/lib64/libkeymap.so.1	libkeymap.so.1.0.0
usr/share/kbd/keymaps/ppc	mac

Making symbolic link creation script:
( cd usr/bin ; rm -rf psfaddtable )
( cd usr/bin ; ln -sf psfxtable psfaddtable )
( cd usr/bin ; rm -rf psfgettable )
( cd usr/bin ; ln -sf psfxtable psfgettable )
( cd usr/bin ; rm -rf psfstriptable )
( cd usr/bin ; ln -sf psfxtable psfstriptable )
( cd usr/lib64 ; rm -rf libkbdfile.so )
( cd usr/lib64 ; ln -sf libkbdfile.so.1.0.0 libkbdfile.so )
( cd usr/lib64 ; rm -rf libkbdfile.so.1 )
( cd usr/lib64 ; ln -sf libkbdfile.so.1.0.0 libkbdfile.so.1 )
( cd usr/lib64 ; rm -rf libkeymap.so )
( cd usr/lib64 ; ln -sf libkeymap.so.1.0.0 libkeymap.so )
( cd usr/lib64 ; rm -rf libkeymap.so.1 )
( cd usr/lib64 ; ln -sf libkeymap.so.1.0.0 libkeymap.so.1 )
( cd usr/share/kbd/keymaps ; rm -rf ppc )
( cd usr/share/kbd/keymaps ; ln -sf mac ppc )

Unless your existing installation script already contains the code
to create these links, you should append these lines to your existing
install script. Now's your chance. :^)

Would you like to add this stuff to the existing install script and
remove the symbolic links ([y]es, [n]o)? y


Removing symbolic links:
removed './usr/lib64/libkbdfile.so.1'
removed './usr/lib64/libkbdfile.so'
removed './usr/lib64/libkeymap.so.1'
removed './usr/lib64/libkeymap.so'
removed './usr/bin/psfaddtable'
removed './usr/bin/psfgettable'
removed './usr/bin/psfstriptable'
removed './usr/share/kbd/keymaps/ppc'

Updating your ./install/doinst.sh (prepending symlinks)...

This next step is optional - you can set the directories in your package
to some sane permissions. If any of the directories in your package have
special permissions, then DO NOT reset them here!

Would you like to reset all directory permissions to 755 (drwxr-xr-x) and
directory ownerships to root:root ([y]es, [n]o)? n


Creating Slackware package:  /home/sektor/projects/slackbuilds/a/kbd/kbd-2.6.3-x86_64-1slint.txz

./
etc/
etc/pam.d/
etc/pam.d/vlock.new
etc/rc.d/
etc/rc.d/rc.font.new
install/
install/doinst.sh
install/slack-desc
usr/
usr/bin/
usr/bin/chvt
usr/bin/clrunimap
usr/bin/deallocvt
usr/bin/dumpkeys
usr/bin/fgconsole
usr/bin/getkeycodes
usr/bin/getunimap
usr/bin/kbd_mode
usr/bin/kbdinfo
usr/bin/kbdrate
usr/bin/loadkeys
usr/bin/loadunimap
usr/bin/mapscrn
usr/bin/openvt
usr/bin/outpsfheader
usr/bin/psfxtable
usr/bin/screendump
usr/bin/setconsolefont
usr/bin/setfont
usr/bin/setkeycodes
usr/bin/setleds
usr/bin/setlogcons
usr/bin/setmetamode
usr/bin/setpalette
usr/bin/setvesablank
usr/bin/setvtrgb
usr/bin/showconsolefont
usr/bin/showkey
usr/bin/spawn_console
usr/bin/spawn_login
usr/bin/unicode_start
usr/bin/unicode_stop
usr/bin/vlock
usr/doc/
usr/doc/kbd-2.6.3/
usr/doc/kbd-2.6.3/AUTHORS
usr/doc/kbd-2.6.3/COPYING
usr/doc/kbd-2.6.3/CREDITS
usr/doc/kbd-2.6.3/ChangeLog
usr/doc/kbd-2.6.3/NEWS
usr/doc/kbd-2.6.3/README
usr/doc/kbd-2.6.3/html/
usr/doc/kbd-2.6.3/html/Doxyheader.html
usr/doc/kbd-2.6.3/html/annotated.html
usr/doc/kbd-2.6.3/html/array_8h.html
usr/doc/kbd-2.6.3/html/array_8h_source.html
usr/doc/kbd-2.6.3/html/bc_s.png
usr/doc/kbd-2.6.3/html/bdwn.png
usr/doc/kbd-2.6.3/html/charset_8h.html
usr/doc/kbd-2.6.3/html/charset_8h_source.html
usr/doc/kbd-2.6.3/html/classes.html
usr/doc/kbd-2.6.3/html/closed.png
usr/doc/kbd-2.6.3/html/common_8h.html
usr/doc/kbd-2.6.3/html/common_8h_source.html
usr/doc/kbd-2.6.3/html/context_8h.html
usr/doc/kbd-2.6.3/html/context_8h_source.html
usr/doc/kbd-2.6.3/html/dir_3023c0a2bf5f8a69a2e782253c163d72.html
usr/doc/kbd-2.6.3/html/dir_49e56c817e5e54854c35e136979f97ca.html
usr/doc/kbd-2.6.3/html/dir_4bd0647920563407f6428cd81f4b239d.html
usr/doc/kbd-2.6.3/html/dir_5ba4a5643591dc5dc7d346d490557182.html
usr/doc/kbd-2.6.3/html/dir_62c7a06ab6d0517e94baecab48e4799d.html
usr/doc/kbd-2.6.3/html/dir_68267d1309a1af8e8297ef4c3efbcdba.html
usr/doc/kbd-2.6.3/html/doc.png
usr/doc/kbd-2.6.3/html/doxygen.css
usr/doc/kbd-2.6.3/html/doxygen.svg
usr/doc/kbd-2.6.3/html/dump_8h.html
usr/doc/kbd-2.6.3/html/dump_8h_source.html
usr/doc/kbd-2.6.3/html/dynsections.js
usr/doc/kbd-2.6.3/html/files.html
usr/doc/kbd-2.6.3/html/folderclosed.png
usr/doc/kbd-2.6.3/html/folderopen.png
usr/doc/kbd-2.6.3/html/functions.html
usr/doc/kbd-2.6.3/html/functions_vars.html
usr/doc/kbd-2.6.3/html/globals.html
usr/doc/kbd-2.6.3/html/globals_defs.html
usr/doc/kbd-2.6.3/html/globals_enum.html
usr/doc/kbd-2.6.3/html/globals_eval.html
usr/doc/kbd-2.6.3/html/globals_func.html
usr/doc/kbd-2.6.3/html/globals_type.html
usr/doc/kbd-2.6.3/html/index.html
usr/doc/kbd-2.6.3/html/jquery.js
usr/doc/kbd-2.6.3/html/kernel_8h.html
usr/doc/kbd-2.6.3/html/kernel_8h_source.html
usr/doc/kbd-2.6.3/html/kmap_8h.html
usr/doc/kbd-2.6.3/html/kmap_8h_source.html
usr/doc/kbd-2.6.3/html/logging_8h.html
usr/doc/kbd-2.6.3/html/logging_8h_source.html
usr/doc/kbd-2.6.3/html/menu.js
usr/doc/kbd-2.6.3/html/menudata.js
usr/doc/kbd-2.6.3/html/nav_f.png
usr/doc/kbd-2.6.3/html/nav_g.png
usr/doc/kbd-2.6.3/html/nav_h.png
usr/doc/kbd-2.6.3/html/open.png
usr/doc/kbd-2.6.3/html/splitbar.png
usr/doc/kbd-2.6.3/html/structkmapinfo.html
usr/doc/kbd-2.6.3/html/structlk__array.html
usr/doc/kbd-2.6.3/html/structlk__kbdiacr.html
usr/doc/kbd-2.6.3/html/sync_off.png
usr/doc/kbd-2.6.3/html/sync_on.png
usr/doc/kbd-2.6.3/html/tab_a.png
usr/doc/kbd-2.6.3/html/tab_b.png
usr/doc/kbd-2.6.3/html/tab_h.png
usr/doc/kbd-2.6.3/html/tab_s.png
usr/doc/kbd-2.6.3/html/tabs.css
usr/include/
usr/include/kbdfile.h
usr/include/keymap/
usr/include/keymap.h
usr/include/keymap/array.h
usr/include/keymap/charset.h
usr/include/keymap/common.h
usr/include/keymap/context.h
usr/include/keymap/dump.h
usr/include/keymap/kernel.h
usr/include/keymap/kmap.h
usr/include/keymap/logging.h
usr/lib64/
usr/lib64/libkbdfile.so.1.0.0
usr/lib64/libkeymap.so.1.0.0
usr/lib64/pkgconfig/
usr/lib64/pkgconfig/libkeymap.pc
usr/man/
usr/man/man1/
usr/man/man1/chvt.1.gz
usr/man/man1/codepage.1.gz
usr/man/man1/deallocvt.1.gz
usr/man/man1/dumpkeys.1.gz
usr/man/man1/fgconsole.1.gz
usr/man/man1/kbd_mode.1.gz
usr/man/man1/kbdinfo.1.gz
usr/man/man1/loadkeys.1.gz
usr/man/man1/openvt.1.gz
usr/man/man1/psfaddtable.1.gz
usr/man/man1/psfgettable.1.gz
usr/man/man1/psfstriptable.1.gz
usr/man/man1/psfxtable.1.gz
usr/man/man1/screendump.1.gz
usr/man/man1/setleds.1.gz
usr/man/man1/setmetamode.1.gz
usr/man/man1/showkey.1.gz
usr/man/man1/splitfont.1.gz
usr/man/man1/unicode_start.1.gz
usr/man/man1/unicode_stop.1.gz
usr/man/man1/vlock.1.gz
usr/man/man5/
usr/man/man5/keymaps.5.gz
usr/man/man8/
usr/man/man8/clrunimap.8.gz
usr/man/man8/getkeycodes.8.gz
usr/man/man8/getunimap.8.gz
usr/man/man8/kbdrate.8.gz
usr/man/man8/loadunimap.8.gz
usr/man/man8/mapscrn.8.gz
usr/man/man8/mk_modmap.8.gz
usr/man/man8/setfont.8.gz
usr/man/man8/setkeycodes.8.gz
usr/man/man8/setlogcons.8.gz
usr/man/man8/setvesablank.8.gz
usr/man/man8/setvtrgb.8.gz
usr/man/man8/showconsolefont.8.gz
usr/man/man8/vcstime.8.gz
usr/share/
usr/share/kbd/
usr/share/kbd/consolefonts/
usr/share/kbd/consolefonts/161.cp.gz
usr/share/kbd/consolefonts/162.cp.gz
usr/share/kbd/consolefonts/163.cp.gz
usr/share/kbd/consolefonts/164.cp.gz
usr/share/kbd/consolefonts/165.cp.gz
usr/share/kbd/consolefonts/737.cp.gz
usr/share/kbd/consolefonts/880.cp.gz
usr/share/kbd/consolefonts/928.cp.gz
usr/share/kbd/consolefonts/972.cp.gz
usr/share/kbd/consolefonts/Agafari-12.psfu.gz
usr/share/kbd/consolefonts/Agafari-14.psfu.gz
usr/share/kbd/consolefonts/Agafari-16.psfu.gz
usr/share/kbd/consolefonts/Cyr_a8x14.psfu.gz
usr/share/kbd/consolefonts/Cyr_a8x16.psfu.gz
usr/share/kbd/consolefonts/Cyr_a8x8.psfu.gz
usr/share/kbd/consolefonts/ERRORS
usr/share/kbd/consolefonts/Goha-12.psfu.gz
usr/share/kbd/consolefonts/Goha-14.psfu.gz
usr/share/kbd/consolefonts/Goha-16.psfu.gz
usr/share/kbd/consolefonts/GohaClassic-12.psfu.gz
usr/share/kbd/consolefonts/GohaClassic-14.psfu.gz
usr/share/kbd/consolefonts/GohaClassic-16.psfu.gz
usr/share/kbd/consolefonts/Lat2-Terminus16.psfu.gz
usr/share/kbd/consolefonts/LatArCyrHeb-08.psfu.gz
usr/share/kbd/consolefonts/LatArCyrHeb-14.psfu.gz
usr/share/kbd/consolefonts/LatArCyrHeb-16+.psfu.gz
usr/share/kbd/consolefonts/LatArCyrHeb-16.psfu.gz
usr/share/kbd/consolefonts/LatArCyrHeb-19.psfu.gz
usr/share/kbd/consolefonts/LatGrkCyr-12x22.psfu.gz
usr/share/kbd/consolefonts/LatGrkCyr-8x16.psfu.gz
usr/share/kbd/consolefonts/LatKaCyrHeb-14.psfu.gz
usr/share/kbd/consolefonts/Mik_8x16.gz
usr/share/kbd/consolefonts/README.12x22
usr/share/kbd/consolefonts/README.Arabic
usr/share/kbd/consolefonts/README.Cyrillic
usr/share/kbd/consolefonts/README.Ethiopic
usr/share/kbd/consolefonts/README.Greek
usr/share/kbd/consolefonts/README.Hebrew
usr/share/kbd/consolefonts/README.Lat2-Terminus16
usr/share/kbd/consolefonts/README.LatGrkCyr
usr/share/kbd/consolefonts/README.Sun
usr/share/kbd/consolefonts/README.cp1250
usr/share/kbd/consolefonts/README.cybercafe
usr/share/kbd/consolefonts/README.drdos
usr/share/kbd/consolefonts/README.eurlatgr
usr/share/kbd/consolefonts/README.eurlatgr.mappings
usr/share/kbd/consolefonts/README.extraf
usr/share/kbd/consolefonts/README.lat0
usr/share/kbd/consolefonts/README.lat7
usr/share/kbd/consolefonts/README.lat9
usr/share/kbd/consolefonts/README.psfu
usr/share/kbd/consolefonts/UniCyrExt_8x16.psf.gz
usr/share/kbd/consolefonts/UniCyr_8x14.psf.gz
usr/share/kbd/consolefonts/UniCyr_8x16.psf.gz
usr/share/kbd/consolefonts/UniCyr_8x8.psf.gz
usr/share/kbd/consolefonts/alt-8x14.gz
usr/share/kbd/consolefonts/alt-8x16.gz
usr/share/kbd/consolefonts/alt-8x8.gz
usr/share/kbd/consolefonts/altc-8x16.gz
usr/share/kbd/consolefonts/aply16.psf.gz
usr/share/kbd/consolefonts/arm8.fnt.gz
usr/share/kbd/consolefonts/b.fnt.gz
usr/share/kbd/consolefonts/c.fnt.gz
usr/share/kbd/consolefonts/cp1250.psfu.gz
usr/share/kbd/consolefonts/cp850-8x14.psfu.gz
usr/share/kbd/consolefonts/cp850-8x16.psfu.gz
usr/share/kbd/consolefonts/cp850-8x8.psfu.gz
usr/share/kbd/consolefonts/cp857.08.gz
usr/share/kbd/consolefonts/cp857.14.gz
usr/share/kbd/consolefonts/cp857.16.gz
usr/share/kbd/consolefonts/cp865-8x14.psfu.gz
usr/share/kbd/consolefonts/cp865-8x16.psfu.gz
usr/share/kbd/consolefonts/cp865-8x8.psfu.gz
usr/share/kbd/consolefonts/cp866-8x14.psf.gz
usr/share/kbd/consolefonts/cp866-8x16.psf.gz
usr/share/kbd/consolefonts/cp866-8x8.psf.gz
usr/share/kbd/consolefonts/cybercafe.fnt.gz
usr/share/kbd/consolefonts/cyr-sun16.psfu.gz
usr/share/kbd/consolefonts/default8x16.psfu.gz
usr/share/kbd/consolefonts/default8x9.psfu.gz
usr/share/kbd/consolefonts/drdos8x14.psfu.gz
usr/share/kbd/consolefonts/drdos8x16.psfu.gz
usr/share/kbd/consolefonts/drdos8x6.psfu.gz
usr/share/kbd/consolefonts/drdos8x8.psfu.gz
usr/share/kbd/consolefonts/eurlatgr.psfu.gz
usr/share/kbd/consolefonts/gr737a-8x8.psfu.gz
usr/share/kbd/consolefonts/gr737a-9x14.psfu.gz
usr/share/kbd/consolefonts/gr737a-9x16.psfu.gz
usr/share/kbd/consolefonts/gr737b-8x11.psfu.gz
usr/share/kbd/consolefonts/gr737b-9x16-medieval.psfu.gz
usr/share/kbd/consolefonts/gr737c-8x14.psfu.gz
usr/share/kbd/consolefonts/gr737c-8x16.psfu.gz
usr/share/kbd/consolefonts/gr737c-8x6.psfu.gz
usr/share/kbd/consolefonts/gr737c-8x7.psfu.gz
usr/share/kbd/consolefonts/gr737c-8x8.psfu.gz
usr/share/kbd/consolefonts/gr737d-8x16.psfu.gz
usr/share/kbd/consolefonts/gr928-8x16-thin.psfu.gz
usr/share/kbd/consolefonts/gr928-9x14.psfu.gz
usr/share/kbd/consolefonts/gr928-9x16.psfu.gz
usr/share/kbd/consolefonts/gr928a-8x14.psfu.gz
usr/share/kbd/consolefonts/gr928a-8x16.psfu.gz
usr/share/kbd/consolefonts/gr928b-8x14.psfu.gz
usr/share/kbd/consolefonts/gr928b-8x16.psfu.gz
usr/share/kbd/consolefonts/greek-polytonic.psfu.gz
usr/share/kbd/consolefonts/iso01-12x22.psfu.gz
usr/share/kbd/consolefonts/iso01.08.gz
usr/share/kbd/consolefonts/iso01.14.gz
usr/share/kbd/consolefonts/iso01.16.gz
usr/share/kbd/consolefonts/iso02-12x22.psfu.gz
usr/share/kbd/consolefonts/iso02.08.gz
usr/share/kbd/consolefonts/iso02.14.gz
usr/share/kbd/consolefonts/iso02.16.gz
usr/share/kbd/consolefonts/iso03.08.gz
usr/share/kbd/consolefonts/iso03.14.gz
usr/share/kbd/consolefonts/iso03.16.gz
usr/share/kbd/consolefonts/iso04.08.gz
usr/share/kbd/consolefonts/iso04.14.gz
usr/share/kbd/consolefonts/iso04.16.gz
usr/share/kbd/consolefonts/iso05.08.gz
usr/share/kbd/consolefonts/iso05.14.gz
usr/share/kbd/consolefonts/iso05.16.gz
usr/share/kbd/consolefonts/iso06.08.gz
usr/share/kbd/consolefonts/iso06.14.gz
usr/share/kbd/consolefonts/iso06.16.gz
usr/share/kbd/consolefonts/iso07.14.gz
usr/share/kbd/consolefonts/iso07.16.gz
usr/share/kbd/consolefonts/iso07u-16.psfu.gz
usr/share/kbd/consolefonts/iso08.08.gz
usr/share/kbd/consolefonts/iso08.14.gz
usr/share/kbd/consolefonts/iso08.16.gz
usr/share/kbd/consolefonts/iso09.08.gz
usr/share/kbd/consolefonts/iso09.14.gz
usr/share/kbd/consolefonts/iso09.16.gz
usr/share/kbd/consolefonts/iso10.08.gz
usr/share/kbd/consolefonts/iso10.14.gz
usr/share/kbd/consolefonts/iso10.16.gz
usr/share/kbd/consolefonts/koi8-14.psf.gz
usr/share/kbd/consolefonts/koi8c-8x16.gz
usr/share/kbd/consolefonts/koi8r-8x14.gz
usr/share/kbd/consolefonts/koi8r-8x16.gz
usr/share/kbd/consolefonts/koi8r-8x8.gz
usr/share/kbd/consolefonts/koi8r.8x8.psfu.gz
usr/share/kbd/consolefonts/koi8u_8x14.psfu.gz
usr/share/kbd/consolefonts/koi8u_8x16.psfu.gz
usr/share/kbd/consolefonts/koi8u_8x8.psfu.gz
usr/share/kbd/consolefonts/lat0-08.psfu.gz
usr/share/kbd/consolefonts/lat0-10.psfu.gz
usr/share/kbd/consolefonts/lat0-12.psfu.gz
usr/share/kbd/consolefonts/lat0-14.psfu.gz
usr/share/kbd/consolefonts/lat0-16.psfu.gz
usr/share/kbd/consolefonts/lat0-sun16.psfu.gz
usr/share/kbd/consolefonts/lat1-08.psfu.gz
usr/share/kbd/consolefonts/lat1-10.psfu.gz
usr/share/kbd/consolefonts/lat1-12.psfu.gz
usr/share/kbd/consolefonts/lat1-14.psfu.gz
usr/share/kbd/consolefonts/lat1-16.psfu.gz
usr/share/kbd/consolefonts/lat2-08.psfu.gz
usr/share/kbd/consolefonts/lat2-10.psfu.gz
usr/share/kbd/consolefonts/lat2-12.psfu.gz
usr/share/kbd/consolefonts/lat2-14.psfu.gz
usr/share/kbd/consolefonts/lat2-16.psfu.gz
usr/share/kbd/consolefonts/lat2-sun16.psfu.gz
usr/share/kbd/consolefonts/lat2a-16.psfu.gz
usr/share/kbd/consolefonts/lat4-08.psfu.gz
usr/share/kbd/consolefonts/lat4-10.psfu.gz
usr/share/kbd/consolefonts/lat4-12.psfu.gz
usr/share/kbd/consolefonts/lat4-14.psfu.gz
usr/share/kbd/consolefonts/lat4-16+.psfu.gz
usr/share/kbd/consolefonts/lat4-16.psfu.gz
usr/share/kbd/consolefonts/lat4-19.psfu.gz
usr/share/kbd/consolefonts/lat4a-08.psfu.gz
usr/share/kbd/consolefonts/lat4a-10.psfu.gz
usr/share/kbd/consolefonts/lat4a-12.psfu.gz
usr/share/kbd/consolefonts/lat4a-14.psfu.gz
usr/share/kbd/consolefonts/lat4a-16+.psfu.gz
usr/share/kbd/consolefonts/lat4a-16.psfu.gz
usr/share/kbd/consolefonts/lat4a-19.psfu.gz
usr/share/kbd/consolefonts/lat5-12.psfu.gz
usr/share/kbd/consolefonts/lat5-14.psfu.gz
usr/share/kbd/consolefonts/lat5-16.psfu.gz
usr/share/kbd/consolefonts/lat7-14.psfu.gz
usr/share/kbd/consolefonts/lat7a-14.psfu.gz
usr/share/kbd/consolefonts/lat7a-16.psf.gz
usr/share/kbd/consolefonts/lat9-08.psf.gz
usr/share/kbd/consolefonts/lat9-10.psf.gz
usr/share/kbd/consolefonts/lat9-12.psf.gz
usr/share/kbd/consolefonts/lat9-14.psf.gz
usr/share/kbd/consolefonts/lat9-16.psf.gz
usr/share/kbd/consolefonts/lat9u-08.psfu.gz
usr/share/kbd/consolefonts/lat9u-10.psfu.gz
usr/share/kbd/consolefonts/lat9u-12.psfu.gz
usr/share/kbd/consolefonts/lat9u-14.psfu.gz
usr/share/kbd/consolefonts/lat9u-16.psfu.gz
usr/share/kbd/consolefonts/lat9v-08.psfu.gz
usr/share/kbd/consolefonts/lat9v-10.psfu.gz
usr/share/kbd/consolefonts/lat9v-12.psfu.gz
usr/share/kbd/consolefonts/lat9v-14.psfu.gz
usr/share/kbd/consolefonts/lat9v-16.psfu.gz
usr/share/kbd/consolefonts/lat9w-08.psfu.gz
usr/share/kbd/consolefonts/lat9w-10.psfu.gz
usr/share/kbd/consolefonts/lat9w-12.psfu.gz
usr/share/kbd/consolefonts/lat9w-14.psfu.gz
usr/share/kbd/consolefonts/lat9w-16.psfu.gz
usr/share/kbd/consolefonts/latarcyrheb-sun16.psfu.gz
usr/share/kbd/consolefonts/latarcyrheb-sun32.psfu.gz
usr/share/kbd/consolefonts/m.fnt.gz
usr/share/kbd/consolefonts/ml.fnt.gz
usr/share/kbd/consolefonts/mod_d.fnt.gz
usr/share/kbd/consolefonts/mod_s.fnt.gz
usr/share/kbd/consolefonts/mr.fnt.gz
usr/share/kbd/consolefonts/mu.fnt.gz
usr/share/kbd/consolefonts/pancyrillic.f16.psfu.gz
usr/share/kbd/consolefonts/partialfonts/
usr/share/kbd/consolefonts/partialfonts/8859-1.a0-ff.08.gz
usr/share/kbd/consolefonts/partialfonts/8859-1.a0-ff.14.gz
usr/share/kbd/consolefonts/partialfonts/8859-1.a0-ff.16.gz
usr/share/kbd/consolefonts/partialfonts/8859-10.a0-ff.08.gz
usr/share/kbd/consolefonts/partialfonts/8859-10.a0-ff.14.gz
usr/share/kbd/consolefonts/partialfonts/8859-10.a0-ff.16.gz
usr/share/kbd/consolefonts/partialfonts/8859-2.a0-ff.08.gz
usr/share/kbd/consolefonts/partialfonts/8859-2.a0-ff.14.gz
usr/share/kbd/consolefonts/partialfonts/8859-2.a0-ff.16.gz
usr/share/kbd/consolefonts/partialfonts/8859-3.a0-ff.08.gz
usr/share/kbd/consolefonts/partialfonts/8859-3.a0-ff.14.gz
usr/share/kbd/consolefonts/partialfonts/8859-3.a0-ff.16.gz
usr/share/kbd/consolefonts/partialfonts/8859-4.a0-ff.08.gz
usr/share/kbd/consolefonts/partialfonts/8859-4.a0-ff.14.gz
usr/share/kbd/consolefonts/partialfonts/8859-4.a0-ff.16.gz
usr/share/kbd/consolefonts/partialfonts/8859-5.a0-ff.08.gz
usr/share/kbd/consolefonts/partialfonts/8859-5.a0-ff.14.gz
usr/share/kbd/consolefonts/partialfonts/8859-5.a0-ff.16.gz
usr/share/kbd/consolefonts/partialfonts/8859-6.a0-ff.08.gz
usr/share/kbd/consolefonts/partialfonts/8859-6.a0-ff.14.gz
usr/share/kbd/consolefonts/partialfonts/8859-6.a0-ff.16.gz
usr/share/kbd/consolefonts/partialfonts/8859-7.a0-ff.08.gz
usr/share/kbd/consolefonts/partialfonts/8859-7.a0-ff.14.gz
usr/share/kbd/consolefonts/partialfonts/8859-7.a0-ff.16.gz
usr/share/kbd/consolefonts/partialfonts/8859-8.a0-ff.08.gz
usr/share/kbd/consolefonts/partialfonts/8859-8.a0-ff.14.gz
usr/share/kbd/consolefonts/partialfonts/8859-8.a0-ff.16.gz
usr/share/kbd/consolefonts/partialfonts/8859-9.a0-ff.08.gz
usr/share/kbd/consolefonts/partialfonts/8859-9.a0-ff.14.gz
usr/share/kbd/consolefonts/partialfonts/8859-9.a0-ff.16.gz
usr/share/kbd/consolefonts/partialfonts/ascii.20-7f.08.gz
usr/share/kbd/consolefonts/partialfonts/ascii.20-7f.14.gz
usr/share/kbd/consolefonts/partialfonts/ascii.20-7f.16.gz
usr/share/kbd/consolefonts/partialfonts/cp437.00-1f.08.gz
usr/share/kbd/consolefonts/partialfonts/cp437.00-1f.14.gz
usr/share/kbd/consolefonts/partialfonts/cp437.00-1f.16.gz
usr/share/kbd/consolefonts/partialfonts/none.00-17.08.gz
usr/share/kbd/consolefonts/partialfonts/none.00-17.14.gz
usr/share/kbd/consolefonts/partialfonts/none.00-17.16.gz
usr/share/kbd/consolefonts/r.fnt.gz
usr/share/kbd/consolefonts/rl.fnt.gz
usr/share/kbd/consolefonts/ro.fnt.gz
usr/share/kbd/consolefonts/ruscii_8x16.psfu.gz
usr/share/kbd/consolefonts/ruscii_8x8.psfu.gz
usr/share/kbd/consolefonts/s.fnt.gz
usr/share/kbd/consolefonts/sc.fnt.gz
usr/share/kbd/consolefonts/scrawl_s.fnt.gz
usr/share/kbd/consolefonts/scrawl_w.fnt.gz
usr/share/kbd/consolefonts/sd.fnt.gz
usr/share/kbd/consolefonts/solar24x32.psfu.gz
usr/share/kbd/consolefonts/sun12x22.psfu.gz
usr/share/kbd/consolefonts/t.fnt.gz
usr/share/kbd/consolefonts/t850b.fnt.gz
usr/share/kbd/consolefonts/tcvn8x16.psf.gz
usr/share/kbd/consolefonts/viscii10-8x16.psfu.gz
usr/share/kbd/consoletrans/
usr/share/kbd/consoletrans/8859-10_to_uni.trans
usr/share/kbd/consoletrans/8859-13_to_uni.trans
usr/share/kbd/consoletrans/8859-14_to_uni.trans
usr/share/kbd/consoletrans/8859-15_to_uni.trans
usr/share/kbd/consoletrans/8859-1_to_uni.trans
usr/share/kbd/consoletrans/8859-2_to_uni.trans
usr/share/kbd/consoletrans/8859-3_to_uni.trans
usr/share/kbd/consoletrans/8859-4_to_uni.trans
usr/share/kbd/consoletrans/8859-5_to_uni.trans
usr/share/kbd/consoletrans/8859-6_to_uni.trans
usr/share/kbd/consoletrans/8859-7_to_uni.trans
usr/share/kbd/consoletrans/8859-8_to_uni.trans
usr/share/kbd/consoletrans/8859-9_to_uni.trans
usr/share/kbd/consoletrans/baltic.trans
usr/share/kbd/consoletrans/cp1250_to_uni.trans
usr/share/kbd/consoletrans/cp1251_to_uni.trans
usr/share/kbd/consoletrans/cp437_to_iso01.trans
usr/share/kbd/consoletrans/cp437_to_uni.trans
usr/share/kbd/consoletrans/cp737_to_uni.trans
usr/share/kbd/consoletrans/cp775_to_uni.trans
usr/share/kbd/consoletrans/cp850_to_iso01.trans
usr/share/kbd/consoletrans/cp850_to_uni.trans
usr/share/kbd/consoletrans/cp852_to_uni.trans
usr/share/kbd/consoletrans/cp853_to_uni.trans
usr/share/kbd/consoletrans/cp855_to_uni.trans
usr/share/kbd/consoletrans/cp857_to_uni.trans
usr/share/kbd/consoletrans/cp860_to_uni.trans
usr/share/kbd/consoletrans/cp861_to_uni.trans
usr/share/kbd/consoletrans/cp862_to_uni.trans
usr/share/kbd/consoletrans/cp863_to_uni.trans
usr/share/kbd/consoletrans/cp864_to_uni.trans
usr/share/kbd/consoletrans/cp865_to_uni.trans
usr/share/kbd/consoletrans/cp866_to_uni.trans
usr/share/kbd/consoletrans/cp869_to_uni.trans
usr/share/kbd/consoletrans/cp874_to_uni.trans
usr/share/kbd/consoletrans/iso02_to_cp1250.trans
usr/share/kbd/consoletrans/koi2alt
usr/share/kbd/consoletrans/koi8-r_to_uni.trans
usr/share/kbd/consoletrans/koi8-u_to_uni.trans
usr/share/kbd/consoletrans/koi8u2ruscii
usr/share/kbd/consoletrans/latin2u.trans
usr/share/kbd/consoletrans/null
usr/share/kbd/consoletrans/space
usr/share/kbd/consoletrans/trivial
usr/share/kbd/consoletrans/utflist
usr/share/kbd/consoletrans/vga2iso
usr/share/kbd/consoletrans/viscii1.0_to_tcvn.trans
usr/share/kbd/consoletrans/viscii1.0_to_viscii1.1.trans
usr/share/kbd/consoletrans/zero
usr/share/kbd/keymaps/
usr/share/kbd/keymaps/amiga/
usr/share/kbd/keymaps/amiga/amiga-de.map.gz
usr/share/kbd/keymaps/amiga/amiga-us.map.gz
usr/share/kbd/keymaps/atari/
usr/share/kbd/keymaps/atari/atari-de.map.gz
usr/share/kbd/keymaps/atari/atari-se.map.gz
usr/share/kbd/keymaps/atari/atari-uk-falcon.map.gz
usr/share/kbd/keymaps/atari/atari-us.map.gz
usr/share/kbd/keymaps/i386/
usr/share/kbd/keymaps/i386/azerty/
usr/share/kbd/keymaps/i386/azerty/azerty.map.gz
usr/share/kbd/keymaps/i386/azerty/be-latin1.map.gz
usr/share/kbd/keymaps/i386/azerty/fr-latin0.map.gz
usr/share/kbd/keymaps/i386/azerty/fr-latin1.map.gz
usr/share/kbd/keymaps/i386/azerty/fr-latin9.map.gz
usr/share/kbd/keymaps/i386/azerty/fr-old.map.gz
usr/share/kbd/keymaps/i386/azerty/fr-pc.map.gz
usr/share/kbd/keymaps/i386/azerty/fr.map.gz
usr/share/kbd/keymaps/i386/azerty/wangbe.map.gz
usr/share/kbd/keymaps/i386/azerty/wangbe2.map.gz
usr/share/kbd/keymaps/i386/bepo/
usr/share/kbd/keymaps/i386/bepo/fr-bepo-latin9.map.gz
usr/share/kbd/keymaps/i386/bepo/fr-bepo.map.gz
usr/share/kbd/keymaps/i386/carpalx/
usr/share/kbd/keymaps/i386/carpalx/carpalx-full.map.gz
usr/share/kbd/keymaps/i386/carpalx/carpalx.map.gz
usr/share/kbd/keymaps/i386/colemak/
usr/share/kbd/keymaps/i386/colemak/colemak.map.gz
usr/share/kbd/keymaps/i386/colemak/mod-dh-ansi-us-awing.map.gz
usr/share/kbd/keymaps/i386/colemak/mod-dh-ansi-us-fatz-wide.map.gz
usr/share/kbd/keymaps/i386/colemak/mod-dh-ansi-us-fatz.map.gz
usr/share/kbd/keymaps/i386/colemak/mod-dh-ansi-us-wide.map.gz
usr/share/kbd/keymaps/i386/colemak/mod-dh-ansi-us.map.gz
usr/share/kbd/keymaps/i386/colemak/mod-dh-iso-uk-wide.map.gz
usr/share/kbd/keymaps/i386/colemak/mod-dh-iso-uk.map.gz
usr/share/kbd/keymaps/i386/colemak/mod-dh-iso-us-wide.map.gz
usr/share/kbd/keymaps/i386/colemak/mod-dh-iso-us.map.gz
usr/share/kbd/keymaps/i386/colemak/mod-dh-matrix-us.map.gz
usr/share/kbd/keymaps/i386/dvorak/
usr/share/kbd/keymaps/i386/dvorak/ANSI-dvorak.map.gz
usr/share/kbd/keymaps/i386/dvorak/dvorak-ca-fr.map.gz
usr/share/kbd/keymaps/i386/dvorak/dvorak-de.map.gz
usr/share/kbd/keymaps/i386/dvorak/dvorak-es.map.gz
usr/share/kbd/keymaps/i386/dvorak/dvorak-fr.map.gz
usr/share/kbd/keymaps/i386/dvorak/dvorak-l.map.gz
usr/share/kbd/keymaps/i386/dvorak/dvorak-la.map.gz
usr/share/kbd/keymaps/i386/dvorak/dvorak-no.map.gz
usr/share/kbd/keymaps/i386/dvorak/dvorak-programmer.map.gz
usr/share/kbd/keymaps/i386/dvorak/dvorak-r.map.gz
usr/share/kbd/keymaps/i386/dvorak/dvorak-ru.map.gz
usr/share/kbd/keymaps/i386/dvorak/dvorak-sv-a1.map.gz
usr/share/kbd/keymaps/i386/dvorak/dvorak-sv-a5.map.gz
usr/share/kbd/keymaps/i386/dvorak/dvorak-uk.map.gz
usr/share/kbd/keymaps/i386/dvorak/dvorak-ukp.map.gz
usr/share/kbd/keymaps/i386/dvorak/dvorak.map.gz
usr/share/kbd/keymaps/i386/fgGIod/
usr/share/kbd/keymaps/i386/fgGIod/tr_f-latin5.map.gz
usr/share/kbd/keymaps/i386/fgGIod/trf-fgGIod.map.gz
usr/share/kbd/keymaps/i386/include/
usr/share/kbd/keymaps/i386/include/applkey.map.gz
usr/share/kbd/keymaps/i386/include/azerty-layout.inc
usr/share/kbd/keymaps/i386/include/backspace.map.gz
usr/share/kbd/keymaps/i386/include/compose.inc
usr/share/kbd/keymaps/i386/include/ctrl.map.gz
usr/share/kbd/keymaps/i386/include/euro.map.gz
usr/share/kbd/keymaps/i386/include/euro1.inc
usr/share/kbd/keymaps/i386/include/euro1.map.gz
usr/share/kbd/keymaps/i386/include/euro2.map.gz
usr/share/kbd/keymaps/i386/include/keypad.map.gz
usr/share/kbd/keymaps/i386/include/linux-keys-bare.inc
usr/share/kbd/keymaps/i386/include/linux-keys-extd.inc
usr/share/kbd/keymaps/i386/include/linux-with-alt-and-altgr.inc
usr/share/kbd/keymaps/i386/include/linux-with-modeshift-altgr.inc
usr/share/kbd/keymaps/i386/include/linux-with-two-alt-keys.inc
usr/share/kbd/keymaps/i386/include/qwerty-layout.inc
usr/share/kbd/keymaps/i386/include/qwertz-layout.inc
usr/share/kbd/keymaps/i386/include/unicode.map.gz
usr/share/kbd/keymaps/i386/include/windowkeys.map.gz
usr/share/kbd/keymaps/i386/neo/
usr/share/kbd/keymaps/i386/neo/3l.map.gz
usr/share/kbd/keymaps/i386/neo/README.md
usr/share/kbd/keymaps/i386/neo/adnw.map.gz
usr/share/kbd/keymaps/i386/neo/bone.map.gz
usr/share/kbd/keymaps/i386/neo/koy.map.gz
usr/share/kbd/keymaps/i386/neo/neo.map.gz
usr/share/kbd/keymaps/i386/neo/neoqwertz.map.gz
usr/share/kbd/keymaps/i386/olpc/
usr/share/kbd/keymaps/i386/olpc/es-olpc.map.gz
usr/share/kbd/keymaps/i386/olpc/pt-olpc.map.gz
usr/share/kbd/keymaps/i386/qwerty/
usr/share/kbd/keymaps/i386/qwerty/bashkir.map.gz
usr/share/kbd/keymaps/i386/qwerty/bg-cp1251.map.gz
usr/share/kbd/keymaps/i386/qwerty/bg-cp855.map.gz
usr/share/kbd/keymaps/i386/qwerty/bg_bds-cp1251.map.gz
usr/share/kbd/keymaps/i386/qwerty/bg_bds-utf8.map.gz
usr/share/kbd/keymaps/i386/qwerty/bg_pho-cp1251.map.gz
usr/share/kbd/keymaps/i386/qwerty/bg_pho-utf8.map.gz
usr/share/kbd/keymaps/i386/qwerty/br-abnt.map.gz
usr/share/kbd/keymaps/i386/qwerty/br-abnt2.map.gz
usr/share/kbd/keymaps/i386/qwerty/br-latin1-abnt2.map.gz
usr/share/kbd/keymaps/i386/qwerty/br-latin1-us.map.gz
usr/share/kbd/keymaps/i386/qwerty/by-cp1251.map.gz
usr/share/kbd/keymaps/i386/qwerty/by.map.gz
usr/share/kbd/keymaps/i386/qwerty/bywin-cp1251.map.gz
usr/share/kbd/keymaps/i386/qwerty/ca.map.gz
usr/share/kbd/keymaps/i386/qwerty/cf.map.gz
usr/share/kbd/keymaps/i386/qwerty/cz-cp1250.map.gz
usr/share/kbd/keymaps/i386/qwerty/cz-lat2-prog.map.gz
usr/share/kbd/keymaps/i386/qwerty/cz-lat2.map.gz
usr/share/kbd/keymaps/i386/qwerty/cz-qwerty.map.gz
usr/share/kbd/keymaps/i386/qwerty/defkeymap.map.gz
usr/share/kbd/keymaps/i386/qwerty/defkeymap_V1.0.map.gz
usr/share/kbd/keymaps/i386/qwerty/dk-latin1.map.gz
usr/share/kbd/keymaps/i386/qwerty/dk.map.gz
usr/share/kbd/keymaps/i386/qwerty/emacs.map.gz
usr/share/kbd/keymaps/i386/qwerty/emacs2.map.gz
usr/share/kbd/keymaps/i386/qwerty/es-cp850.map.gz
usr/share/kbd/keymaps/i386/qwerty/es.map.gz
usr/share/kbd/keymaps/i386/qwerty/et-nodeadkeys.map.gz
usr/share/kbd/keymaps/i386/qwerty/et.map.gz
usr/share/kbd/keymaps/i386/qwerty/fa.map.gz
usr/share/kbd/keymaps/i386/qwerty/fi.map.gz
usr/share/kbd/keymaps/i386/qwerty/gr-pc.map.gz
usr/share/kbd/keymaps/i386/qwerty/gr.map.gz
usr/share/kbd/keymaps/i386/qwerty/hu101.map.gz
usr/share/kbd/keymaps/i386/qwerty/hypermap.m4
usr/share/kbd/keymaps/i386/qwerty/ie.map.gz
usr/share/kbd/keymaps/i386/qwerty/il-heb.map.gz
usr/share/kbd/keymaps/i386/qwerty/il-phonetic.map.gz
usr/share/kbd/keymaps/i386/qwerty/il.map.gz
usr/share/kbd/keymaps/i386/qwerty/is-latin1-us.map.gz
usr/share/kbd/keymaps/i386/qwerty/is-latin1.map.gz
usr/share/kbd/keymaps/i386/qwerty/it-ibm.map.gz
usr/share/kbd/keymaps/i386/qwerty/it.map.gz
usr/share/kbd/keymaps/i386/qwerty/it2.map.gz
usr/share/kbd/keymaps/i386/qwerty/jp106.map.gz
usr/share/kbd/keymaps/i386/qwerty/kazakh.map.gz
usr/share/kbd/keymaps/i386/qwerty/ky_alt_sh-UTF-8.map.gz
usr/share/kbd/keymaps/i386/qwerty/kyrgyz.map.gz
usr/share/kbd/keymaps/i386/qwerty/la-latin1.map.gz
usr/share/kbd/keymaps/i386/qwerty/lt.baltic.map.gz
usr/share/kbd/keymaps/i386/qwerty/lt.l4.map.gz
usr/share/kbd/keymaps/i386/qwerty/lt.map.gz
usr/share/kbd/keymaps/i386/qwerty/lv-tilde.map.gz
usr/share/kbd/keymaps/i386/qwerty/lv.map.gz
usr/share/kbd/keymaps/i386/qwerty/mk-cp1251.map.gz
usr/share/kbd/keymaps/i386/qwerty/mk-utf.map.gz
usr/share/kbd/keymaps/i386/qwerty/mk.map.gz
usr/share/kbd/keymaps/i386/qwerty/mk0.map.gz
usr/share/kbd/keymaps/i386/qwerty/nl.map.gz
usr/share/kbd/keymaps/i386/qwerty/nl2.map.gz
usr/share/kbd/keymaps/i386/qwerty/no-latin1.doc
usr/share/kbd/keymaps/i386/qwerty/no-latin1.map.gz
usr/share/kbd/keymaps/i386/qwerty/no.map.gz
usr/share/kbd/keymaps/i386/qwerty/pc110.map.gz
usr/share/kbd/keymaps/i386/qwerty/pl.map.gz
usr/share/kbd/keymaps/i386/qwerty/pl1.map.gz
usr/share/kbd/keymaps/i386/qwerty/pl2.map.gz
usr/share/kbd/keymaps/i386/qwerty/pl3.map.gz
usr/share/kbd/keymaps/i386/qwerty/pl4.map.gz
usr/share/kbd/keymaps/i386/qwerty/pt-latin1.map.gz
usr/share/kbd/keymaps/i386/qwerty/pt-latin9.map.gz
usr/share/kbd/keymaps/i386/qwerty/pt.map.gz
usr/share/kbd/keymaps/i386/qwerty/ro.map.gz
usr/share/kbd/keymaps/i386/qwerty/ro_std.map.gz
usr/share/kbd/keymaps/i386/qwerty/ru-cp1251.map.gz
usr/share/kbd/keymaps/i386/qwerty/ru-ms.map.gz
usr/share/kbd/keymaps/i386/qwerty/ru-yawerty.map.gz
usr/share/kbd/keymaps/i386/qwerty/ru.map.gz
usr/share/kbd/keymaps/i386/qwerty/ru1.map.gz
usr/share/kbd/keymaps/i386/qwerty/ru2.map.gz
usr/share/kbd/keymaps/i386/qwerty/ru3.map.gz
usr/share/kbd/keymaps/i386/qwerty/ru4.map.gz
usr/share/kbd/keymaps/i386/qwerty/ru_win.map.gz
usr/share/kbd/keymaps/i386/qwerty/ruwin_alt-CP1251.map.gz
usr/share/kbd/keymaps/i386/qwerty/ruwin_alt-KOI8-R.map.gz
usr/share/kbd/keymaps/i386/qwerty/ruwin_alt-UTF-8.map.gz
usr/share/kbd/keymaps/i386/qwerty/ruwin_alt_sh-UTF-8.map.gz
usr/share/kbd/keymaps/i386/qwerty/ruwin_cplk-CP1251.map.gz
usr/share/kbd/keymaps/i386/qwerty/ruwin_cplk-KOI8-R.map.gz
usr/share/kbd/keymaps/i386/qwerty/ruwin_cplk-UTF-8.map.gz
usr/share/kbd/keymaps/i386/qwerty/ruwin_ct_sh-CP1251.map.gz
usr/share/kbd/keymaps/i386/qwerty/ruwin_ct_sh-KOI8-R.map.gz
usr/share/kbd/keymaps/i386/qwerty/ruwin_ct_sh-UTF-8.map.gz
usr/share/kbd/keymaps/i386/qwerty/ruwin_ctrl-CP1251.map.gz
usr/share/kbd/keymaps/i386/qwerty/ruwin_ctrl-KOI8-R.map.gz
usr/share/kbd/keymaps/i386/qwerty/ruwin_ctrl-UTF-8.map.gz
usr/share/kbd/keymaps/i386/qwerty/se-fi-ir209.map.gz
usr/share/kbd/keymaps/i386/qwerty/se-fi-lat6.map.gz
usr/share/kbd/keymaps/i386/qwerty/se-ir209.map.gz
usr/share/kbd/keymaps/i386/qwerty/se-lat6.map.gz
usr/share/kbd/keymaps/i386/qwerty/se-latin1.map.gz
usr/share/kbd/keymaps/i386/qwerty/sk-prog-qwerty.map.gz
usr/share/kbd/keymaps/i386/qwerty/sk-qwerty.map.gz
usr/share/kbd/keymaps/i386/qwerty/sr-cy.map.gz
usr/share/kbd/keymaps/i386/qwerty/sv-latin1.map.gz
usr/share/kbd/keymaps/i386/qwerty/tj_alt-UTF8.map.gz
usr/share/kbd/keymaps/i386/qwerty/tr_q-latin5.map.gz
usr/share/kbd/keymaps/i386/qwerty/tralt.map.gz
usr/share/kbd/keymaps/i386/qwerty/trf.map.gz
usr/share/kbd/keymaps/i386/qwerty/trq.map.gz
usr/share/kbd/keymaps/i386/qwerty/ttwin_alt-UTF-8.map.gz
usr/share/kbd/keymaps/i386/qwerty/ttwin_cplk-UTF-8.map.gz
usr/share/kbd/keymaps/i386/qwerty/ttwin_ct_sh-UTF-8.map.gz
usr/share/kbd/keymaps/i386/qwerty/ttwin_ctrl-UTF-8.map.gz
usr/share/kbd/keymaps/i386/qwerty/ua-cp1251.map.gz
usr/share/kbd/keymaps/i386/qwerty/ua-utf-ws.map.gz
usr/share/kbd/keymaps/i386/qwerty/ua-utf.map.gz
usr/share/kbd/keymaps/i386/qwerty/ua-ws.map.gz
usr/share/kbd/keymaps/i386/qwerty/ua.map.gz
usr/share/kbd/keymaps/i386/qwerty/uk.map.gz
usr/share/kbd/keymaps/i386/qwerty/us-acentos.map.gz
usr/share/kbd/keymaps/i386/qwerty/us.map.gz
usr/share/kbd/keymaps/i386/qwerty/us1.map.gz
usr/share/kbd/keymaps/i386/qwertz/
usr/share/kbd/keymaps/i386/qwertz/croat.map.gz
usr/share/kbd/keymaps/i386/qwertz/cz-us-qwertz.map.gz
usr/share/kbd/keymaps/i386/qwertz/cz.map.gz
usr/share/kbd/keymaps/i386/qwertz/de-latin1-nodeadkeys.map.gz
usr/share/kbd/keymaps/i386/qwertz/de-latin1.map.gz
usr/share/kbd/keymaps/i386/qwertz/de-mobii.map.gz
usr/share/kbd/keymaps/i386/qwertz/de.map.gz
usr/share/kbd/keymaps/i386/qwertz/de_CH-latin1.map.gz
usr/share/kbd/keymaps/i386/qwertz/de_alt_UTF-8.map.gz
usr/share/kbd/keymaps/i386/qwertz/fr_CH-latin1.map.gz
usr/share/kbd/keymaps/i386/qwertz/fr_CH.map.gz
usr/share/kbd/keymaps/i386/qwertz/hu.map.gz
usr/share/kbd/keymaps/i386/qwertz/sg-latin1-lk450.map.gz
usr/share/kbd/keymaps/i386/qwertz/sg-latin1.map.gz
usr/share/kbd/keymaps/i386/qwertz/sg.map.gz
usr/share/kbd/keymaps/i386/qwertz/sk-prog-qwertz.map.gz
usr/share/kbd/keymaps/i386/qwertz/sk-qwertz.map.gz
usr/share/kbd/keymaps/i386/qwertz/slovene.map.gz
usr/share/kbd/keymaps/i386/qwertz/sr-latin.map.gz
usr/share/kbd/keymaps/include/
usr/share/kbd/keymaps/include/compose.8859_7
usr/share/kbd/keymaps/include/compose.8859_8
usr/share/kbd/keymaps/include/compose.latin
usr/share/kbd/keymaps/include/compose.latin1
usr/share/kbd/keymaps/include/compose.latin2
usr/share/kbd/keymaps/include/compose.latin3
usr/share/kbd/keymaps/include/compose.latin4
usr/share/kbd/keymaps/include/vim-compose.latin1
usr/share/kbd/keymaps/mac/
usr/share/kbd/keymaps/mac/all/
usr/share/kbd/keymaps/mac/all/apple-a1048-sv.map.gz
usr/share/kbd/keymaps/mac/all/apple-a1243-sv-fn-reverse.map.gz
usr/share/kbd/keymaps/mac/all/apple-a1243-sv.map.gz
usr/share/kbd/keymaps/mac/all/apple-internal-0x0253-sv-fn-reverse.map.gz
usr/share/kbd/keymaps/mac/all/apple-internal-0x0253-sv.map.gz
usr/share/kbd/keymaps/mac/all/mac-be.map.gz
usr/share/kbd/keymaps/mac/all/mac-de-latin1-nodeadkeys.map.gz
usr/share/kbd/keymaps/mac/all/mac-de-latin1.map.gz
usr/share/kbd/keymaps/mac/all/mac-de_CH.map.gz
usr/share/kbd/keymaps/mac/all/mac-dk-latin1.map.gz
usr/share/kbd/keymaps/mac/all/mac-dvorak.map.gz
usr/share/kbd/keymaps/mac/all/mac-es.map.gz
usr/share/kbd/keymaps/mac/all/mac-fi-latin1.map.gz
usr/share/kbd/keymaps/mac/all/mac-fr-legacy.map.gz
usr/share/kbd/keymaps/mac/all/mac-fr.map.gz
usr/share/kbd/keymaps/mac/all/mac-fr_CH-latin1.map.gz
usr/share/kbd/keymaps/mac/all/mac-it.map.gz
usr/share/kbd/keymaps/mac/all/mac-no-latin1.map.gz
usr/share/kbd/keymaps/mac/all/mac-pl.map.gz
usr/share/kbd/keymaps/mac/all/mac-pt-latin1.map.gz
usr/share/kbd/keymaps/mac/all/mac-se.map.gz
usr/share/kbd/keymaps/mac/all/mac-template.map.gz
usr/share/kbd/keymaps/mac/all/mac-uk.map.gz
usr/share/kbd/keymaps/mac/all/mac-us.map.gz
usr/share/kbd/keymaps/mac/include/
usr/share/kbd/keymaps/mac/include/apple-a1048-base.inc
usr/share/kbd/keymaps/mac/include/apple-a1243-fn-reverse.inc
usr/share/kbd/keymaps/mac/include/apple-a1243-fn.inc
usr/share/kbd/keymaps/mac/include/mac-azerty-layout.inc
usr/share/kbd/keymaps/mac/include/mac-euro.map.gz
usr/share/kbd/keymaps/mac/include/mac-euro2.map.gz
usr/share/kbd/keymaps/mac/include/mac-linux-keys-bare.inc
usr/share/kbd/keymaps/mac/include/mac-qwerty-layout.inc
usr/share/kbd/keymaps/mac/include/mac-qwertz-layout.inc
usr/share/kbd/keymaps/pine/
usr/share/kbd/keymaps/pine/en.map.gz
usr/share/kbd/keymaps/sun/
usr/share/kbd/keymaps/sun/sun-pl-altgraph.map.gz
usr/share/kbd/keymaps/sun/sun-pl.map.gz
usr/share/kbd/keymaps/sun/sundvorak.map.gz
usr/share/kbd/keymaps/sun/sunkeymap.map.gz
usr/share/kbd/keymaps/sun/sunt4-es.map.gz
usr/share/kbd/keymaps/sun/sunt4-fi-latin1.map.gz
usr/share/kbd/keymaps/sun/sunt4-no-latin1.map.gz
usr/share/kbd/keymaps/sun/sunt5-cz-us.map.gz
usr/share/kbd/keymaps/sun/sunt5-de-latin1.map.gz
usr/share/kbd/keymaps/sun/sunt5-es.map.gz
usr/share/kbd/keymaps/sun/sunt5-fi-latin1.map.gz
usr/share/kbd/keymaps/sun/sunt5-fr-latin1.map.gz
usr/share/kbd/keymaps/sun/sunt5-ru.map.gz
usr/share/kbd/keymaps/sun/sunt5-uk.map.gz
usr/share/kbd/keymaps/sun/sunt5-us-cz.map.gz
usr/share/kbd/keymaps/sun/sunt6-uk.map.gz
usr/share/kbd/unimaps/
usr/share/kbd/unimaps/8859-1.a0-ff.uni
usr/share/kbd/unimaps/8859-10.a0-ff.uni
usr/share/kbd/unimaps/8859-13.a0-ff.uni
usr/share/kbd/unimaps/8859-14.a0-ff.uni
usr/share/kbd/unimaps/8859-15.a0-ff.uni
usr/share/kbd/unimaps/8859-2.a0-ff.uni
usr/share/kbd/unimaps/8859-3.a0-ff.uni
usr/share/kbd/unimaps/8859-4.a0-ff.uni
usr/share/kbd/unimaps/8859-5.a0-ff.uni
usr/share/kbd/unimaps/8859-6.a0-ff.uni
usr/share/kbd/unimaps/8859-7.a0-ff.uni
usr/share/kbd/unimaps/8859-8.a0-ff.uni
usr/share/kbd/unimaps/8859-9.a0-ff.uni
usr/share/kbd/unimaps/ECMA144.uni
usr/share/kbd/unimaps/README
usr/share/kbd/unimaps/armscii8.uni
usr/share/kbd/unimaps/ascii.20-7f.uni
usr/share/kbd/unimaps/cp1250.uni
usr/share/kbd/unimaps/cp437.00-1f.uni
usr/share/kbd/unimaps/cp437.uni
usr/share/kbd/unimaps/cp737.uni
usr/share/kbd/unimaps/cp737a.uni
usr/share/kbd/unimaps/cp737b.uni
usr/share/kbd/unimaps/cp737c.uni
usr/share/kbd/unimaps/cp850.uni
usr/share/kbd/unimaps/cp850a.uni
usr/share/kbd/unimaps/cp850b.uni
usr/share/kbd/unimaps/cp850z.uni
usr/share/kbd/unimaps/cp865.uni
usr/share/kbd/unimaps/cp865a.uni
usr/share/kbd/unimaps/cp866.uni
usr/share/kbd/unimaps/cp866a.uni
usr/share/kbd/unimaps/cybercafe.uni
usr/share/kbd/unimaps/cyralt.uni
usr/share/kbd/unimaps/def.uni
usr/share/kbd/unimaps/empty.uni
usr/share/kbd/unimaps/ethiopic.uni
usr/share/kbd/unimaps/iso01.uni
usr/share/kbd/unimaps/iso02.uni
usr/share/kbd/unimaps/iso03.uni
usr/share/kbd/unimaps/iso04.uni
usr/share/kbd/unimaps/iso05.uni
usr/share/kbd/unimaps/iso06.uni
usr/share/kbd/unimaps/iso07.uni
usr/share/kbd/unimaps/iso07u.uni
usr/share/kbd/unimaps/iso08.uni
usr/share/kbd/unimaps/iso09.uni
usr/share/kbd/unimaps/iso10.uni
usr/share/kbd/unimaps/iso15.uni
usr/share/kbd/unimaps/koi8r.uni
usr/share/kbd/unimaps/koi8u.uni
usr/share/kbd/unimaps/lat1.uni
usr/share/kbd/unimaps/lat1u.uni
usr/share/kbd/unimaps/lat2.uni
usr/share/kbd/unimaps/lat2u.uni
usr/share/kbd/unimaps/lat4.uni
usr/share/kbd/unimaps/lat4u.uni
usr/share/kbd/unimaps/lat7.uni
usr/share/kbd/unimaps/lat9u.uni
usr/share/kbd/unimaps/lat9v.uni
usr/share/kbd/unimaps/lat9w.uni
usr/share/kbd/unimaps/ruscii.uni
usr/share/kbd/unimaps/tcvn.uni
usr/share/kbd/unimaps/viscii.uni
usr/share/locale/
usr/share/locale/cs/
usr/share/locale/cs/LC_MESSAGES/
usr/share/locale/cs/LC_MESSAGES/kbd.mo
usr/share/locale/da/
usr/share/locale/da/LC_MESSAGES/
usr/share/locale/da/LC_MESSAGES/kbd.mo
usr/share/locale/de/
usr/share/locale/de/LC_MESSAGES/
usr/share/locale/de/LC_MESSAGES/kbd.mo
usr/share/locale/el/
usr/share/locale/el/LC_MESSAGES/
usr/share/locale/el/LC_MESSAGES/kbd.mo
usr/share/locale/eo/
usr/share/locale/eo/LC_MESSAGES/
usr/share/locale/eo/LC_MESSAGES/kbd.mo
usr/share/locale/es/
usr/share/locale/es/LC_MESSAGES/
usr/share/locale/es/LC_MESSAGES/kbd.mo
usr/share/locale/fr/
usr/share/locale/fr/LC_MESSAGES/
usr/share/locale/fr/LC_MESSAGES/kbd.mo
usr/share/locale/gr/
usr/share/locale/gr/LC_MESSAGES/
usr/share/locale/gr/LC_MESSAGES/kbd.mo
usr/share/locale/id/
usr/share/locale/id/LC_MESSAGES/
usr/share/locale/id/LC_MESSAGES/kbd.mo
usr/share/locale/it/
usr/share/locale/it/LC_MESSAGES/
usr/share/locale/it/LC_MESSAGES/kbd.mo
usr/share/locale/nl/
usr/share/locale/nl/LC_MESSAGES/
usr/share/locale/nl/LC_MESSAGES/kbd.mo
usr/share/locale/pl/
usr/share/locale/pl/LC_MESSAGES/
usr/share/locale/pl/LC_MESSAGES/kbd.mo
usr/share/locale/pt/
usr/share/locale/pt/LC_MESSAGES/
usr/share/locale/pt/LC_MESSAGES/kbd.mo
usr/share/locale/pt_BR/
usr/share/locale/pt_BR/LC_MESSAGES/
usr/share/locale/pt_BR/LC_MESSAGES/kbd.mo
usr/share/locale/ro/
usr/share/locale/ro/LC_MESSAGES/
usr/share/locale/ro/LC_MESSAGES/kbd.mo
usr/share/locale/ru/
usr/share/locale/ru/LC_MESSAGES/
usr/share/locale/ru/LC_MESSAGES/kbd.mo
usr/share/locale/sr/
usr/share/locale/sr/LC_MESSAGES/
usr/share/locale/sr/LC_MESSAGES/kbd.mo
usr/share/locale/sv/
usr/share/locale/sv/LC_MESSAGES/
usr/share/locale/sv/LC_MESSAGES/kbd.mo
usr/share/locale/tr/
usr/share/locale/tr/LC_MESSAGES/
usr/share/locale/tr/LC_MESSAGES/kbd.mo
usr/share/locale/uk/
usr/share/locale/uk/LC_MESSAGES/
usr/share/locale/uk/LC_MESSAGES/kbd.mo
usr/share/locale/vi/
usr/share/locale/vi/LC_MESSAGES/
usr/share/locale/vi/LC_MESSAGES/kbd.mo
usr/share/locale/zh_CN/
usr/share/locale/zh_CN/LC_MESSAGES/
usr/share/locale/zh_CN/LC_MESSAGES/kbd.mo
usr/src/
usr/src/kbd-2.6.3/
usr/src/kbd-2.6.3/SLKBUILD
usr/src/kbd-2.6.3/extraf.tgz
usr/src/kbd-2.6.3/fix-euro2.patch
usr/src/kbd-2.6.3/kbd-1.15-backspace-1.patch.gz
usr/src/kbd-2.6.3/setconsolefont
usr/src/kbd-2.6.3/setup.setconsolefont
usr/src/kbd-2.6.3/vlock.pam
var/
var/log/
var/log/setup/
var/log/setup/setup.setconsolefont

Slackware package /home/sektor/projects/slackbuilds/a/kbd/kbd-2.6.3-x86_64-1slint.txz created.

Package has been built.
Cleaning pkg and src directories
